{
    "f06": {
        "class": "F06",
        "include_startup": false,
        "runs": [
            0.0015370845794677734,
            0.0014078617095947266,
            0.0014290809631347656,
            0.0013990402221679688,
            0.0014071464538574219,
            0.0017781257629394531,
            0.0015840530395507812,
            0.0016279220581054688,
            0.0016140937805175781,
            0.0015950202941894531
        ],
        "average": 0.0015379428863525391,
        "min": 0.0013990402221679688,
        "max": 0.0017781257629394531
    },
    "f06_startup": {
        "class": "F06",
        "include_startup": true,
        "runs": [
            0.003247976303100586,
            0.001744985580444336,
            0.0017180442810058594,
            0.001850128173828125,
            0.0016980171203613281,
            0.0031859874725341797,
            0.0017669200897216797,
            0.0017371177673339844,
            0.001753091812133789,
            0.0017359256744384766
        ],
        "average": 0.0020438194274902343,
        "min": 0.0016980171203613281,
        "max": 0.003247976303100586
    },
    "fin06": {
        "class": "FIn06",
        "include_startup": false,
        "runs": [
            0.001750946044921875,
            0.0016369819641113281,
            0.0016040802001953125,
            0.0016009807586669922,
            0.0016009807586669922,
            0.0017108917236328125,
            0.0015709400177001953,
            0.0015799999237060547,
            0.001580953598022461,
            0.001573801040649414
        ],
        "average": 0.0016210556030273437,
        "min": 0.0015709400177001953,
        "max": 0.001750946044921875
    },
    "fin06_startup": {
        "class": "FIn06",
        "include_startup": true,
        "runs": [
            0.003202199935913086,
            0.0017480850219726562,
            0.0017919540405273438,
            0.0017819404602050781,
            0.0018160343170166016,
            0.002588033676147461,
            0.00150299072265625,
            0.001455068588256836,
            0.0014460086822509766,
            0.0014910697937011719
        ],
        "average": 0.0018823385238647462,
        "min": 0.0014460086822509766,
        "max": 0.003202199935913086
    },
    "p16": {
        "class": "P16",
        "include_startup": false,
        "runs": [
            0.004141092300415039,
            0.005337953567504883,
            0.0054111480712890625,
            0.005438089370727539,
            0.00527501106262207,
            0.005383968353271484,
            0.00541377067565918,
            0.00524592399597168,
            0.0046100616455078125,
            0.005682945251464844
        ],
        "average": 0.0051939964294433595,
        "min": 0.004141092300415039,
        "max": 0.005682945251464844
    },
    "p16_startup": {
        "class": "P16",
        "include_startup": true,
        "runs": [
            0.006796836853027344,
            0.0057621002197265625,
            0.006657838821411133,
            0.006757020950317383,
            0.006654024124145508,
            0.0067098140716552734,
            0.006601095199584961,
            0.005781888961791992,
            0.006832122802734375,
            0.00675201416015625
        ],
        "average": 0.006530475616455078,
        "min": 0.0057621002197265625,
        "max": 0.006832122802734375
    },
    "pin16": {
        "class": "PIn16",
        "include_startup": false,
        "runs": [
            0.0018630027770996094,
            0.0018548965454101562,
            0.0018401145935058594,
            0.001789093017578125,
            0.0021431446075439453,
            0.0018889904022216797,
            0.0018401145935058594,
            0.0018110275268554688,
            0.0018267631530761719,
            0.0017888545989990234
        ],
        "average": 0.0018646001815795898,
        "min": 0.0017888545989990234,
        "max": 0.0021431446075439453
    },
    "pin16_startup": {
        "class": "PIn16",
        "include_startup": true,
        "runs": [
            0.0032999515533447266,
            0.0032138824462890625,
            0.0032291412353515625,
            0.0031881332397460938,
            0.0025060176849365234,
            0.0032911300659179688,
            0.003239154815673828,
            0.0033020973205566406,
            0.003187894821166992,
            0.003304004669189453
        ],
        "average": 0.0031761407852172853,
        "min": 0.0025060176849365234,
        "max": 0.003304004669189453
    }
}