{
    "f06": {
        "class": "F06",
        "include_startup": false,
        "runs": [
            0.0017518997192382812,
            0.001611948013305664,
            0.0016050338745117188,
            0.0015921592712402344,
            0.001600027084350586,
            0.0017480850219726562,
            0.0015790462493896484,
            0.0015769004821777344,
            0.001547098159790039,
            0.0015718936920166016
        ],
        "average": 0.0016184091567993165,
        "min": 0.001547098159790039,
        "max": 0.0017518997192382812
    },
    "f06_startup": {
        "class": "F06",
        "include_startup": true,
        "runs": [
            0.0032129287719726562,
            0.0017390251159667969,
            0.0017521381378173828,
            0.001753091812133789,
            0.001737833023071289,
            0.003195047378540039,
            0.0017151832580566406,
            0.0017230510711669922,
            0.001728057861328125,
            0.0017201900482177734
        ],
        "average": 0.0020276546478271485,
        "min": 0.0017151832580566406,
        "max": 0.0032129287719726562
    },
    "fin06": {
        "class": "FIn06",
        "include_startup": false,
        "runs": [
            0.0016949176788330078,
            0.0015549659729003906,
            0.0015759468078613281,
            0.001583099365234375,
            0.0015728473663330078,
            0.001722097396850586,
            0.0016260147094726562,
            0.0016388893127441406,
            0.001631021499633789,
            0.0015821456909179688
        ],
        "average": 0.001618194580078125,
        "min": 0.0015549659729003906,
        "max": 0.001722097396850586
    },
    "fin06_startup": {
        "class": "FIn06",
        "include_startup": true,
        "runs": [
            0.003248929977416992,
            0.0017559528350830078,
            0.0017290115356445312,
            0.0017478466033935547,
            0.0017659664154052734,
            0.003165006637573242,
            0.0017170906066894531,
            0.0016770362854003906,
            0.0016880035400390625,
            0.0016601085662841797
        ],
        "average": 0.002015495300292969,
        "min": 0.0016601085662841797,
        "max": 0.003248929977416992
    },
    "p16": {
        "class": "P16",
        "include_startup": false,
        "runs": [
            0.0046520233154296875,
            0.005321025848388672,
            0.005480051040649414,
            0.00532984733581543,
            0.004687070846557617,
            0.005300045013427734,
            0.00543522834777832,
            0.0052411556243896484,
            0.005347013473510742,
            0.005257129669189453
        ],
        "average": 0.0052050590515136715,
        "min": 0.0046520233154296875,
        "max": 0.005480051040649414
    },
    "p16_startup": {
        "class": "P16",
        "include_startup": true,
        "runs": [
            0.006634950637817383,
            0.006697893142700195,
            0.0069768428802490234,
            0.006638050079345703,
            0.006628990173339844,
            0.005177021026611328,
            0.0056879520416259766,
            0.006762027740478516,
            0.007069110870361328,
            0.006612062454223633
        ],
        "average": 0.006488490104675293,
        "min": 0.005177021026611328,
        "max": 0.007069110870361328
    },
    "pin16": {
        "class": "PIn16",
        "include_startup": false,
        "runs": [
            0.0018398761749267578,
            0.0017931461334228516,
            0.0018160343170166016,
            0.0018239021301269531,
            0.0017881393432617188,
            0.0018260478973388672,
            0.0018208026885986328,
            0.0015630722045898438,
            0.0018091201782226562,
            0.0015459060668945312
        ],
        "average": 0.0017626047134399413,
        "min": 0.0015459060668945312,
        "max": 0.0018398761749267578
    },
    "pin16_startup": {
        "class": "PIn16",
        "include_startup": true,
        "runs": [
            0.0032699108123779297,
            0.003248929977416992,
            0.0032341480255126953,
            0.003192901611328125,
            0.0033240318298339844,
            0.003504037857055664,
            0.0032091140747070312,
            0.0033299922943115234,
            0.003283977508544922,
            0.003142833709716797
        ],
        "average": 0.0032739877700805665,
        "min": 0.003142833709716797,
        "max": 0.003504037857055664
    }
}