{
    "f06": {
        "class": "F06",
        "include_startup": false,
        "runs": [
            0.40704989433288574,
            0.4013850688934326,
            0.3564260005950928,
            0.4118690490722656,
            0.4171609878540039,
            0.34128618240356445,
            0.3117709159851074,
            0.3614501953125,
            0.3573591709136963,
            0.40215110778808594
        ],
        "average": 0.37679085731506345,
        "min": 0.3117709159851074,
        "max": 0.4171609878540039
    },
    "f06_startup": {
        "class": "F06",
        "include_startup": true,
        "runs": [
            0.4091310501098633,
            0.4003620147705078,
            0.4125208854675293,
            0.3530740737915039,
            0.39975905418395996,
            0.41386890411376953,
            0.3970670700073242,
            0.4019038677215576,
            0.40259814262390137,
            0.406527042388916
        ],
        "average": 0.3996812105178833,
        "min": 0.3530740737915039,
        "max": 0.41386890411376953
    }
}