{
    "f06": {
        "class": "F06",
        "include_startup": false,
        "runs": [
            0.3955810070037842,
            0.39880895614624023,
            0.4071018695831299,
            0.4049668312072754,
            0.4109489917755127,
            0.41403985023498535,
            0.40418195724487305,
            0.4053680896759033,
            0.4065980911254883,
            0.40139198303222656
        ],
        "average": 0.4048987627029419,
        "min": 0.3955810070037842,
        "max": 0.41403985023498535
    },
    "f06_startup": {
        "class": "F06",
        "include_startup": true,
        "runs": [
            0.410473108291626,
            0.4038879871368408,
            0.3172619342803955,
            0.35164499282836914,
            0.3985130786895752,
            0.4041709899902344,
            0.40251588821411133,
            0.40609288215637207,
            0.4010159969329834,
            0.4106619358062744
        ],
        "average": 0.39062387943267823,
        "min": 0.3172619342803955,
        "max": 0.4106619358062744
    }
}