{
    "f06": {
        "class": "F06",
        "include_startup": false,
        "runs": [
            0.06950807571411133,
            0.070220947265625,
            0.06916499137878418,
            0.07046294212341309,
            0.06919503211975098,
            0.07160615921020508,
            0.07027602195739746,
            0.07076215744018555,
            0.07336306571960449,
            0.07009005546569824
        ],
        "average": 0.07046494483947754,
        "min": 0.06916499137878418,
        "max": 0.07336306571960449
    },
    "f06_startup": {
        "class": "F06",
        "include_startup": true,
        "runs": [
            0.07195401191711426,
            0.07131195068359375,
            0.07204198837280273,
            0.07268095016479492,
            0.07144498825073242,
            0.07003903388977051,
            0.06908392906188965,
            0.0695350170135498,
            0.06865310668945312,
            0.0696568489074707
        ],
        "average": 0.07064018249511719,
        "min": 0.06865310668945312,
        "max": 0.07268095016479492
    },
    "p16": {
        "class": "P16",
        "include_startup": false,
        "runs": [
            10.020724058151245,
            10.481472969055176,
            10.163701057434082,
            10.266762971878052,
            10.192650079727173,
            10.166627168655396,
            9.948896169662476,
            7.779700040817261,
            8.90811800956726,
            8.84198808670044
        ],
        "average": 9.677064061164856,
        "min": 7.779700040817261,
        "max": 10.481472969055176
    },
    "p16_startup": {
        "class": "P16",
        "include_startup": true,
        "runs": [
            10.20558500289917,
            10.37918496131897,
            7.537775993347168,
            10.27678894996643,
            9.794432878494263,
            8.74772596359253,
            9.930726051330566,
            8.782056093215942,
            10.165807008743286,
            10.192260026931763
        ],
        "average": 9.601234292984008,
        "min": 7.537775993347168,
        "max": 10.37918496131897
    }
}