{
    "f06": {
        "class": "F06",
        "include_startup": false,
        "runs": [
            0.0007150173187255859,
            0.0006620883941650391,
            0.0007069110870361328,
            0.0007228851318359375,
            0.0007090568542480469,
            0.0008530616760253906,
            0.0008790493011474609,
            0.000865936279296875,
            0.000843048095703125,
            0.0008301734924316406
        ],
        "average": 0.0007787227630615234,
        "min": 0.0006620883941650391,
        "max": 0.0008790493011474609
    },
    "f06_startup": {
        "class": "F06",
        "include_startup": true,
        "runs": [
            0.0023059844970703125,
            0.0018389225006103516,
            0.0018718242645263672,
            0.001834869384765625,
            0.0017800331115722656,
            0.002171039581298828,
            0.0018010139465332031,
            0.0017809867858886719,
            0.0017819404602050781,
            0.0017671585083007812
        ],
        "average": 0.0018933773040771484,
        "min": 0.0017671585083007812,
        "max": 0.0023059844970703125
    },
    "fin06": {
        "class": "FIn06",
        "include_startup": false,
        "runs": [
            0.0008349418640136719,
            0.0008559226989746094,
            0.0008180141448974609,
            0.0008399486541748047,
            0.0008227825164794922,
            0.0007081031799316406,
            0.0006549358367919922,
            0.0006339550018310547,
            0.0006279945373535156,
            0.0006570816040039062
        ],
        "average": 0.0007453680038452149,
        "min": 0.0006279945373535156,
        "max": 0.0008559226989746094
    },
    "fin06_startup": {
        "class": "FIn06",
        "include_startup": true,
        "runs": [
            0.0019059181213378906,
            0.0014948844909667969,
            0.0014510154724121094,
            0.0014729499816894531,
            0.0014340877532958984,
            0.0022389888763427734,
            0.0018591880798339844,
            0.0018219947814941406,
            0.0018100738525390625,
            0.0020508766174316406
        ],
        "average": 0.001753997802734375,
        "min": 0.0014340877532958984,
        "max": 0.0022389888763427734
    },
    "p16": {
        "class": "P16",
        "include_startup": false,
        "runs": [
            0.0008831024169921875,
            0.0008871555328369141,
            0.0008749961853027344,
            0.0006899833679199219,
            0.0008490085601806641,
            0.0008988380432128906,
            0.0008869171142578125,
            0.000865936279296875,
            0.0008599758148193359,
            0.0008769035339355469
        ],
        "average": 0.0008572816848754882,
        "min": 0.0006899833679199219,
        "max": 0.0008988380432128906
    },
    "p16_startup": {
        "class": "P16",
        "include_startup": true,
        "runs": [
            0.0022881031036376953,
            0.0022330284118652344,
            0.0021839141845703125,
            0.0022199153900146484,
            0.0022399425506591797,
            0.0022051334381103516,
            0.002238035202026367,
            0.002270936965942383,
            0.0023598670959472656,
            0.002290010452270508
        ],
        "average": 0.0022528886795043944,
        "min": 0.0021839141845703125,
        "max": 0.0023598670959472656
    },
    "pin16": {
        "class": "PIn16",
        "include_startup": false,
        "runs": [
            0.0008680820465087891,
            0.0008699893951416016,
            0.0008790493011474609,
            0.0008800029754638672,
            0.0007121562957763672,
            0.0008559226989746094,
            0.0008840560913085938,
            0.0008728504180908203,
            0.000881195068359375,
            0.0008959770202636719
        ],
        "average": 0.0008599281311035157,
        "min": 0.0007121562957763672,
        "max": 0.0008959770202636719
    },
    "pin16_startup": {
        "class": "PIn16",
        "include_startup": true,
        "runs": [
            0.00173187255859375,
            0.002218008041381836,
            0.002354860305786133,
            0.0022499561309814453,
            0.0022051334381103516,
            0.0018689632415771484,
            0.0018248558044433594,
            0.0023038387298583984,
            0.002398967742919922,
            0.0023429393768310547
        ],
        "average": 0.00214993953704834,
        "min": 0.00173187255859375,
        "max": 0.002398967742919922
    }
}