{
    "f06": {
        "class": "F06",
        "include_startup": false,
        "runs": [
            0.0008490085601806641,
            0.0008101463317871094,
            0.0008139610290527344,
            0.0008060932159423828,
            0.0008101463317871094,
            0.0008249282836914062,
            0.0008370876312255859,
            0.0007960796356201172,
            0.0008089542388916016,
            0.0008230209350585938
        ],
        "average": 0.0008179426193237304,
        "min": 0.0007960796356201172,
        "max": 0.0008490085601806641
    },
    "f06_startup": {
        "class": "F06",
        "include_startup": true,
        "runs": [
            0.0018470287322998047,
            0.0014989376068115234,
            0.0014469623565673828,
            0.0014948844909667969,
            0.0014691352844238281,
            0.0022249221801757812,
            0.0018019676208496094,
            0.001773834228515625,
            0.0017971992492675781,
            0.0017998218536376953
        ],
        "average": 0.0017154693603515625,
        "min": 0.0014469623565673828,
        "max": 0.0022249221801757812
    },
    "fin06": {
        "class": "FIn06",
        "include_startup": false,
        "runs": [
            0.0008380413055419922,
            0.0008549690246582031,
            0.000843048095703125,
            0.0008327960968017578,
            0.0008518695831298828,
            0.0008599758148193359,
            0.0008568763732910156,
            0.0008590221405029297,
            0.0008471012115478516,
            0.0008628368377685547
        ],
        "average": 0.0008506536483764649,
        "min": 0.0008327960968017578,
        "max": 0.0008628368377685547
    },
    "fin06_startup": {
        "class": "FIn06",
        "include_startup": true,
        "runs": [
            0.002262115478515625,
            0.0018200874328613281,
            0.0018279552459716797,
            0.001814126968383789,
            0.0018138885498046875,
            0.0023539066314697266,
            0.0018930435180664062,
            0.0018088817596435547,
            0.0018579959869384766,
            0.0018301010131835938
        ],
        "average": 0.0019282102584838867,
        "min": 0.0018088817596435547,
        "max": 0.0023539066314697266
    },
    "p16": {
        "class": "P16",
        "include_startup": false,
        "runs": [
            0.0008828639984130859,
            0.0008978843688964844,
            0.0008828639984130859,
            0.0008740425109863281,
            0.0007719993591308594,
            0.0007710456848144531,
            0.000865936279296875,
            0.0008990764617919922,
            0.0008769035339355469,
            0.0008728504180908203
        ],
        "average": 0.0008595466613769531,
        "min": 0.0007710456848144531,
        "max": 0.0008990764617919922
    },
    "p16_startup": {
        "class": "P16",
        "include_startup": true,
        "runs": [
            0.0022330284118652344,
            0.0018301010131835938,
            0.0022389888763427734,
            0.0022249221801757812,
            0.002228975296020508,
            0.002279996871948242,
            0.0022161006927490234,
            0.002215147018432617,
            0.0018429756164550781,
            0.0019040107727050781
        ],
        "average": 0.002121424674987793,
        "min": 0.0018301010131835938,
        "max": 0.002279996871948242
    },
    "pin16": {
        "class": "PIn16",
        "include_startup": false,
        "runs": [
            0.0008859634399414062,
            0.0008709430694580078,
            0.0006949901580810547,
            0.0008530616760253906,
            0.0008630752563476562,
            0.0008728504180908203,
            0.0008950233459472656,
            0.0008780956268310547,
            0.0009410381317138672,
            0.0008618831634521484
        ],
        "average": 0.0008616924285888671,
        "min": 0.0006949901580810547,
        "max": 0.0009410381317138672
    },
    "pin16_startup": {
        "class": "PIn16",
        "include_startup": true,
        "runs": [
            0.0022192001342773438,
            0.001767873764038086,
            0.0022809505462646484,
            0.001722097396850586,
            0.002228975296020508,
            0.002137899398803711,
            0.002273082733154297,
            0.002402067184448242,
            0.0018839836120605469,
            0.0022618770599365234
        ],
        "average": 0.0021178007125854494,
        "min": 0.001722097396850586,
        "max": 0.002402067184448242
    }
}