{
    "f06": {
        "class": "F06",
        "include_startup": false,
        "runs": [
            0.06232404708862305,
            0.06206703186035156,
            0.06230497360229492,
            0.062188148498535156,
            0.062111854553222656,
            0.07037901878356934,
            0.07077789306640625,
            0.07940816879272461,
            0.06911706924438477,
            0.0695350170135498
        ],
        "average": 0.06702132225036621,
        "min": 0.06206703186035156,
        "max": 0.07940816879272461
    },
    "f06_startup": {
        "class": "F06",
        "include_startup": true,
        "runs": [
            0.07139110565185547,
            0.07132315635681152,
            0.0731039047241211,
            0.06952786445617676,
            0.07133603096008301,
            0.07198810577392578,
            0.06210899353027344,
            0.062072038650512695,
            0.06226515769958496,
            0.062026023864746094
        ],
        "average": 0.06771423816680908,
        "min": 0.062026023864746094,
        "max": 0.0731039047241211
    },
    "p16": {
        "class": "P16",
        "include_startup": false,
        "runs": [
            10.33274793624878,
            10.360574960708618,
            10.580372095108032,
            7.65863299369812,
            9.913352966308594,
            10.287491083145142,
            10.244830131530762,
            10.050559043884277,
            10.294085025787354,
            10.43647813796997
        ],
        "average": 10.015912437438965,
        "min": 7.65863299369812,
        "max": 10.580372095108032
    },
    "p16_startup": {
        "class": "P16",
        "include_startup": true,
        "runs": [
            10.357870817184448,
            8.838025093078613,
            10.187144041061401,
            10.199221849441528,
            10.320036172866821,
            10.591474056243896,
            10.124722957611084,
            10.15830397605896,
            9.937801837921143,
            10.160530805587769
        ],
        "average": 10.087513160705566,
        "min": 8.838025093078613,
        "max": 10.591474056243896
    }
}