{
    "f06": {
        "class": "F06",
        "include_startup": false,
        "runs": [
            0.0008449554443359375,
            0.0008308887481689453,
            0.0008270740509033203,
            0.0007770061492919922,
            0.0008170604705810547,
            0.0007879734039306641,
            0.0008070468902587891,
            0.0008020401000976562,
            0.0007989406585693359,
            0.0007989406585693359
        ],
        "average": 0.0008091926574707031,
        "min": 0.0007770061492919922,
        "max": 0.0008449554443359375
    },
    "f06_startup": {
        "class": "F06",
        "include_startup": true,
        "runs": [
            0.0020351409912109375,
            0.0008580684661865234,
            0.000804901123046875,
            0.000843048095703125,
            0.0008220672607421875,
            0.0008788108825683594,
            0.000827789306640625,
            0.0008242130279541016,
            0.0008559226989746094,
            0.0008111000061035156
        ],
        "average": 0.0009561061859130859,
        "min": 0.000804901123046875,
        "max": 0.0020351409912109375
    },
    "p16": {
        "class": "P16",
        "include_startup": false,
        "runs": [
            0.0008940696716308594,
            0.0007779598236083984,
            0.0008339881896972656,
            0.0007741451263427734,
            0.0007650852203369141,
            0.0007791519165039062,
            0.0007700920104980469,
            0.0007810592651367188,
            0.0007929801940917969,
            0.000743865966796875
        ],
        "average": 0.0007912397384643554,
        "min": 0.000743865966796875,
        "max": 0.0008940696716308594
    },
    "p16_startup": {
        "class": "P16",
        "include_startup": true,
        "runs": [
            0.0021131038665771484,
            0.0009379386901855469,
            0.0009322166442871094,
            0.000946044921875,
            0.0009379386901855469,
            0.00090789794921875,
            0.0009310245513916016,
            0.0009191036224365234,
            0.0009160041809082031,
            0.0009109973907470703
        ],
        "average": 0.00104522705078125,
        "min": 0.00090789794921875,
        "max": 0.0021131038665771484
    },
    "z26": {
        "class": "Z26",
        "include_startup": false,
        "runs": [
            0.0009889602661132812,
            0.0007829666137695312,
            0.000782012939453125,
            0.0007939338684082031,
            0.0007719993591308594,
            0.0007610321044921875,
            0.0007760524749755859,
            0.0007729530334472656,
            0.0007829666137695312,
            0.0007708072662353516
        ],
        "average": 0.0007983684539794922,
        "min": 0.0007610321044921875,
        "max": 0.0009889602661132812
    },
    "z26_startup": {
        "class": "Z26",
        "include_startup": true,
        "runs": [
            0.0021889209747314453,
            0.001009225845336914,
            0.0009949207305908203,
            0.000965118408203125,
            0.0009629726409912109,
            0.0009579658508300781,
            0.0009531974792480469,
            0.001071929931640625,
            0.0009260177612304688,
            0.0009660720825195312
        ],
        "average": 0.0010996341705322265,
        "min": 0.0009260177612304688,
        "max": 0.0021889209747314453
    }
}