{
    "f06": {
        "class": "F06",
        "include_startup": false,
        "runs": [
            0.0008590221405029297,
            0.0008268356323242188,
            0.0007679462432861328,
            0.0007460117340087891,
            0.0007560253143310547,
            0.000762939453125,
            0.0007770061492919922,
            0.0007529258728027344,
            0.0007879734039306641,
            0.0007770061492919922
        ],
        "average": 0.0007813692092895508,
        "min": 0.0007460117340087891,
        "max": 0.0008590221405029297
    },
    "f06_startup": {
        "class": "F06",
        "include_startup": true,
        "runs": [
            0.002007007598876953,
            0.0008649826049804688,
            0.000843048095703125,
            0.0008490085601806641,
            0.0008060932159423828,
            0.0008099079132080078,
            0.0008280277252197266,
            0.0008361339569091797,
            0.0008320808410644531,
            0.0008301734924316406
        ],
        "average": 0.0009506464004516602,
        "min": 0.0008060932159423828,
        "max": 0.002007007598876953
    },
    "p16": {
        "class": "P16",
        "include_startup": false,
        "runs": [
            0.0008900165557861328,
            0.0007951259613037109,
            0.0007719993591308594,
            0.0007758140563964844,
            0.0007760524749755859,
            0.000782012939453125,
            0.000762939453125,
            0.0007808208465576172,
            0.0007770061492919922,
            0.0007691383361816406
        ],
        "average": 0.0007880926132202148,
        "min": 0.000762939453125,
        "max": 0.0008900165557861328
    },
    "p16_startup": {
        "class": "P16",
        "include_startup": true,
        "runs": [
            0.002001047134399414,
            0.0008869171142578125,
            0.0008480548858642578,
            0.00086212158203125,
            0.0008649826049804688,
            0.0008630752563476562,
            0.0009050369262695312,
            0.0008640289306640625,
            0.0008478164672851562,
            0.0008370876312255859
        ],
        "average": 0.0009780168533325196,
        "min": 0.0008370876312255859,
        "max": 0.002001047134399414
    },
    "z26": {
        "class": "Z26",
        "include_startup": false,
        "runs": [
            0.001180887222290039,
            0.0007791519165039062,
            0.0007939338684082031,
            0.000782012939453125,
            0.0007860660552978516,
            0.0007879734039306641,
            0.0007920265197753906,
            0.0007841587066650391,
            0.0007810592651367188,
            0.0007810592651367188
        ],
        "average": 0.0008248329162597656,
        "min": 0.0007791519165039062,
        "max": 0.001180887222290039
    },
    "z26_startup": {
        "class": "Z26",
        "include_startup": true,
        "runs": [
            0.0021178722381591797,
            0.0010001659393310547,
            0.0009710788726806641,
            0.0009810924530029297,
            0.001007080078125,
            0.0010089874267578125,
            0.0009610652923583984,
            0.0010318756103515625,
            0.0009608268737792969,
            0.0009899139404296875
        ],
        "average": 0.0011029958724975586,
        "min": 0.0009608268737792969,
        "max": 0.0021178722381591797
    }
}