{
    "f06": {
        "class": "F06",
        "include_startup": false,
        "runs": [
            0.41077399253845215,
            0.39989280700683594,
            0.40361595153808594,
            0.4126901626586914,
            0.3946700096130371,
            0.42029595375061035,
            0.4030578136444092,
            0.40784788131713867,
            0.41527509689331055,
            0.40410399436950684
        ],
        "average": 0.4072223663330078,
        "min": 0.3946700096130371,
        "max": 0.42029595375061035
    },
    "f06_startup": {
        "class": "F06",
        "include_startup": true,
        "runs": [
            0.35961198806762695,
            0.4005460739135742,
            0.3454551696777344,
            0.41575098037719727,
            0.43672895431518555,
            0.4116971492767334,
            0.4068570137023926,
            0.3142869472503662,
            0.4038219451904297,
            0.415661096572876
        ],
        "average": 0.3910417318344116,
        "min": 0.3142869472503662,
        "max": 0.43672895431518555
    },
    "fin06": {
        "class": "FIn06",
        "include_startup": false,
        "runs": [
            0.39124202728271484,
            0.3815741539001465,
            0.39079809188842773,
            0.3855280876159668,
            0.3559870719909668,
            0.3805828094482422,
            0.3076941967010498,
            0.39211606979370117,
            0.3285701274871826,
            0.39284205436706543
        ],
        "average": 0.3706934690475464,
        "min": 0.3076941967010498,
        "max": 0.39284205436706543
    },
    "fin06_startup": {
        "class": "FIn06",
        "include_startup": true,
        "runs": [
            0.3795740604400635,
            0.3275020122528076,
            0.39058685302734375,
            0.3793489933013916,
            0.38556504249572754,
            0.38795995712280273,
            0.39054393768310547,
            0.3830599784851074,
            0.3791019916534424,
            0.394366979598999
        ],
        "average": 0.3797609806060791,
        "min": 0.3275020122528076,
        "max": 0.394366979598999
    }
}