{
    "f06": {
        "class": "F06",
        "include_startup": false,
        "runs": [
            0.4934048652648926,
            0.4907231330871582,
            0.4913051128387451,
            0.49250197410583496,
            0.49023008346557617,
            0.5783770084381104,
            0.5777649879455566,
            0.581218957901001,
            0.5809688568115234,
            0.5762531757354736
        ],
        "average": 0.5352748155593872,
        "min": 0.49023008346557617,
        "max": 0.581218957901001
    },
    "f06_startup": {
        "class": "F06",
        "include_startup": true,
        "runs": [
            0.5786800384521484,
            0.5752420425415039,
            0.576524019241333,
            0.5754330158233643,
            0.5750260353088379,
            0.5811121463775635,
            0.5691120624542236,
            0.5715491771697998,
            0.5727028846740723,
            0.573232889175415
        ],
        "average": 0.5748614311218262,
        "min": 0.5691120624542236,
        "max": 0.5811121463775635
    },
    "p16": {
        "class": "P16",
        "include_startup": false,
        "runs": [
            81.3798611164093,
            79.67370200157166,
            80.67232012748718,
            80.39393496513367,
            80.57381987571716,
            80.79578900337219,
            80.24986290931702,
            80.5987799167633,
            80.02737379074097,
            68.18016386032104
        ],
        "average": 79.25456075668335,
        "min": 68.18016386032104,
        "max": 81.3798611164093
    },
    "p16_startup": {
        "class": "P16",
        "include_startup": true,
        "runs": [
            80.53870391845703,
            67.84339118003845,
            79.14532589912415,
            79.4040310382843,
            80.1838629245758,
            79.3024730682373,
            80.35675692558289,
            79.72853899002075,
            78.98641085624695,
            78.74391388893127
        ],
        "average": 78.4233408689499,
        "min": 67.84339118003845,
        "max": 80.53870391845703
    }
}