{
    "f06": {
        "class": "F06",
        "include_startup": false,
        "runs": [
            0.0036690235137939453,
            0.003359079360961914,
            0.0033750534057617188,
            0.003326892852783203,
            0.003422975540161133,
            0.0038290023803710938,
            0.0034990310668945312,
            0.0034461021423339844,
            0.003448009490966797,
            0.0034699440002441406
        ],
        "average": 0.003484511375427246,
        "min": 0.003326892852783203,
        "max": 0.0038290023803710938
    },
    "f06_startup": {
        "class": "F06",
        "include_startup": true,
        "runs": [
            0.004786968231201172,
            0.0034410953521728516,
            0.0034279823303222656,
            0.003437042236328125,
            0.0033719539642333984,
            0.004937887191772461,
            0.0035169124603271484,
            0.0034940242767333984,
            0.003589153289794922,
            0.004165172576904297
        ],
        "average": 0.003816819190979004,
        "min": 0.0033719539642333984,
        "max": 0.004937887191772461
    },
    "p16": {
        "class": "P16",
        "include_startup": false,
        "runs": [
            0.004793882369995117,
            0.003116130828857422,
            0.004071950912475586,
            0.003893136978149414,
            0.0038437843322753906,
            0.0031409263610839844,
            0.003915071487426758,
            0.003854990005493164,
            0.0037500858306884766,
            0.005944967269897461
        ],
        "average": 0.004032492637634277,
        "min": 0.003116130828857422,
        "max": 0.005944967269897461
    },
    "p16_startup": {
        "class": "P16",
        "include_startup": true,
        "runs": [
            0.004965066909790039,
            0.004187822341918945,
            0.0040819644927978516,
            0.005085945129394531,
            0.003927946090698242,
            0.005072116851806641,
            0.00498509407043457,
            0.005012035369873047,
            0.00494694709777832,
            0.005471944808959961
        ],
        "average": 0.004773688316345215,
        "min": 0.003927946090698242,
        "max": 0.005471944808959961
    }
}