{
    "f06": {
        "class": "F06",
        "include_startup": false,
        "runs": [
            0.40829896926879883,
            0.4081399440765381,
            0.4021189212799072,
            0.40485095977783203,
            0.4131488800048828,
            0.41942691802978516,
            0.40554189682006836,
            0.4275839328765869,
            0.40047407150268555,
            0.4113318920135498
        ],
        "average": 0.4100916385650635,
        "min": 0.40047407150268555,
        "max": 0.4275839328765869
    },
    "f06_startup": {
        "class": "F06",
        "include_startup": true,
        "runs": [
            0.3441159725189209,
            0.3502531051635742,
            0.3490760326385498,
            0.40172505378723145,
            0.41861987113952637,
            0.4079759120941162,
            0.40023303031921387,
            0.34174108505249023,
            0.4030330181121826,
            0.4121561050415039
        ],
        "average": 0.38289291858673097,
        "min": 0.34174108505249023,
        "max": 0.41861987113952637
    },
    "fin06": {
        "class": "FIn06",
        "include_startup": false,
        "runs": [
            0.37893009185791016,
            0.3809671401977539,
            0.3782479763031006,
            0.38535404205322266,
            0.38097310066223145,
            0.3792250156402588,
            0.3838510513305664,
            0.4087519645690918,
            0.3293750286102295,
            0.3818190097808838
        ],
        "average": 0.3787494421005249,
        "min": 0.3293750286102295,
        "max": 0.4087519645690918
    },
    "fin06_startup": {
        "class": "FIn06",
        "include_startup": true,
        "runs": [
            0.3862779140472412,
            0.3898959159851074,
            0.37714290618896484,
            0.38582301139831543,
            0.3834350109100342,
            0.3884711265563965,
            0.3971529006958008,
            0.3780851364135742,
            0.3915572166442871,
            0.3916940689086914
        ],
        "average": 0.3869535207748413,
        "min": 0.37714290618896484,
        "max": 0.3971529006958008
    }
}