{
    "f06": {
        "class": "F06",
        "include_startup": false,
        "runs": [
            0.571742057800293,
            0.574735164642334,
            0.5748341083526611,
            0.5691249370574951,
            0.5692770481109619,
            0.5733880996704102,
            0.5899178981781006,
            0.574282169342041,
            0.576016902923584,
            0.5794038772583008
        ],
        "average": 0.5752722263336182,
        "min": 0.5691249370574951,
        "max": 0.5899178981781006
    },
    "f06_startup": {
        "class": "F06",
        "include_startup": true,
        "runs": [
            0.5654120445251465,
            0.5666990280151367,
            0.5634291172027588,
            0.5611250400543213,
            0.5622920989990234,
            0.5862159729003906,
            0.5672011375427246,
            0.5684919357299805,
            0.5667109489440918,
            0.5653049945831299
        ],
        "average": 0.5672882318496704,
        "min": 0.5611250400543213,
        "max": 0.5862159729003906
    },
    "p16": {
        "class": "P16",
        "include_startup": false,
        "runs": [
            62.26668095588684,
            79.7167739868164,
            80.55076789855957,
            62.03396701812744,
            79.90646719932556,
            79.8888201713562,
            80.41322183609009,
            79.40636801719666,
            78.94587206840515,
            68.11512207984924
        ],
        "average": 75.12440612316132,
        "min": 62.03396701812744,
        "max": 80.55076789855957
    },
    "p16_startup": {
        "class": "P16",
        "include_startup": true,
        "runs": [
            79.46548008918762,
            79.56545996665955,
            79.65092206001282,
            79.35848093032837,
            69.14109206199646,
            79.61578607559204,
            79.31322121620178,
            80.46259498596191,
            79.3808970451355,
            67.97202205657959
        ],
        "average": 77.39259564876556,
        "min": 67.97202205657959,
        "max": 80.46259498596191
    }
}