{
    "f06": {
        "class": "F06",
        "include_startup": false,
        "runs": [
            0.0040378570556640625,
            0.003751039505004883,
            0.0038111209869384766,
            0.003782987594604492,
            0.003782033920288086,
            0.003821134567260742,
            0.0035359859466552734,
            0.003492116928100586,
            0.00350189208984375,
            0.0035080909729003906
        ],
        "average": 0.0037024259567260743,
        "min": 0.003492116928100586,
        "max": 0.0040378570556640625
    },
    "f06_startup": {
        "class": "F06",
        "include_startup": true,
        "runs": [
            0.004967927932739258,
            0.003453969955444336,
            0.003442049026489258,
            0.003387928009033203,
            0.0034360885620117188,
            0.004851102828979492,
            0.003545045852661133,
            0.003504037857055664,
            0.003495931625366211,
            0.003574848175048828
        ],
        "average": 0.00376589298248291,
        "min": 0.003387928009033203,
        "max": 0.004967927932739258
    },
    "p16": {
        "class": "P16",
        "include_startup": false,
        "runs": [
            0.0038518905639648438,
            0.0037980079650878906,
            0.003802061080932617,
            0.004045009613037109,
            0.003765106201171875,
            0.0038149356842041016,
            0.0039179325103759766,
            0.004431009292602539,
            0.003885030746459961,
            0.003618955612182617
        ],
        "average": 0.003892993927001953,
        "min": 0.003618955612182617,
        "max": 0.004431009292602539
    },
    "p16_startup": {
        "class": "P16",
        "include_startup": true,
        "runs": [
            0.004171848297119141,
            0.008920907974243164,
            0.004983186721801758,
            0.005216121673583984,
            0.005053997039794922,
            0.0050280094146728516,
            0.005368947982788086,
            0.005201101303100586,
            0.0049800872802734375,
            0.005002021789550781
        ],
        "average": 0.005392622947692871,
        "min": 0.004171848297119141,
        "max": 0.008920907974243164
    }
}