{
    "f06": {
        "class": "F06",
        "include_startup": false,
        "runs": [
            1.0096750259399414,
            1.1501469612121582,
            1.1254639625549316,
            1.125627040863037,
            1.1680569648742676,
            1.1573739051818848,
            1.1702589988708496,
            0.9862778186798096,
            1.1979479789733887,
            0.9725220203399658
        ],
        "average": 1.1063350677490233,
        "min": 0.9725220203399658,
        "max": 1.1979479789733887
    },
    "f06_startup": {
        "class": "F06",
        "include_startup": true,
        "runs": [
            1.2015929222106934,
            1.127673864364624,
            1.203221082687378,
            1.170854091644287,
            1.1922612190246582,
            1.1930007934570312,
            1.1316678524017334,
            0.9736979007720947,
            1.204275131225586,
            1.1719911098480225
        ],
        "average": 1.1570235967636109,
        "min": 0.9736979007720947,
        "max": 1.204275131225586
    },
    "fin06": {
        "class": "FIn06",
        "include_startup": false,
        "runs": [
            9.598244190216064,
            9.545387029647827,
            9.392364978790283,
            9.515609979629517,
            9.467705011367798,
            9.58945894241333,
            9.528800010681152,
            9.453169107437134,
            7.868412971496582,
            9.424036026000977
        ],
        "average": 9.338318824768066,
        "min": 7.868412971496582,
        "max": 9.598244190216064
    },
    "fin06_startup": {
        "class": "FIn06",
        "include_startup": true,
        "runs": [
            9.338562965393066,
            9.420950889587402,
            9.570320129394531,
            9.54897403717041,
            9.657879829406738,
            9.593705892562866,
            9.516258955001831,
            9.541017055511475,
            9.219197988510132,
            9.146876096725464
        ],
        "average": 9.455374383926392,
        "min": 9.146876096725464,
        "max": 9.657879829406738
    }
}