{
    "f06": {
        "class": "F06",
        "include_startup": false,
        "runs": [
            0.6728408336639404,
            0.683434009552002,
            0.6901240348815918,
            0.6031930446624756,
            0.7229959964752197,
            0.7134439945220947,
            0.5339159965515137,
            0.7376959323883057,
            0.7246930599212646,
            0.7137999534606934
        ],
        "average": 0.6796136856079101,
        "min": 0.5339159965515137,
        "max": 0.7376959323883057
    },
    "f06_startup": {
        "class": "F06",
        "include_startup": true,
        "runs": [
            0.6859960556030273,
            0.735914945602417,
            0.5998880863189697,
            0.7301981449127197,
            0.6914360523223877,
            0.7184019088745117,
            0.6876988410949707,
            0.7115969657897949,
            0.6040158271789551,
            0.7338941097259521
        ],
        "average": 0.6899040937423706,
        "min": 0.5998880863189697,
        "max": 0.735914945602417
    }
}