{
    "f06": {
        "class": "F06",
        "include_startup": false,
        "runs": [
            1.150743007659912,
            1.1530561447143555,
            1.1727008819580078,
            1.149303913116455,
            0.983867883682251,
            1.1416380405426025,
            1.1494929790496826,
            1.1327669620513916,
            1.1367740631103516,
            1.1248981952667236
        ],
        "average": 1.1295242071151734,
        "min": 0.983867883682251,
        "max": 1.1727008819580078
    },
    "f06_startup": {
        "class": "F06",
        "include_startup": true,
        "runs": [
            0.984004020690918,
            1.134558916091919,
            1.168208122253418,
            0.9708669185638428,
            1.1668620109558105,
            1.006464958190918,
            1.170118808746338,
            1.189790964126587,
            1.1778290271759033,
            1.1926488876342773
        ],
        "average": 1.116135263442993,
        "min": 0.9708669185638428,
        "max": 1.1926488876342773
    },
    "fin06": {
        "class": "FIn06",
        "include_startup": false,
        "runs": [
            9.491749048233032,
            9.428369998931885,
            7.114346981048584,
            9.518635988235474,
            9.455306053161621,
            7.673669099807739,
            9.542840957641602,
            9.537306070327759,
            9.18339490890503,
            9.52690601348877
        ],
        "average": 9.047252511978149,
        "min": 7.114346981048584,
        "max": 9.542840957641602
    },
    "fin06_startup": {
        "class": "FIn06",
        "include_startup": true,
        "runs": [
            7.728419780731201,
            9.158021926879883,
            9.443998098373413,
            9.535418033599854,
            7.664772033691406,
            9.405182838439941,
            7.656227111816406,
            9.498246908187866,
            9.663655996322632,
            7.141160011291504
        ],
        "average": 8.689510273933411,
        "min": 7.141160011291504,
        "max": 9.663655996322632
    }
}