{
    "f06": {
        "class": "F06",
        "include_startup": false,
        "runs": [
            0.7369558811187744,
            0.7364671230316162,
            0.714461088180542,
            0.716623067855835,
            0.6780109405517578,
            0.7180402278900146,
            0.6787600517272949,
            0.7197380065917969,
            0.7492799758911133,
            0.7370419502258301
        ],
        "average": 0.7185378313064575,
        "min": 0.6780109405517578,
        "max": 0.7492799758911133
    },
    "f06_startup": {
        "class": "F06",
        "include_startup": true,
        "runs": [
            0.725628137588501,
            0.7397799491882324,
            0.738781213760376,
            0.6800100803375244,
            0.6875247955322266,
            0.7516629695892334,
            0.6821539402008057,
            0.7223849296569824,
            0.7256438732147217,
            0.6815009117126465
        ],
        "average": 0.713507080078125,
        "min": 0.6800100803375244,
        "max": 0.7516629695892334
    }
}