{
    "f06": {
        "class": "F06",
        "include_startup": false,
        "runs": [
            0.0036928653717041016,
            0.0034589767456054688,
            0.0030908584594726562,
            0.0030930042266845703,
            0.003114938735961914,
            0.0031080245971679688,
            0.003103971481323242,
            0.0031070709228515625,
            0.003119945526123047,
            0.0031280517578125
        ],
        "average": 0.0032017707824707033,
        "min": 0.0030908584594726562,
        "max": 0.0036928653717041016
    },
    "f06_startup": {
        "class": "F06",
        "include_startup": true,
        "runs": [
            0.003901958465576172,
            0.003464937210083008,
            0.003471851348876953,
            0.003484964370727539,
            0.0034720897674560547,
            0.003471851348876953,
            0.0034580230712890625,
            0.003496885299682617,
            0.003576040267944336,
            0.0034780502319335938
        ],
        "average": 0.003527665138244629,
        "min": 0.0034580230712890625,
        "max": 0.003901958465576172
    },
    "fin06": {
        "class": "FIn06",
        "include_startup": false,
        "runs": [
            0.0040051937103271484,
            0.0036051273345947266,
            0.0036029815673828125,
            0.0036089420318603516,
            0.0036590099334716797,
            0.0036499500274658203,
            0.0036258697509765625,
            0.003635883331298828,
            0.003843069076538086,
            0.0036649703979492188
        ],
        "average": 0.0036900997161865234,
        "min": 0.0036029815673828125,
        "max": 0.0040051937103271484
    },
    "fin06_startup": {
        "class": "FIn06",
        "include_startup": true,
        "runs": [
            0.005582094192504883,
            0.005138874053955078,
            0.0051708221435546875,
            0.005148887634277344,
            0.0051229000091552734,
            0.004968881607055664,
            0.002819061279296875,
            0.0027980804443359375,
            0.002830028533935547,
            0.002788066864013672
        ],
        "average": 0.004236769676208496,
        "min": 0.002788066864013672,
        "max": 0.005582094192504883
    },
    "p16": {
        "class": "P16",
        "include_startup": false,
        "runs": [
            0.003919124603271484,
            0.0035009384155273438,
            0.0034770965576171875,
            0.003473043441772461,
            0.0034821033477783203,
            0.00344085693359375,
            0.005471944808959961,
            0.007163047790527344,
            0.006807088851928711,
            0.003464937210083008
        ],
        "average": 0.004420018196105957,
        "min": 0.00344085693359375,
        "max": 0.007163047790527344
    },
    "p16_startup": {
        "class": "P16",
        "include_startup": true,
        "runs": [
            0.003935098648071289,
            0.0034880638122558594,
            0.0034677982330322266,
            0.0034699440002441406,
            0.0033850669860839844,
            0.0034990310668945312,
            0.0037910938262939453,
            0.003504037857055664,
            0.0034821033477783203,
            0.0034961700439453125
        ],
        "average": 0.0035518407821655273,
        "min": 0.0033850669860839844,
        "max": 0.003935098648071289
    },
    "pin16": {
        "class": "PIn16",
        "include_startup": false,
        "runs": [
            0.00398707389831543,
            0.003551006317138672,
            0.0035088062286376953,
            0.0035529136657714844,
            0.0035119056701660156,
            0.0037641525268554688,
            0.0035371780395507812,
            0.003484010696411133,
            0.0036268234252929688,
            0.0034949779510498047
        ],
        "average": 0.0036018848419189452,
        "min": 0.003484010696411133,
        "max": 0.00398707389831543
    },
    "pin16_startup": {
        "class": "PIn16",
        "include_startup": true,
        "runs": [
            0.0039250850677490234,
            0.0035560131072998047,
            0.0035190582275390625,
            0.0036170482635498047,
            0.0035409927368164062,
            0.0035130977630615234,
            0.0038039684295654297,
            0.003543853759765625,
            0.003536224365234375,
            0.004366874694824219
        ],
        "average": 0.003692221641540527,
        "min": 0.0035130977630615234,
        "max": 0.004366874694824219
    },
    "z26": {
        "class": "Z26",
        "include_startup": false,
        "runs": [
            0.0027599334716796875,
            0.0024139881134033203,
            0.0024170875549316406,
            0.002380847930908203,
            0.002402067184448242,
            0.002399921417236328,
            0.0024640560150146484,
            0.0024328231811523438,
            0.002412080764770508,
            0.002418041229248047
        ],
        "average": 0.002450084686279297,
        "min": 0.002380847930908203,
        "max": 0.0027599334716796875
    },
    "z26_startup": {
        "class": "Z26",
        "include_startup": true,
        "runs": [
            0.0038650035858154297,
            0.0034689903259277344,
            0.0034399032592773438,
            0.003471851348876953,
            0.0034868717193603516,
            0.0035109519958496094,
            0.0034821033477783203,
            0.0034630298614501953,
            0.003462076187133789,
            0.003473997116088867
        ],
        "average": 0.0035124778747558593,
        "min": 0.0034399032592773438,
        "max": 0.0038650035858154297
    },
    "zin26": {
        "class": "ZIn26",
        "include_startup": false,
        "runs": [
            0.004270076751708984,
            0.0038111209869384766,
            0.0038471221923828125,
            0.003816843032836914,
            0.003835916519165039,
            0.003880023956298828,
            0.004289865493774414,
            0.0038890838623046875,
            0.003832101821899414,
            0.0038580894470214844
        ],
        "average": 0.003933024406433105,
        "min": 0.0038111209869384766,
        "max": 0.004289865493774414
    },
    "zin26_startup": {
        "class": "ZIn26",
        "include_startup": true,
        "runs": [
            0.005068063735961914,
            0.003969907760620117,
            0.003782033920288086,
            0.0039479732513427734,
            0.0038340091705322266,
            0.0038220882415771484,
            0.003882884979248047,
            0.0038619041442871094,
            0.0038881301879882812,
            0.0038461685180664062
        ],
        "average": 0.003990316390991211,
        "min": 0.003782033920288086,
        "max": 0.005068063735961914
    }
}