{
    "f06": {
        "class": "F06",
        "include_startup": false,
        "runs": [
            0.003931999206542969,
            0.003486156463623047,
            0.0033800601959228516,
            0.0034050941467285156,
            0.0033600330352783203,
            0.0033550262451171875,
            0.003468036651611328,
            0.0034399032592773438,
            0.0034232139587402344,
            0.0034139156341552734
        ],
        "average": 0.003466343879699707,
        "min": 0.0033550262451171875,
        "max": 0.003931999206542969
    },
    "f06_startup": {
        "class": "F06",
        "include_startup": true,
        "runs": [
            0.0038149356842041016,
            0.0034308433532714844,
            0.0034601688385009766,
            0.0034389495849609375,
            0.003444194793701172,
            0.0034651756286621094,
            0.0034859180450439453,
            0.0034890174865722656,
            0.003493070602416992,
            0.0034759044647216797
        ],
        "average": 0.0034998178482055662,
        "min": 0.0034308433532714844,
        "max": 0.0038149356842041016
    },
    "fin06": {
        "class": "FIn06",
        "include_startup": false,
        "runs": [
            0.0042650699615478516,
            0.0038161277770996094,
            0.0037689208984375,
            0.0037980079650878906,
            0.0038208961486816406,
            0.0039730072021484375,
            0.003880023956298828,
            0.003823995590209961,
            0.0038199424743652344,
            0.0037949085235595703
        ],
        "average": 0.0038760900497436523,
        "min": 0.0037689208984375,
        "max": 0.0042650699615478516
    },
    "fin06_startup": {
        "class": "FIn06",
        "include_startup": true,
        "runs": [
            0.00409698486328125,
            0.0034780502319335938,
            0.0035920143127441406,
            0.004056215286254883,
            0.0035648345947265625,
            0.003548860549926758,
            0.003459930419921875,
            0.003626108169555664,
            0.003496885299682617,
            0.003582000732421875
        ],
        "average": 0.003650188446044922,
        "min": 0.003459930419921875,
        "max": 0.00409698486328125
    },
    "p16": {
        "class": "P16",
        "include_startup": false,
        "runs": [
            0.003957033157348633,
            0.0034780502319335938,
            0.0035409927368164062,
            0.0035037994384765625,
            0.0034410953521728516,
            0.0034821033477783203,
            0.0034818649291992188,
            0.0034770965576171875,
            0.003804922103881836,
            0.00347900390625
        ],
        "average": 0.003564596176147461,
        "min": 0.0034410953521728516,
        "max": 0.003957033157348633
    },
    "p16_startup": {
        "class": "P16",
        "include_startup": true,
        "runs": [
            0.003915071487426758,
            0.003512144088745117,
            0.003484010696411133,
            0.0035669803619384766,
            0.0035991668701171875,
            0.003532886505126953,
            0.0035839080810546875,
            0.003534078598022461,
            0.003576040267944336,
            0.0035619735717773438
        ],
        "average": 0.0035866260528564452,
        "min": 0.003484010696411133,
        "max": 0.003915071487426758
    },
    "pin16": {
        "class": "PIn16",
        "include_startup": false,
        "runs": [
            0.004734992980957031,
            0.0039670467376708984,
            0.004361152648925781,
            0.004008054733276367,
            0.00397491455078125,
            0.003930807113647461,
            0.003983974456787109,
            0.00397801399230957,
            0.003937959671020508,
            0.003961086273193359
        ],
        "average": 0.004083800315856934,
        "min": 0.003930807113647461,
        "max": 0.004734992980957031
    },
    "pin16_startup": {
        "class": "PIn16",
        "include_startup": true,
        "runs": [
            0.0037229061126708984,
            0.0033719539642333984,
            0.0033631324768066406,
            0.0033462047576904297,
            0.003341197967529297,
            0.0033440589904785156,
            0.003332853317260742,
            0.003353118896484375,
            0.0035810470581054688,
            0.0033528804779052734
        ],
        "average": 0.003410935401916504,
        "min": 0.003332853317260742,
        "max": 0.0037229061126708984
    },
    "z26": {
        "class": "Z26",
        "include_startup": false,
        "runs": [
            0.0038869380950927734,
            0.003464937210083008,
            0.003409147262573242,
            0.003448963165283203,
            0.0033910274505615234,
            0.003412961959838867,
            0.0034279823303222656,
            0.0033910274505615234,
            0.0034360885620117188,
            0.003403902053833008
        ],
        "average": 0.003467297554016113,
        "min": 0.0033910274505615234,
        "max": 0.0038869380950927734
    },
    "z26_startup": {
        "class": "Z26",
        "include_startup": true,
        "runs": [
            0.003979921340942383,
            0.003598928451538086,
            0.003567934036254883,
            0.004046916961669922,
            0.003551006317138672,
            0.003906965255737305,
            0.0035851001739501953,
            0.0035278797149658203,
            0.0035898685455322266,
            0.003557920455932617
        ],
        "average": 0.003691244125366211,
        "min": 0.0035278797149658203,
        "max": 0.004046916961669922
    },
    "zin26": {
        "class": "ZIn26",
        "include_startup": false,
        "runs": [
            0.004302024841308594,
            0.0038869380950927734,
            0.0038831233978271484,
            0.003957986831665039,
            0.0038030147552490234,
            0.0038411617279052734,
            0.003793001174926758,
            0.003804922103881836,
            0.003893136978149414,
            0.003823995590209961
        ],
        "average": 0.003898930549621582,
        "min": 0.003793001174926758,
        "max": 0.004302024841308594
    },
    "zin26_startup": {
        "class": "ZIn26",
        "include_startup": true,
        "runs": [
            0.004064083099365234,
            0.0037081241607666016,
            0.003701925277709961,
            0.0036971569061279297,
            0.00394892692565918,
            0.003676891326904297,
            0.003690958023071289,
            0.003968000411987305,
            0.003709077835083008,
            0.0036818981170654297
        ],
        "average": 0.0037847042083740236,
        "min": 0.003676891326904297,
        "max": 0.004064083099365234
    }
}