{
    "f06": {
        "class": "F06",
        "include_startup": false,
        "runs": [
            0.005822896957397461,
            0.005784034729003906,
            0.005807161331176758,
            0.00575709342956543,
            0.005866050720214844,
            0.006453990936279297,
            0.00642704963684082,
            0.006398916244506836,
            0.00642704963684082,
            0.006628990173339844
        ],
        "average": 0.006137323379516601,
        "min": 0.00575709342956543,
        "max": 0.006628990173339844
    },
    "f06_startup": {
        "class": "F06",
        "include_startup": true,
        "runs": [
            0.006676912307739258,
            0.006527900695800781,
            0.00685882568359375,
            0.00659489631652832,
            0.006557941436767578,
            0.006599903106689453,
            0.006539106369018555,
            0.00652003288269043,
            0.006579160690307617,
            0.006489992141723633
        ],
        "average": 0.006594467163085938,
        "min": 0.006489992141723633,
        "max": 0.00685882568359375
    },
    "fin06": {
        "class": "FIn06",
        "include_startup": false,
        "runs": [
            0.0063169002532958984,
            0.006407976150512695,
            0.0065860748291015625,
            0.006309032440185547,
            0.0063381195068359375,
            0.0058710575103759766,
            0.005894899368286133,
            0.005946159362792969,
            0.005882978439331055,
            0.0059320926666259766
        ],
        "average": 0.006148529052734375,
        "min": 0.0058710575103759766,
        "max": 0.0065860748291015625
    },
    "fin06_startup": {
        "class": "FIn06",
        "include_startup": true,
        "runs": [
            0.006494998931884766,
            0.006479978561401367,
            0.006455898284912109,
            0.006551980972290039,
            0.006527900695800781,
            0.006570100784301758,
            0.006417036056518555,
            0.00638890266418457,
            0.0063741207122802734,
            0.006392002105712891
        ],
        "average": 0.006465291976928711,
        "min": 0.0063741207122802734,
        "max": 0.006570100784301758
    },
    "p16": {
        "class": "P16",
        "include_startup": false,
        "runs": [
            0.005894184112548828,
            0.005864858627319336,
            0.005814075469970703,
            0.006824970245361328,
            0.0064849853515625,
            0.006294965744018555,
            0.006420135498046875,
            0.006424903869628906,
            0.006402015686035156,
            0.0064389705657958984
        ],
        "average": 0.006286406517028808,
        "min": 0.005814075469970703,
        "max": 0.006824970245361328
    },
    "p16_startup": {
        "class": "P16",
        "include_startup": true,
        "runs": [
            0.0067098140716552734,
            0.007306814193725586,
            0.006030082702636719,
            0.006392955780029297,
            0.006637096405029297,
            0.006973981857299805,
            0.012007951736450195,
            0.006737947463989258,
            0.00686192512512207,
            0.006175041198730469
        ],
        "average": 0.007183361053466797,
        "min": 0.006030082702636719,
        "max": 0.012007951736450195
    },
    "pin16": {
        "class": "PIn16",
        "include_startup": false,
        "runs": [
            0.006253957748413086,
            0.005810976028442383,
            0.005938053131103516,
            0.005756855010986328,
            0.006350040435791016,
            0.006273031234741211,
            0.0050890445709228516,
            0.006327152252197266,
            0.006939888000488281,
            0.006367206573486328
        ],
        "average": 0.006110620498657226,
        "min": 0.0050890445709228516,
        "max": 0.006939888000488281
    },
    "pin16_startup": {
        "class": "PIn16",
        "include_startup": true,
        "runs": [
            0.0057790279388427734,
            0.006540060043334961,
            0.006615161895751953,
            0.006782054901123047,
            0.006864070892333984,
            0.006070137023925781,
            0.005594015121459961,
            0.006540060043334961,
            0.0067179203033447266,
            0.006720066070556641
        ],
        "average": 0.006422257423400879,
        "min": 0.005594015121459961,
        "max": 0.006864070892333984
    }
}