{
    "f06": {
        "class": "F06",
        "include_startup": false,
        "runs": [
            0.3329348564147949,
            0.33873796463012695,
            0.35164880752563477,
            0.36798596382141113,
            0.31675004959106445,
            0.2589550018310547,
            0.3488330841064453,
            0.35382604598999023,
            0.32747888565063477,
            0.35024189949035645
        ],
        "average": 0.33473925590515136,
        "min": 0.2589550018310547,
        "max": 0.36798596382141113
    },
    "f06_startup": {
        "class": "F06",
        "include_startup": true,
        "runs": [
            0.3520820140838623,
            0.350175142288208,
            0.3567349910736084,
            0.3258838653564453,
            0.35558104515075684,
            0.34989118576049805,
            0.37064599990844727,
            0.3518538475036621,
            0.3526320457458496,
            0.35375094413757324
        ],
        "average": 0.3519231081008911,
        "min": 0.3258838653564453,
        "max": 0.37064599990844727
    },
    "fin06": {
        "class": "FIn06",
        "include_startup": false,
        "runs": [
            0.31362199783325195,
            0.3195369243621826,
            0.3572409152984619,
            0.3345508575439453,
            0.3411581516265869,
            0.3136110305786133,
            0.3647949695587158,
            0.31212806701660156,
            0.34310317039489746,
            0.3238990306854248
        ],
        "average": 0.3323645114898682,
        "min": 0.31212806701660156,
        "max": 0.3647949695587158
    },
    "fin06_startup": {
        "class": "FIn06",
        "include_startup": true,
        "runs": [
            0.3286569118499756,
            0.3478720188140869,
            0.3630330562591553,
            0.3679039478302002,
            0.3303830623626709,
            0.34711599349975586,
            0.3314528465270996,
            0.3539419174194336,
            0.3394300937652588,
            0.36106395721435547
        ],
        "average": 0.34708538055419924,
        "min": 0.3286569118499756,
        "max": 0.3679039478302002
    }
}