{
    "f06": {
        "class": "F06",
        "include_startup": false,
        "runs": [
            0.33382701873779297,
            0.3574340343475342,
            0.33292078971862793,
            0.35286903381347656,
            0.3768198490142822,
            0.30505800247192383,
            0.37523388862609863,
            0.3333609104156494,
            0.33294200897216797,
            0.3505978584289551
        ],
        "average": 0.34510633945465086,
        "min": 0.30505800247192383,
        "max": 0.3768198490142822
    },
    "f06_startup": {
        "class": "F06",
        "include_startup": true,
        "runs": [
            0.34438514709472656,
            0.35665202140808105,
            0.3573739528656006,
            0.3388528823852539,
            0.3613288402557373,
            0.33466100692749023,
            0.3626880645751953,
            0.25951695442199707,
            0.35842108726501465,
            0.35067200660705566
        ],
        "average": 0.3424551963806152,
        "min": 0.25951695442199707,
        "max": 0.3626880645751953
    },
    "fin06": {
        "class": "FIn06",
        "include_startup": false,
        "runs": [
            0.36326098442077637,
            0.3534121513366699,
            0.32197999954223633,
            0.3590719699859619,
            0.3705260753631592,
            0.3333418369293213,
            0.35478901863098145,
            0.35939788818359375,
            0.34624290466308594,
            0.3739919662475586
        ],
        "average": 0.3536014795303345,
        "min": 0.32197999954223633,
        "max": 0.3739919662475586
    },
    "fin06_startup": {
        "class": "FIn06",
        "include_startup": true,
        "runs": [
            0.36931300163269043,
            0.3324859142303467,
            0.34377002716064453,
            0.3399498462677002,
            0.3657948970794678,
            0.3288710117340088,
            0.36292505264282227,
            0.3478069305419922,
            0.3527991771697998,
            0.3443119525909424
        ],
        "average": 0.3488027811050415,
        "min": 0.3288710117340088,
        "max": 0.36931300163269043
    }
}