{
    "f06": {
        "class": "F06",
        "include_startup": false,
        "runs": [
            0.005753993988037109,
            0.005836963653564453,
            0.006406068801879883,
            0.005285978317260742,
            0.006333827972412109,
            0.0057811737060546875,
            0.005810976028442383,
            0.005908012390136719,
            0.0058019161224365234,
            0.005884885787963867
        ],
        "average": 0.005880379676818847,
        "min": 0.005285978317260742,
        "max": 0.006406068801879883
    },
    "f06_startup": {
        "class": "F06",
        "include_startup": true,
        "runs": [
            0.00658106803894043,
            0.006527900695800781,
            0.0065000057220458984,
            0.006494998931884766,
            0.006453037261962891,
            0.005980968475341797,
            0.007823944091796875,
            0.006036043167114258,
            0.006093025207519531,
            0.006002187728881836
        ],
        "average": 0.006449317932128907,
        "min": 0.005980968475341797,
        "max": 0.007823944091796875
    },
    "fin06": {
        "class": "FIn06",
        "include_startup": false,
        "runs": [
            0.006407022476196289,
            0.006443977355957031,
            0.006345033645629883,
            0.006332874298095703,
            0.006352901458740234,
            0.005831003189086914,
            0.005640983581542969,
            0.005578041076660156,
            0.0056340694427490234,
            0.005602121353149414
        ],
        "average": 0.0060168027877807615,
        "min": 0.005578041076660156,
        "max": 0.006443977355957031
    },
    "fin06_startup": {
        "class": "FIn06",
        "include_startup": true,
        "runs": [
            0.006868124008178711,
            0.006438016891479492,
            0.006424903869628906,
            0.00640106201171875,
            0.006369113922119141,
            0.006639003753662109,
            0.0065419673919677734,
            0.0066530704498291016,
            0.006581783294677734,
            0.006543159484863281
        ],
        "average": 0.0065460205078125,
        "min": 0.006369113922119141,
        "max": 0.006868124008178711
    },
    "p16": {
        "class": "P16",
        "include_startup": false,
        "runs": [
            0.006303071975708008,
            0.005496978759765625,
            0.005997896194458008,
            0.0064580440521240234,
            0.00637507438659668,
            0.006429910659790039,
            0.00640416145324707,
            0.006320953369140625,
            0.006645917892456055,
            0.004598140716552734
        ],
        "average": 0.006103014945983887,
        "min": 0.004598140716552734,
        "max": 0.006645917892456055
    },
    "p16_startup": {
        "class": "P16",
        "include_startup": true,
        "runs": [
            0.007050991058349609,
            0.006788969039916992,
            0.005669832229614258,
            0.006765127182006836,
            0.006788015365600586,
            0.006264209747314453,
            0.005626201629638672,
            0.00727391242980957,
            0.0064771175384521484,
            0.005685091018676758
        ],
        "average": 0.006438946723937989,
        "min": 0.005626201629638672,
        "max": 0.00727391242980957
    },
    "pin16": {
        "class": "PIn16",
        "include_startup": false,
        "runs": [
            0.006420135498046875,
            0.006443977355957031,
            0.006351947784423828,
            0.006402015686035156,
            0.005424976348876953,
            0.006345033645629883,
            0.005872964859008789,
            0.006410121917724609,
            0.0067369937896728516,
            0.0048868656158447266
        ],
        "average": 0.00612950325012207,
        "min": 0.0048868656158447266,
        "max": 0.0067369937896728516
    },
    "pin16_startup": {
        "class": "PIn16",
        "include_startup": true,
        "runs": [
            0.00586700439453125,
            0.0056498050689697266,
            0.0065538883209228516,
            0.006618022918701172,
            0.006200075149536133,
            0.006228923797607422,
            0.006699085235595703,
            0.006700992584228516,
            0.006134033203125,
            0.006635904312133789
        ],
        "average": 0.006328773498535156,
        "min": 0.0056498050689697266,
        "max": 0.006700992584228516
    }
}