{
    "f06": {
        "class": "F06",
        "include_startup": false,
        "runs": [
            0.0006189346313476562,
            0.0005559921264648438,
            0.0005888938903808594,
            0.0005578994750976562,
            0.0005660057067871094,
            0.0006198883056640625,
            0.0005810260772705078,
            0.0006070137023925781,
            0.0005860328674316406,
            0.0005970001220703125
        ],
        "average": 0.0005878686904907226,
        "min": 0.0005559921264648438,
        "max": 0.0006198883056640625
    },
    "f06_startup": {
        "class": "F06",
        "include_startup": true,
        "runs": [
            0.0006749629974365234,
            0.0006241798400878906,
            0.0005960464477539062,
            0.0006139278411865234,
            0.0005958080291748047,
            0.000579833984375,
            0.0005741119384765625,
            0.0005681514739990234,
            0.0005779266357421875,
            0.0005528926849365234
        ],
        "average": 0.0005957841873168946,
        "min": 0.0005528926849365234,
        "max": 0.0006749629974365234
    },
    "p16": {
        "class": "P16",
        "include_startup": false,
        "runs": [
            0.00048279762268066406,
            0.0006709098815917969,
            0.0005099773406982422,
            0.0005979537963867188,
            0.0005619525909423828,
            0.0005159378051757812,
            0.0006239414215087891,
            0.0005609989166259766,
            0.0006821155548095703,
            0.0006241798400878906
        ],
        "average": 0.0005830764770507812,
        "min": 0.00048279762268066406,
        "max": 0.0006821155548095703
    },
    "p16_startup": {
        "class": "P16",
        "include_startup": true,
        "runs": [
            0.0006020069122314453,
            0.0006160736083984375,
            0.0005850791931152344,
            0.0005888938903808594,
            0.0006110668182373047,
            0.0005829334259033203,
            0.0006251335144042969,
            0.0006020069122314453,
            0.0004961490631103516,
            0.0005178451538085938
        ],
        "average": 0.0005827188491821289,
        "min": 0.0004961490631103516,
        "max": 0.0006251335144042969
    }
}