{
    "f06": {
        "class": "F06",
        "include_startup": false,
        "runs": [
            0.0012409687042236328,
            0.0008080005645751953,
            0.0008289813995361328,
            0.0008261203765869141,
            0.0008389949798583984,
            0.0008258819580078125,
            0.0008301734924316406,
            0.0008008480072021484,
            0.0008251667022705078,
            0.0008380413055419922
        ],
        "average": 0.0008663177490234375,
        "min": 0.0008008480072021484,
        "max": 0.0012409687042236328
    },
    "f06_startup": {
        "class": "F06",
        "include_startup": true,
        "runs": [
            0.003214120864868164,
            0.0008630752563476562,
            0.0008490085601806641,
            0.0008509159088134766,
            0.0009121894836425781,
            0.0008499622344970703,
            0.000823974609375,
            0.0008361339569091797,
            0.0008311271667480469,
            0.000843048095703125
        ],
        "average": 0.001087355613708496,
        "min": 0.000823974609375,
        "max": 0.003214120864868164
    },
    "p16": {
        "class": "P16",
        "include_startup": false,
        "runs": [
            0.0010650157928466797,
            0.0006918907165527344,
            0.0006940364837646484,
            0.0006918907165527344,
            0.0006940364837646484,
            0.0006990432739257812,
            0.0006930828094482422,
            0.0006990432739257812,
            0.0006811618804931641,
            0.0006949901580810547
        ],
        "average": 0.0007304191589355469,
        "min": 0.0006811618804931641,
        "max": 0.0010650157928466797
    },
    "p16_startup": {
        "class": "P16",
        "include_startup": true,
        "runs": [
            0.003195047378540039,
            0.0009520053863525391,
            0.0009191036224365234,
            0.0008928775787353516,
            0.0009000301361083984,
            0.0008730888366699219,
            0.0008890628814697266,
            0.0008687973022460938,
            0.0008780956268310547,
            0.0008699893951416016
        ],
        "average": 0.001123809814453125,
        "min": 0.0008687973022460938,
        "max": 0.003195047378540039
    },
    "z26": {
        "class": "Z26",
        "include_startup": false,
        "runs": [
            0.0012998580932617188,
            0.0008258819580078125,
            0.0008230209350585938,
            0.0008149147033691406,
            0.000804901123046875,
            0.0007960796356201172,
            0.0008029937744140625,
            0.0008018016815185547,
            0.0008230209350585938,
            0.0008249282836914062
        ],
        "average": 0.0008617401123046875,
        "min": 0.0007960796356201172,
        "max": 0.0012998580932617188
    },
    "z26_startup": {
        "class": "Z26",
        "include_startup": true,
        "runs": [
            0.0032880306243896484,
            0.0009849071502685547,
            0.0010249614715576172,
            0.001255035400390625,
            0.0010080337524414062,
            0.0009789466857910156,
            0.0010051727294921875,
            0.0009639263153076172,
            0.0009870529174804688,
            0.000965118408203125
        ],
        "average": 0.0012461185455322266,
        "min": 0.0009639263153076172,
        "max": 0.0032880306243896484
    }
}