{
    "f06": {
        "class": "F06",
        "include_startup": false,
        "runs": [
            0.0006031990051269531,
            0.0006000995635986328,
            0.0005807876586914062,
            0.00061798095703125,
            0.0005998611450195312,
            0.0005540847778320312,
            0.0004680156707763672,
            0.0004868507385253906,
            0.0004630088806152344,
            0.00047898292541503906
        ],
        "average": 0.0005452871322631836,
        "min": 0.0004630088806152344,
        "max": 0.00061798095703125
    },
    "f06_startup": {
        "class": "F06",
        "include_startup": true,
        "runs": [
            0.0006330013275146484,
            0.0006039142608642578,
            0.0005660057067871094,
            0.0006101131439208984,
            0.0005879402160644531,
            0.0006120204925537109,
            0.0005891323089599609,
            0.0005807876586914062,
            0.0005919933319091797,
            0.0005619525909423828
        ],
        "average": 0.0005936861038208008,
        "min": 0.0005619525909423828,
        "max": 0.0006330013275146484
    },
    "p16": {
        "class": "P16",
        "include_startup": false,
        "runs": [
            0.0005640983581542969,
            0.0006320476531982422,
            0.0006151199340820312,
            0.0006248950958251953,
            0.0006701946258544922,
            0.0006299018859863281,
            0.00043892860412597656,
            0.0005970001220703125,
            0.0005939006805419922,
            0.0006079673767089844
        ],
        "average": 0.0005974054336547851,
        "min": 0.00043892860412597656,
        "max": 0.0006701946258544922
    },
    "p16_startup": {
        "class": "P16",
        "include_startup": true,
        "runs": [
            0.0006039142608642578,
            0.0006129741668701172,
            0.0006117820739746094,
            0.0005061626434326172,
            0.0006949901580810547,
            0.0006117820739746094,
            0.0006308555603027344,
            0.0006198883056640625,
            0.0006420612335205078,
            0.0006089210510253906
        ],
        "average": 0.000614333152770996,
        "min": 0.0005061626434326172,
        "max": 0.0006949901580810547
    }
}