{
    "f06": {
        "class": "F06",
        "include_startup": false,
        "runs": [
            0.001191854476928711,
            0.0008301734924316406,
            0.0008089542388916016,
            0.0008139610290527344,
            0.0008149147033691406,
            0.0007970333099365234,
            0.0008080005645751953,
            0.0008580684661865234,
            0.000823974609375,
            0.0008151531219482422
        ],
        "average": 0.0008562088012695312,
        "min": 0.0007970333099365234,
        "max": 0.001191854476928711
    },
    "f06_startup": {
        "class": "F06",
        "include_startup": true,
        "runs": [
            0.0032110214233398438,
            0.00090789794921875,
            0.0009191036224365234,
            0.0008771419525146484,
            0.0008778572082519531,
            0.0008759498596191406,
            0.0008790493011474609,
            0.0008809566497802734,
            0.0008668899536132812,
            0.0008780956268310547
        ],
        "average": 0.001117396354675293,
        "min": 0.0008668899536132812,
        "max": 0.0032110214233398438
    },
    "p16": {
        "class": "P16",
        "include_startup": false,
        "runs": [
            0.0010459423065185547,
            0.0006968975067138672,
            0.0007169246673583984,
            0.0006918907165527344,
            0.0006887912750244141,
            0.0006959438323974609,
            0.000743865966796875,
            0.0007109642028808594,
            0.0006999969482421875,
            0.0007081031799316406
        ],
        "average": 0.0007399320602416992,
        "min": 0.0006887912750244141,
        "max": 0.0010459423065185547
    },
    "p16_startup": {
        "class": "P16",
        "include_startup": true,
        "runs": [
            0.003178119659423828,
            0.0009121894836425781,
            0.0008840560913085938,
            0.0008690357208251953,
            0.0008780956268310547,
            0.0008819103240966797,
            0.000865936279296875,
            0.0008640289306640625,
            0.0008740425109863281,
            0.0008602142333984375
        ],
        "average": 0.0011067628860473634,
        "min": 0.0008602142333984375,
        "max": 0.003178119659423828
    },
    "z26": {
        "class": "Z26",
        "include_startup": false,
        "runs": [
            0.0009570121765136719,
            0.0006129741668701172,
            0.0006110668182373047,
            0.0006248950958251953,
            0.0006091594696044922,
            0.0006251335144042969,
            0.0006201267242431641,
            0.0006058216094970703,
            0.00061798095703125,
            0.0006098747253417969
        ],
        "average": 0.000649404525756836,
        "min": 0.0006058216094970703,
        "max": 0.0009570121765136719
    },
    "z26_startup": {
        "class": "Z26",
        "include_startup": true,
        "runs": [
            0.003258943557739258,
            0.0009770393371582031,
            0.0009679794311523438,
            0.0009801387786865234,
            0.0009648799896240234,
            0.0009579658508300781,
            0.0009500980377197266,
            0.0009510517120361328,
            0.0009360313415527344,
            0.0009410381317138672
        ],
        "average": 0.001188516616821289,
        "min": 0.0009360313415527344,
        "max": 0.003258943557739258
    }
}