{
    "f06": {
        "class": "F06",
        "include_startup": false,
        "runs": [
            0.0989069938659668,
            0.09890389442443848,
            0.10160398483276367,
            0.09935116767883301,
            0.09909987449645996,
            0.10286879539489746,
            0.09244203567504883,
            0.09549903869628906,
            0.09369802474975586,
            0.09366011619567871
        ],
        "average": 0.09760339260101318,
        "min": 0.09244203567504883,
        "max": 0.10286879539489746
    },
    "f06_startup": {
        "class": "F06",
        "include_startup": true,
        "runs": [
            0.09486198425292969,
            0.0933218002319336,
            0.0959930419921875,
            0.09495997428894043,
            0.09306097030639648,
            0.0992429256439209,
            0.09933185577392578,
            0.09943008422851562,
            0.09882616996765137,
            0.09887313842773438
        ],
        "average": 0.09679019451141357,
        "min": 0.09306097030639648,
        "max": 0.09943008422851562
    },
    "fin06": {
        "class": "FIn06",
        "include_startup": false,
        "runs": [
            0.09323287010192871,
            0.09313607215881348,
            0.09361696243286133,
            0.09467411041259766,
            0.10053396224975586,
            0.10044193267822266,
            0.10103416442871094,
            0.1028900146484375,
            0.10721492767333984,
            0.10056304931640625
        ],
        "average": 0.09873380661010742,
        "min": 0.09313607215881348,
        "max": 0.10721492767333984
    },
    "fin06_startup": {
        "class": "FIn06",
        "include_startup": true,
        "runs": [
            0.09418916702270508,
            0.09277510643005371,
            0.09297704696655273,
            0.09305500984191895,
            0.09401702880859375,
            0.09908914566040039,
            0.09832310676574707,
            0.09745407104492188,
            0.09895586967468262,
            0.09919595718383789
        ],
        "average": 0.09600315093994141,
        "min": 0.09277510643005371,
        "max": 0.09919595718383789
    },
    "p16": {
        "class": "P16",
        "include_startup": false,
        "runs": [
            13.753312110900879,
            13.29820704460144,
            14.010803937911987,
            13.208458185195923,
            13.274119138717651,
            13.698541164398193,
            13.778393030166626,
            13.915392875671387,
            13.709953784942627,
            14.101454019546509
        ],
        "average": 13.674863529205322,
        "min": 13.208458185195923,
        "max": 14.101454019546509
    },
    "p16_startup": {
        "class": "P16",
        "include_startup": true,
        "runs": [
            13.245590925216675,
            13.398133993148804,
            13.217763900756836,
            13.673794984817505,
            13.734669923782349,
            10.51341700553894,
            13.822888851165771,
            13.73650598526001,
            13.082535982131958,
            13.789544105529785
        ],
        "average": 13.221484565734864,
        "min": 10.51341700553894,
        "max": 13.822888851165771
    },
    "pin16": {
        "class": "PIn16",
        "include_startup": false,
        "runs": [
            12.871198177337646,
            13.0641770362854,
            12.981847047805786,
            13.940457105636597,
            13.802804946899414,
            12.993104934692383,
            13.082603931427002,
            10.389642000198364,
            13.97655987739563,
            12.973706007003784
        ],
        "average": 13.007610106468201,
        "min": 10.389642000198364,
        "max": 13.97655987739563
    },
    "pin16_startup": {
        "class": "PIn16",
        "include_startup": true,
        "runs": [
            12.981024980545044,
            13.535824060440063,
            13.2079598903656,
            13.779449939727783,
            13.857281923294067,
            12.892394065856934,
            13.117743015289307,
            14.067264795303345,
            13.79293704032898,
            13.135869026184082
        ],
        "average": 13.43677487373352,
        "min": 12.892394065856934,
        "max": 14.067264795303345
    }
}