{
    "f06": {
        "class": "F06",
        "include_startup": false,
        "runs": [
            0.0013070106506347656,
            0.0012209415435791016,
            0.0012049674987792969,
            0.0011990070343017578,
            0.0012249946594238281,
            0.0012259483337402344,
            0.001226186752319336,
            0.0012080669403076172,
            0.0011830329895019531,
            0.0011990070343017578
        ],
        "average": 0.0012199163436889648,
        "min": 0.0011830329895019531,
        "max": 0.0013070106506347656
    },
    "f06_startup": {
        "class": "F06",
        "include_startup": true,
        "runs": [
            0.0016231536865234375,
            0.001341104507446289,
            0.0013349056243896484,
            0.0014140605926513672,
            0.0013880729675292969,
            0.0013370513916015625,
            0.0013799667358398438,
            0.001338958740234375,
            0.0013689994812011719,
            0.001352071762084961
        ],
        "average": 0.0013878345489501953,
        "min": 0.0013349056243896484,
        "max": 0.0016231536865234375
    },
    "fin06": {
        "class": "FIn06",
        "include_startup": false,
        "runs": [
            0.0012521743774414062,
            0.0011870861053466797,
            0.0012230873107910156,
            0.0012140274047851562,
            0.0012230873107910156,
            0.001199960708618164,
            0.0012249946594238281,
            0.0011959075927734375,
            0.0012400150299072266,
            0.0012061595916748047
        ],
        "average": 0.0012166500091552734,
        "min": 0.0011870861053466797,
        "max": 0.0012521743774414062
    },
    "fin06_startup": {
        "class": "FIn06",
        "include_startup": true,
        "runs": [
            0.001603841781616211,
            0.0013279914855957031,
            0.001300811767578125,
            0.001325845718383789,
            0.0013229846954345703,
            0.001310110092163086,
            0.0013589859008789062,
            0.0013070106506347656,
            0.0013308525085449219,
            0.0013420581817626953
        ],
        "average": 0.0013530492782592774,
        "min": 0.001300811767578125,
        "max": 0.001603841781616211
    },
    "p16": {
        "class": "P16",
        "include_startup": false,
        "runs": [
            0.0012760162353515625,
            0.0012679100036621094,
            0.0012431144714355469,
            0.0012388229370117188,
            0.0016009807586669922,
            0.0023009777069091797,
            0.0018610954284667969,
            0.0018558502197265625,
            0.0018367767333984375,
            0.001844167709350586
        ],
        "average": 0.0016325712203979492,
        "min": 0.0012388229370117188,
        "max": 0.0023009777069091797
    },
    "p16_startup": {
        "class": "P16",
        "include_startup": true,
        "runs": [
            0.0015690326690673828,
            0.0013210773468017578,
            0.0013539791107177734,
            0.0013189315795898438,
            0.0013310909271240234,
            0.001316070556640625,
            0.0013010501861572266,
            0.0013458728790283203,
            0.0013320446014404297,
            0.0013730525970458984
        ],
        "average": 0.001356220245361328,
        "min": 0.0013010501861572266,
        "max": 0.0015690326690673828
    },
    "pin16": {
        "class": "PIn16",
        "include_startup": false,
        "runs": [
            0.0012078285217285156,
            0.0012669563293457031,
            0.0012738704681396484,
            0.0012350082397460938,
            0.0012450218200683594,
            0.0012340545654296875,
            0.001252889633178711,
            0.0012369155883789062,
            0.0012710094451904297,
            0.0012409687042236328
        ],
        "average": 0.0012464523315429688,
        "min": 0.0012078285217285156,
        "max": 0.0012738704681396484
    },
    "pin16_startup": {
        "class": "PIn16",
        "include_startup": true,
        "runs": [
            0.0015912055969238281,
            0.0012989044189453125,
            0.0012891292572021484,
            0.0013468265533447266,
            0.0013298988342285156,
            0.0012638568878173828,
            0.0012969970703125,
            0.0012671947479248047,
            0.0012907981872558594,
            0.001277923583984375
        ],
        "average": 0.0013252735137939454,
        "min": 0.0012638568878173828,
        "max": 0.0015912055969238281
    },
    "z26": {
        "class": "Z26",
        "include_startup": false,
        "runs": [
            0.0012488365173339844,
            0.0012700557708740234,
            0.0012469291687011719,
            0.0012469291687011719,
            0.001230001449584961,
            0.001260995864868164,
            0.0012230873107910156,
            0.001260995864868164,
            0.0012249946594238281,
            0.0012362003326416016
        ],
        "average": 0.0012449026107788086,
        "min": 0.0012230873107910156,
        "max": 0.0012700557708740234
    },
    "z26_startup": {
        "class": "Z26",
        "include_startup": true,
        "runs": [
            0.0016150474548339844,
            0.0013289451599121094,
            0.0013530254364013672,
            0.001367807388305664,
            0.001341104507446289,
            0.0013320446014404297,
            0.0013878345489501953,
            0.0013480186462402344,
            0.0013720989227294922,
            0.0013518333435058594
        ],
        "average": 0.0013797760009765625,
        "min": 0.0013289451599121094,
        "max": 0.0016150474548339844
    },
    "zin26": {
        "class": "ZIn26",
        "include_startup": false,
        "runs": [
            0.0010199546813964844,
            0.0010290145874023438,
            0.001043081283569336,
            0.0010080337524414062,
            0.0010099411010742188,
            0.0010290145874023438,
            0.0010378360748291016,
            0.0010139942169189453,
            0.001007080078125,
            0.0010459423065185547
        ],
        "average": 0.0010243892669677735,
        "min": 0.001007080078125,
        "max": 0.0010459423065185547
    },
    "zin26_startup": {
        "class": "ZIn26",
        "include_startup": true,
        "runs": [
            0.0016431808471679688,
            0.001355886459350586,
            0.0014100074768066406,
            0.0013661384582519531,
            0.0012819766998291016,
            0.0012650489807128906,
            0.0013239383697509766,
            0.001257181167602539,
            0.0012941360473632812,
            0.0012750625610351562
        ],
        "average": 0.0013472557067871094,
        "min": 0.001257181167602539,
        "max": 0.0016431808471679688
    }
}