{
    "f06": {
        "class": "F06",
        "include_startup": false,
        "runs": [
            0.09804797172546387,
            0.11587405204772949,
            0.09899497032165527,
            0.09820199012756348,
            0.09894394874572754,
            0.09860801696777344,
            0.09825587272644043,
            0.10018205642700195,
            0.09758400917053223,
            0.09780097007751465
        ],
        "average": 0.10024938583374024,
        "min": 0.09758400917053223,
        "max": 0.11587405204772949
    },
    "f06_startup": {
        "class": "F06",
        "include_startup": true,
        "runs": [
            0.09361886978149414,
            0.0921480655670166,
            0.09317588806152344,
            0.09171199798583984,
            0.09185600280761719,
            0.10414791107177734,
            0.1001889705657959,
            0.11474800109863281,
            0.0996098518371582,
            0.09995603561401367
        ],
        "average": 0.09811615943908691,
        "min": 0.09171199798583984,
        "max": 0.11474800109863281
    },
    "fin06": {
        "class": "FIn06",
        "include_startup": false,
        "runs": [
            0.09910297393798828,
            0.09899306297302246,
            0.10147809982299805,
            0.10032796859741211,
            0.09939312934875488,
            0.10365605354309082,
            0.10302901268005371,
            0.10588693618774414,
            0.1038060188293457,
            0.1030881404876709
        ],
        "average": 0.1018761396408081,
        "min": 0.09899306297302246,
        "max": 0.10588693618774414
    },
    "fin06_startup": {
        "class": "FIn06",
        "include_startup": true,
        "runs": [
            0.12134003639221191,
            0.10547304153442383,
            0.10708093643188477,
            0.11902594566345215,
            0.10632586479187012,
            0.10821986198425293,
            0.0998690128326416,
            0.09907913208007812,
            0.10009908676147461,
            0.10065698623657227
        ],
        "average": 0.10671699047088623,
        "min": 0.09907913208007812,
        "max": 0.12134003639221191
    },
    "p16": {
        "class": "P16",
        "include_startup": false,
        "runs": [
            13.620294094085693,
            12.94602084159851,
            13.165629148483276,
            13.709028005599976,
            10.334169149398804,
            12.900593996047974,
            13.694046020507812,
            13.828373908996582,
            12.847723007202148,
            12.911108016967773
        ],
        "average": 12.995698618888856,
        "min": 10.334169149398804,
        "max": 13.828373908996582
    },
    "p16_startup": {
        "class": "P16",
        "include_startup": true,
        "runs": [
            13.997205018997192,
            14.116934061050415,
            13.644607782363892,
            13.27944803237915,
            13.723732948303223,
            13.750051975250244,
            13.95113492012024,
            13.732763051986694,
            13.31074595451355,
            13.671164989471436
        ],
        "average": 13.717778873443603,
        "min": 13.27944803237915,
        "max": 14.116934061050415
    },
    "pin16": {
        "class": "PIn16",
        "include_startup": false,
        "runs": [
            13.886034965515137,
            12.97676396369934,
            13.9916410446167,
            12.835706949234009,
            12.91110610961914,
            13.692183017730713,
            13.342679023742676,
            13.769012928009033,
            13.75252389907837,
            13.120218992233276
        ],
        "average": 13.42778708934784,
        "min": 12.835706949234009,
        "max": 13.9916410446167
    },
    "pin16_startup": {
        "class": "PIn16",
        "include_startup": true,
        "runs": [
            13.641801118850708,
            12.85930609703064,
            13.8991539478302,
            13.049026012420654,
            13.03496503829956,
            12.90990400314331,
            12.902724981307983,
            13.864363193511963,
            10.454470872879028,
            14.03764295578003
        ],
        "average": 13.065335822105407,
        "min": 10.454470872879028,
        "max": 14.03764295578003
    }
}