{
    "f06": {
        "class": "F06",
        "include_startup": false,
        "runs": [
            0.0013499259948730469,
            0.0012700557708740234,
            0.0012259483337402344,
            0.001268148422241211,
            0.0012369155883789062,
            0.0012638568878173828,
            0.0012362003326416016,
            0.0012238025665283203,
            0.0012519359588623047,
            0.001280069351196289
        ],
        "average": 0.001260685920715332,
        "min": 0.0012238025665283203,
        "max": 0.0013499259948730469
    },
    "f06_startup": {
        "class": "F06",
        "include_startup": true,
        "runs": [
            0.0015859603881835938,
            0.0013649463653564453,
            0.0013959407806396484,
            0.0013740062713623047,
            0.0013570785522460938,
            0.0013980865478515625,
            0.001341104507446289,
            0.0013840198516845703,
            0.0014219284057617188,
            0.001299142837524414
        ],
        "average": 0.001392221450805664,
        "min": 0.001299142837524414,
        "max": 0.0015859603881835938
    },
    "fin06": {
        "class": "FIn06",
        "include_startup": false,
        "runs": [
            0.0009779930114746094,
            0.000982046127319336,
            0.0010039806365966797,
            0.0009839534759521484,
            0.0009989738464355469,
            0.0010099411010742188,
            0.0009899139404296875,
            0.001001119613647461,
            0.0009748935699462891,
            0.000988006591796875
        ],
        "average": 0.000991082191467285,
        "min": 0.0009748935699462891,
        "max": 0.0010099411010742188
    },
    "fin06_startup": {
        "class": "FIn06",
        "include_startup": true,
        "runs": [
            0.0015888214111328125,
            0.0013420581817626953,
            0.0013079643249511719,
            0.0013580322265625,
            0.001313924789428711,
            0.0013468265533447266,
            0.0013070106506347656,
            0.001302957534790039,
            0.001338958740234375,
            0.0013360977172851562
        ],
        "average": 0.0013542652130126953,
        "min": 0.001302957534790039,
        "max": 0.0015888214111328125
    },
    "p16": {
        "class": "P16",
        "include_startup": false,
        "runs": [
            0.001255035400390625,
            0.0012831687927246094,
            0.0012540817260742188,
            0.0012669563293457031,
            0.0012731552124023438,
            0.0012509822845458984,
            0.0012540817260742188,
            0.0013020038604736328,
            0.0012590885162353516,
            0.0012531280517578125
        ],
        "average": 0.0012651681900024414,
        "min": 0.0012509822845458984,
        "max": 0.0013020038604736328
    },
    "p16_startup": {
        "class": "P16",
        "include_startup": true,
        "runs": [
            0.0016210079193115234,
            0.0013880729675292969,
            0.0014238357543945312,
            0.00138092041015625,
            0.0014269351959228516,
            0.0013508796691894531,
            0.0013620853424072266,
            0.00133514404296875,
            0.0013670921325683594,
            0.0013289451599121094
        ],
        "average": 0.0013984918594360351,
        "min": 0.0013289451599121094,
        "max": 0.0016210079193115234
    },
    "pin16": {
        "class": "PIn16",
        "include_startup": false,
        "runs": [
            0.0012471675872802734,
            0.0012578964233398438,
            0.0012271404266357422,
            0.001232147216796875,
            0.0013079643249511719,
            0.0012400150299072266,
            0.0012362003326416016,
            0.0012960433959960938,
            0.001260995864868164,
            0.0012881755828857422
        ],
        "average": 0.0012593746185302734,
        "min": 0.0012271404266357422,
        "max": 0.0013079643249511719
    },
    "pin16_startup": {
        "class": "PIn16",
        "include_startup": true,
        "runs": [
            0.0017731189727783203,
            0.0014197826385498047,
            0.001399993896484375,
            0.0013659000396728516,
            0.0013661384582519531,
            0.0014789104461669922,
            0.0014679431915283203,
            0.0014388561248779297,
            0.0014500617980957031,
            0.0014030933380126953
        ],
        "average": 0.0014563798904418945,
        "min": 0.0013659000396728516,
        "max": 0.0017731189727783203
    },
    "z26": {
        "class": "Z26",
        "include_startup": false,
        "runs": [
            0.0009980201721191406,
            0.0010280609130859375,
            0.0010390281677246094,
            0.0010161399841308594,
            0.0009951591491699219,
            0.0009951591491699219,
            0.0009930133819580078,
            0.0009949207305908203,
            0.0009930133819580078,
            0.0009908676147460938
        ],
        "average": 0.001004338264465332,
        "min": 0.0009908676147460938,
        "max": 0.0010390281677246094
    },
    "z26_startup": {
        "class": "Z26",
        "include_startup": true,
        "runs": [
            0.0017011165618896484,
            0.0013980865478515625,
            0.0014178752899169922,
            0.0013890266418457031,
            0.0014309883117675781,
            0.0014369487762451172,
            0.0014309883117675781,
            0.001425027847290039,
            0.0013539791107177734,
            0.0013270378112792969
        ],
        "average": 0.001431107521057129,
        "min": 0.0013270378112792969,
        "max": 0.0017011165618896484
    },
    "zin26": {
        "class": "ZIn26",
        "include_startup": false,
        "runs": [
            0.0012640953063964844,
            0.0012769699096679688,
            0.0012731552124023438,
            0.001287221908569336,
            0.0012581348419189453,
            0.0012700557708740234,
            0.0012629032135009766,
            0.0012769699096679688,
            0.0012500286102294922,
            0.0012581348419189453
        ],
        "average": 0.0012677669525146484,
        "min": 0.0012500286102294922,
        "max": 0.001287221908569336
    },
    "zin26_startup": {
        "class": "ZIn26",
        "include_startup": true,
        "runs": [
            0.0016970634460449219,
            0.0013730525970458984,
            0.0014269351959228516,
            0.0013799667358398438,
            0.0013899803161621094,
            0.0014028549194335938,
            0.0013971328735351562,
            0.0013568401336669922,
            0.0013859272003173828,
            0.0013420581817626953
        ],
        "average": 0.0014151811599731445,
        "min": 0.0013420581817626953,
        "max": 0.0016970634460449219
    }
}