{
    "f06": {
        "class": "F06",
        "include_startup": false,
        "runs": [
            0.0007998943328857422,
            0.0007898807525634766,
            0.0007898807525634766,
            0.0007719993591308594,
            0.0007860660552978516,
            0.0007779598236083984,
            0.0007860660552978516,
            0.0007870197296142578,
            0.0007767677307128906,
            0.0007920265197753906
        ],
        "average": 0.0007857561111450195,
        "min": 0.0007719993591308594,
        "max": 0.0007998943328857422
    },
    "f06_startup": {
        "class": "F06",
        "include_startup": true,
        "runs": [
            0.0008649826049804688,
            0.0008020401000976562,
            0.0007829666137695312,
            0.00080108642578125,
            0.0008609294891357422,
            0.0008001327514648438,
            0.0007891654968261719,
            0.0007779598236083984,
            0.0008018016815185547,
            0.0007941722869873047
        ],
        "average": 0.0008075237274169922,
        "min": 0.0007779598236083984,
        "max": 0.0008649826049804688
    },
    "fin06": {
        "class": "FIn06",
        "include_startup": false,
        "runs": [
            0.0008270740509033203,
            0.0007910728454589844,
            0.0008029937744140625,
            0.0008130073547363281,
            0.000804901123046875,
            0.0007998943328857422,
            0.0007848739624023438,
            0.0007979869842529297,
            0.0007979869842529297,
            0.0007860660552978516
        ],
        "average": 0.0008005857467651367,
        "min": 0.0007848739624023438,
        "max": 0.0008270740509033203
    },
    "fin06_startup": {
        "class": "FIn06",
        "include_startup": true,
        "runs": [
            0.0007700920104980469,
            0.0007660388946533203,
            0.0007340908050537109,
            0.0007479190826416016,
            0.0007481575012207031,
            0.0007641315460205078,
            0.0007410049438476562,
            0.0007369518280029297,
            0.0007441043853759766,
            0.0007479190826416016
        ],
        "average": 0.0007500410079956055,
        "min": 0.0007340908050537109,
        "max": 0.0007700920104980469
    },
    "p16": {
        "class": "P16",
        "include_startup": false,
        "runs": [
            0.0007522106170654297,
            0.0006968975067138672,
            0.0006768703460693359,
            0.0006890296936035156,
            0.0006809234619140625,
            0.0006809234619140625,
            0.0006849765777587891,
            0.0006990432739257812,
            0.0006840229034423828,
            0.0006761550903320312
        ],
        "average": 0.0006921052932739258,
        "min": 0.0006761550903320312,
        "max": 0.0007522106170654297
    },
    "p16_startup": {
        "class": "P16",
        "include_startup": true,
        "runs": [
            0.0008308887481689453,
            0.0008320808410644531,
            0.0008161067962646484,
            0.0008068084716796875,
            0.000823974609375,
            0.0007979869842529297,
            0.0008180141448974609,
            0.0008070468902587891,
            0.0008070468902587891,
            0.0008459091186523438
        ],
        "average": 0.0008185863494873047,
        "min": 0.0007979869842529297,
        "max": 0.0008459091186523438
    },
    "pin16": {
        "class": "PIn16",
        "include_startup": false,
        "runs": [
            0.0008130073547363281,
            0.0007779598236083984,
            0.0007638931274414062,
            0.0007750988006591797,
            0.0007688999176025391,
            0.0007848739624023438,
            0.0007460117340087891,
            0.0007410049438476562,
            0.0007619857788085938,
            0.0007660388946533203
        ],
        "average": 0.0007698774337768554,
        "min": 0.0007410049438476562,
        "max": 0.0008130073547363281
    },
    "pin16_startup": {
        "class": "PIn16",
        "include_startup": true,
        "runs": [
            0.0008330345153808594,
            0.0008118152618408203,
            0.0008170604705810547,
            0.0008230209350585938,
            0.0007991790771484375,
            0.0008149147033691406,
            0.0008139610290527344,
            0.0008118152618408203,
            0.0008180141448974609,
            0.0008158683776855469
        ],
        "average": 0.0008158683776855469,
        "min": 0.0007991790771484375,
        "max": 0.0008330345153808594
    },
    "z26": {
        "class": "Z26",
        "include_startup": false,
        "runs": [
            0.0008912086486816406,
            0.0008320808410644531,
            0.0008139610290527344,
            0.0007991790771484375,
            0.0007760524749755859,
            0.0007970333099365234,
            0.0007882118225097656,
            0.0008130073547363281,
            0.0007951259613037109,
            0.0007801055908203125
        ],
        "average": 0.0008085966110229492,
        "min": 0.0007760524749755859,
        "max": 0.0008912086486816406
    },
    "z26_startup": {
        "class": "Z26",
        "include_startup": true,
        "runs": [
            0.0008349418640136719,
            0.0008170604705810547,
            0.0007898807525634766,
            0.0008029937744140625,
            0.0008060932159423828,
            0.0008041858673095703,
            0.0008161067962646484,
            0.000823974609375,
            0.0007979869842529297,
            0.0008220672607421875
        ],
        "average": 0.0008115291595458985,
        "min": 0.0007898807525634766,
        "max": 0.0008349418640136719
    },
    "zin26": {
        "class": "ZIn26",
        "include_startup": false,
        "runs": [
            0.0008358955383300781,
            0.0007960796356201172,
            0.0007860660552978516,
            0.00078582763671875,
            0.0007750988006591797,
            0.0007848739624023438,
            0.0008008480072021484,
            0.0007910728454589844,
            0.0007948875427246094,
            0.0007848739624023438
        ],
        "average": 0.0007935523986816406,
        "min": 0.0007750988006591797,
        "max": 0.0008358955383300781
    },
    "zin26_startup": {
        "class": "ZIn26",
        "include_startup": true,
        "runs": [
            0.0008749961853027344,
            0.0008141994476318359,
            0.0008041858673095703,
            0.0007739067077636719,
            0.0007960796356201172,
            0.0007970333099365234,
            0.0007851123809814453,
            0.0007979869842529297,
            0.0007798671722412109,
            0.0007960796356201172
        ],
        "average": 0.0008019447326660156,
        "min": 0.0007739067077636719,
        "max": 0.0008749961853027344
    }
}