{
    "f06": {
        "class": "F06",
        "include_startup": false,
        "runs": [
            0.00139617919921875,
            0.001322031021118164,
            0.0013189315795898438,
            0.0013451576232910156,
            0.001310110092163086,
            0.0013120174407958984,
            0.0013539791107177734,
            0.0013248920440673828,
            0.00133514404296875,
            0.0013420581817626953
        ],
        "average": 0.001336050033569336,
        "min": 0.001310110092163086,
        "max": 0.00139617919921875
    },
    "f06_startup": {
        "class": "F06",
        "include_startup": true,
        "runs": [
            0.0022192001342773438,
            0.0015940666198730469,
            0.0015799999237060547,
            0.0015578269958496094,
            0.0015799999237060547,
            0.001561880111694336,
            0.0015671253204345703,
            0.0015568733215332031,
            0.001544952392578125,
            0.0015540122985839844
        ],
        "average": 0.0016315937042236327,
        "min": 0.001544952392578125,
        "max": 0.0022192001342773438
    },
    "fin06": {
        "class": "FIn06",
        "include_startup": false,
        "runs": [
            0.004083871841430664,
            0.004062175750732422,
            0.0040509700775146484,
            0.0040171146392822266,
            0.004034996032714844,
            0.00410008430480957,
            0.0040700435638427734,
            0.004082918167114258,
            0.004333972930908203,
            0.004091024398803711
        ],
        "average": 0.004092717170715332,
        "min": 0.0040171146392822266,
        "max": 0.004333972930908203
    },
    "fin06_startup": {
        "class": "FIn06",
        "include_startup": true,
        "runs": [
            0.005668163299560547,
            0.00472712516784668,
            0.004839897155761719,
            0.004836082458496094,
            0.004878997802734375,
            0.004758119583129883,
            0.0047910213470458984,
            0.004954814910888672,
            0.004914999008178711,
            0.0047991275787353516
        ],
        "average": 0.004916834831237793,
        "min": 0.00472712516784668,
        "max": 0.005668163299560547
    },
    "p16": {
        "class": "P16",
        "include_startup": false,
        "runs": [
            0.001413106918334961,
            0.0013549327850341797,
            0.0013470649719238281,
            0.0013530254364013672,
            0.0013539791107177734,
            0.001363992691040039,
            0.0013780593872070312,
            0.0013568401336669922,
            0.001363992691040039,
            0.0013628005981445312
        ],
        "average": 0.0013647794723510743,
        "min": 0.0013470649719238281,
        "max": 0.001413106918334961
    },
    "p16_startup": {
        "class": "P16",
        "include_startup": true,
        "runs": [
            0.0029969215393066406,
            0.003570079803466797,
            0.003692150115966797,
            0.003641843795776367,
            0.003651857376098633,
            0.003610849380493164,
            0.0036449432373046875,
            0.0037178993225097656,
            0.003612041473388672,
            0.0036869049072265625
        ],
        "average": 0.0035825490951538084,
        "min": 0.0029969215393066406,
        "max": 0.0037178993225097656
    },
    "pin16": {
        "class": "PIn16",
        "include_startup": false,
        "runs": [
            0.004102945327758789,
            0.0040090084075927734,
            0.0039980411529541016,
            0.003975868225097656,
            0.003977060317993164,
            0.00396418571472168,
            0.003976106643676758,
            0.004539012908935547,
            0.003942966461181641,
            0.003949880599975586
        ],
        "average": 0.00404350757598877,
        "min": 0.003942966461181641,
        "max": 0.004539012908935547
    },
    "pin16_startup": {
        "class": "PIn16",
        "include_startup": true,
        "runs": [
            0.004130840301513672,
            0.0035660266876220703,
            0.0035119056701660156,
            0.0035300254821777344,
            0.0035219192504882812,
            0.00351715087890625,
            0.003506183624267578,
            0.003520965576171875,
            0.0036458969116210938,
            0.0034949779510498047
        ],
        "average": 0.0035945892333984373,
        "min": 0.0034949779510498047,
        "max": 0.004130840301513672
    },
    "z26": {
        "class": "Z26",
        "include_startup": false,
        "runs": [
            0.0014660358428955078,
            0.0013408660888671875,
            0.0013499259948730469,
            0.0013298988342285156,
            0.0013289451599121094,
            0.0013442039489746094,
            0.001363992691040039,
            0.0013260841369628906,
            0.0013279914855957031,
            0.0013279914855957031
        ],
        "average": 0.0013505935668945313,
        "min": 0.0013260841369628906,
        "max": 0.0014660358428955078
    },
    "z26_startup": {
        "class": "Z26",
        "include_startup": true,
        "runs": [
            0.002893209457397461,
            0.002109050750732422,
            0.0021147727966308594,
            0.0021140575408935547,
            0.002070903778076172,
            0.002061128616333008,
            0.0020880699157714844,
            0.0020542144775390625,
            0.0020711421966552734,
            0.0020940303802490234
        ],
        "average": 0.002167057991027832,
        "min": 0.0020542144775390625,
        "max": 0.002893209457397461
    },
    "zin26": {
        "class": "ZIn26",
        "include_startup": false,
        "runs": [
            0.0076329708099365234,
            0.007486104965209961,
            0.0074901580810546875,
            0.007447004318237305,
            0.007582902908325195,
            0.007554054260253906,
            0.00753021240234375,
            0.007437944412231445,
            0.00746607780456543,
            0.0044939517974853516
        ],
        "average": 0.007212138175964356,
        "min": 0.0044939517974853516,
        "max": 0.0076329708099365234
    },
    "zin26_startup": {
        "class": "ZIn26",
        "include_startup": true,
        "runs": [
            0.004742860794067383,
            0.004128932952880859,
            0.004182100296020508,
            0.0040590763092041016,
            0.0040438175201416016,
            0.004029989242553711,
            0.004026889801025391,
            0.0040438175201416016,
            0.004024028778076172,
            0.004029035568237305
        ],
        "average": 0.004131054878234864,
        "min": 0.004024028778076172,
        "max": 0.004742860794067383
    }
}