{
    "f06": {
        "class": "F06",
        "include_startup": false,
        "runs": [
            0.001196146011352539,
            0.001138925552368164,
            0.0011448860168457031,
            0.001110076904296875,
            0.0011169910430908203,
            0.0010900497436523438,
            0.0011010169982910156,
            0.001094818115234375,
            0.0011069774627685547,
            0.0011029243469238281
        ],
        "average": 0.001120281219482422,
        "min": 0.0010900497436523438,
        "max": 0.001196146011352539
    },
    "f06_startup": {
        "class": "F06",
        "include_startup": true,
        "runs": [
            0.002292156219482422,
            0.001399993896484375,
            0.0014100074768066406,
            0.001425027847290039,
            0.0014090538024902344,
            0.0013921260833740234,
            0.0014121532440185547,
            0.0013670921325683594,
            0.001394033432006836,
            0.0014159679412841797
        ],
        "average": 0.0014917612075805663,
        "min": 0.0013670921325683594,
        "max": 0.002292156219482422
    },
    "p16": {
        "class": "P16",
        "include_startup": false,
        "runs": [
            0.0015590190887451172,
            0.001332998275756836,
            0.0013179779052734375,
            0.0012979507446289062,
            0.0013458728790283203,
            0.0012950897216796875,
            0.0013010501861572266,
            0.001338958740234375,
            0.001291036605834961,
            0.0012929439544677734
        ],
        "average": 0.001337289810180664,
        "min": 0.001291036605834961,
        "max": 0.0015590190887451172
    },
    "p16_startup": {
        "class": "P16",
        "include_startup": true,
        "runs": [
            0.0022809505462646484,
            0.0014221668243408203,
            0.0013890266418457031,
            0.001435995101928711,
            0.0014259815216064453,
            0.0014410018920898438,
            0.0014259815216064453,
            0.0014300346374511719,
            0.001425027847290039,
            0.0014171600341796875
        ],
        "average": 0.0015093326568603516,
        "min": 0.0013890266418457031,
        "max": 0.0022809505462646484
    },
    "z26": {
        "class": "Z26",
        "include_startup": false,
        "runs": [
            0.0016138553619384766,
            0.0013439655303955078,
            0.0014460086822509766,
            0.0013420581817626953,
            0.0013470649719238281,
            0.0013759136199951172,
            0.0014948844909667969,
            0.0013630390167236328,
            0.0013439655303955078,
            0.0013120174407958984
        ],
        "average": 0.0013982772827148438,
        "min": 0.0013120174407958984,
        "max": 0.0016138553619384766
    },
    "z26_startup": {
        "class": "Z26",
        "include_startup": true,
        "runs": [
            0.0023920536041259766,
            0.0015590190887451172,
            0.0015151500701904297,
            0.0015141963958740234,
            0.0015020370483398438,
            0.0015130043029785156,
            0.001508951187133789,
            0.0015170574188232422,
            0.0015320777893066406,
            0.001497030258178711
        ],
        "average": 0.001605057716369629,
        "min": 0.001497030258178711,
        "max": 0.0023920536041259766
    }
}