{
    "f06": {
        "class": "F06",
        "include_startup": false,
        "runs": [
            0.0014319419860839844,
            0.0013267993927001953,
            0.001367807388305664,
            0.001332998275756836,
            0.0013239383697509766,
            0.0013699531555175781,
            0.0013420581817626953,
            0.0013608932495117188,
            0.0013599395751953125,
            0.0013499259948730469
        ],
        "average": 0.0013566255569458009,
        "min": 0.0013239383697509766,
        "max": 0.0014319419860839844
    },
    "f06_startup": {
        "class": "F06",
        "include_startup": true,
        "runs": [
            0.001834869384765625,
            0.0011749267578125,
            0.001165151596069336,
            0.001116037368774414,
            0.0011758804321289062,
            0.0011191368103027344,
            0.0011539459228515625,
            0.0011341571807861328,
            0.0011310577392578125,
            0.0010988712310791016
        ],
        "average": 0.0012104034423828125,
        "min": 0.0010988712310791016,
        "max": 0.001834869384765625
    },
    "p16": {
        "class": "P16",
        "include_startup": false,
        "runs": [
            0.0014710426330566406,
            0.0013048648834228516,
            0.0013070106506347656,
            0.0013298988342285156,
            0.0013058185577392578,
            0.0012960433959960938,
            0.0013310909271240234,
            0.0013439655303955078,
            0.0012938976287841797,
            0.0013089179992675781
        ],
        "average": 0.0013292551040649414,
        "min": 0.0012938976287841797,
        "max": 0.0014710426330566406
    },
    "p16_startup": {
        "class": "P16",
        "include_startup": true,
        "runs": [
            0.0022509098052978516,
            0.0014400482177734375,
            0.0013861656188964844,
            0.0014410018920898438,
            0.0013799667358398438,
            0.001383066177368164,
            0.0015020370483398438,
            0.0014219284057617188,
            0.001394033432006836,
            0.0013949871063232422
        ],
        "average": 0.0014994144439697266,
        "min": 0.0013799667358398438,
        "max": 0.0022509098052978516
    },
    "z26": {
        "class": "Z26",
        "include_startup": false,
        "runs": [
            0.0012950897216796875,
            0.0010890960693359375,
            0.0014011859893798828,
            0.0011119842529296875,
            0.0010800361633300781,
            0.001074075698852539,
            0.001085042953491211,
            0.0011029243469238281,
            0.0011069774627685547,
            0.0010848045349121094
        ],
        "average": 0.0011431217193603516,
        "min": 0.001074075698852539,
        "max": 0.0014011859893798828
    },
    "z26_startup": {
        "class": "Z26",
        "include_startup": true,
        "runs": [
            0.0018210411071777344,
            0.001165151596069336,
            0.0011639595031738281,
            0.0011720657348632812,
            0.0011630058288574219,
            0.0011379718780517578,
            0.0011448860168457031,
            0.0011410713195800781,
            0.001138925552368164,
            0.0013310909271240234
        ],
        "average": 0.0012379169464111328,
        "min": 0.0011379718780517578,
        "max": 0.0018210411071777344
    }
}