{
    "f06": {
        "class": "F06",
        "include_startup": false,
        "runs": [
            0.0007910728454589844,
            0.0007660388946533203,
            0.0007679462432861328,
            0.0007770061492919922,
            0.0007801055908203125,
            0.0007660388946533203,
            0.0007760524749755859,
            0.0007691383361816406,
            0.0007719993591308594,
            0.0007700920104980469
        ],
        "average": 0.0007735490798950195,
        "min": 0.0007660388946533203,
        "max": 0.0007910728454589844
    },
    "f06_startup": {
        "class": "F06",
        "include_startup": true,
        "runs": [
            0.0006339550018310547,
            0.0006110668182373047,
            0.0005979537963867188,
            0.0006058216094970703,
            0.0005991458892822266,
            0.0006070137023925781,
            0.0006029605865478516,
            0.0005869865417480469,
            0.0006039142608642578,
            0.0005898475646972656
        ],
        "average": 0.0006038665771484375,
        "min": 0.0005869865417480469,
        "max": 0.0006339550018310547
    },
    "fin06": {
        "class": "FIn06",
        "include_startup": false,
        "runs": [
            0.0007920265197753906,
            0.0007839202880859375,
            0.0007729530334472656,
            0.0007679462432861328,
            0.0007500648498535156,
            0.0007610321044921875,
            0.0007729530334472656,
            0.0007681846618652344,
            0.0007669925689697266,
            0.0007569789886474609
        ],
        "average": 0.0007693052291870117,
        "min": 0.0007500648498535156,
        "max": 0.0007920265197753906
    },
    "fin06_startup": {
        "class": "FIn06",
        "include_startup": true,
        "runs": [
            0.0008380413055419922,
            0.0008101463317871094,
            0.0008139610290527344,
            0.0008089542388916016,
            0.0008070468902587891,
            0.0007920265197753906,
            0.0008020401000976562,
            0.0008020401000976562,
            0.0008060932159423828,
            0.0008029937744140625
        ],
        "average": 0.0008083343505859375,
        "min": 0.0007920265197753906,
        "max": 0.0008380413055419922
    },
    "p16": {
        "class": "P16",
        "include_startup": false,
        "runs": [
            0.0009729862213134766,
            0.001096963882446289,
            0.0011370182037353516,
            0.0011649131774902344,
            0.0011758804321289062,
            0.0011441707611083984,
            0.0011868476867675781,
            0.0011529922485351562,
            0.0011370182037353516,
            0.0011508464813232422
        ],
        "average": 0.0011319637298583985,
        "min": 0.0009729862213134766,
        "max": 0.0011868476867675781
    },
    "p16_startup": {
        "class": "P16",
        "include_startup": true,
        "runs": [
            0.0007967948913574219,
            0.0009360313415527344,
            0.0008389949798583984,
            0.0008261203765869141,
            0.0008299350738525391,
            0.0008280277252197266,
            0.0008349418640136719,
            0.0008070468902587891,
            0.0008120536804199219,
            0.0008211135864257812
        ],
        "average": 0.0008331060409545899,
        "min": 0.0007967948913574219,
        "max": 0.0009360313415527344
    },
    "pin16": {
        "class": "PIn16",
        "include_startup": false,
        "runs": [
            0.0007359981536865234,
            0.0008089542388916016,
            0.000762939453125,
            0.0007638931274414062,
            0.0007410049438476562,
            0.0007529258728027344,
            0.0007550716400146484,
            0.0007548332214355469,
            0.0007419586181640625,
            0.0007491111755371094
        ],
        "average": 0.0007566690444946289,
        "min": 0.0007359981536865234,
        "max": 0.0008089542388916016
    },
    "pin16_startup": {
        "class": "PIn16",
        "include_startup": true,
        "runs": [
            0.0007560253143310547,
            0.0008301734924316406,
            0.0008008480072021484,
            0.0008130073547363281,
            0.0008080005645751953,
            0.0008139610290527344,
            0.0007929801940917969,
            0.0008089542388916016,
            0.0008130073547363281,
            0.0008120536804199219
        ],
        "average": 0.000804901123046875,
        "min": 0.0007560253143310547,
        "max": 0.0008301734924316406
    },
    "z26": {
        "class": "Z26",
        "include_startup": false,
        "runs": [
            0.0006279945373535156,
            0.0005910396575927734,
            0.0006000995635986328,
            0.0005829334259033203,
            0.0005979537963867188,
            0.0006139278411865234,
            0.0005879402160644531,
            0.0006008148193359375,
            0.0005929470062255859,
            0.0005919933319091797
        ],
        "average": 0.0005987644195556641,
        "min": 0.0005829334259033203,
        "max": 0.0006279945373535156
    },
    "z26_startup": {
        "class": "Z26",
        "include_startup": true,
        "runs": [
            0.0007491111755371094,
            0.0008471012115478516,
            0.0007951259613037109,
            0.0007779598236083984,
            0.0007848739624023438,
            0.0007708072662353516,
            0.0007829666137695312,
            0.0007770061492919922,
            0.0007729530334472656,
            0.0007958412170410156
        ],
        "average": 0.000785374641418457,
        "min": 0.0007491111755371094,
        "max": 0.0008471012115478516
    },
    "zin26": {
        "class": "ZIn26",
        "include_startup": false,
        "runs": [
            0.0008170604705810547,
            0.0007660388946533203,
            0.0007710456848144531,
            0.0007731914520263672,
            0.0007760524749755859,
            0.0007870197296142578,
            0.0007679462432861328,
            0.0007898807525634766,
            0.0007748603820800781,
            0.0007829666137695312
        ],
        "average": 0.0007806062698364258,
        "min": 0.0007660388946533203,
        "max": 0.0008170604705810547
    },
    "zin26_startup": {
        "class": "ZIn26",
        "include_startup": true,
        "runs": [
            0.0008111000061035156,
            0.0007979869842529297,
            0.0007870197296142578,
            0.0007839202880859375,
            0.0007781982421875,
            0.0007910728454589844,
            0.000782012939453125,
            0.0007870197296142578,
            0.000782012939453125,
            0.0007669925689697266
        ],
        "average": 0.000786733627319336,
        "min": 0.0007669925689697266,
        "max": 0.0008111000061035156
    }
}