{
    "f06": {
        "class": "F06",
        "include_startup": false,
        "runs": [
            0.001399993896484375,
            0.0013320446014404297,
            0.0013458728790283203,
            0.00133514404296875,
            0.0013408660888671875,
            0.0013349056243896484,
            0.0013170242309570312,
            0.001603841781616211,
            0.0013420581817626953,
            0.0013360977172851562
        ],
        "average": 0.0013687849044799806,
        "min": 0.0013170242309570312,
        "max": 0.001603841781616211
    },
    "f06_startup": {
        "class": "F06",
        "include_startup": true,
        "runs": [
            0.004584074020385742,
            0.00220489501953125,
            0.002048015594482422,
            0.002065896987915039,
            0.002056121826171875,
            0.0020589828491210938,
            0.0020530223846435547,
            0.002045869827270508,
            0.0020639896392822266,
            0.0020530223846435547
        ],
        "average": 0.0023233890533447266,
        "min": 0.002045869827270508,
        "max": 0.004584074020385742
    },
    "fin06": {
        "class": "FIn06",
        "include_startup": false,
        "runs": [
            0.0040531158447265625,
            0.003961086273193359,
            0.0039539337158203125,
            0.003994941711425781,
            0.003973960876464844,
            0.003985881805419922,
            0.004014015197753906,
            0.003988027572631836,
            0.0040130615234375,
            0.003993988037109375
        ],
        "average": 0.00399320125579834,
        "min": 0.0039539337158203125,
        "max": 0.0040531158447265625
    },
    "fin06_startup": {
        "class": "FIn06",
        "include_startup": true,
        "runs": [
            0.005502939224243164,
            0.00471806526184082,
            0.005249977111816406,
            0.004727840423583984,
            0.004682064056396484,
            0.005223989486694336,
            0.004872798919677734,
            0.004662990570068359,
            0.004755973815917969,
            0.004662036895751953
        ],
        "average": 0.004905867576599121,
        "min": 0.004662036895751953,
        "max": 0.005502939224243164
    },
    "p16": {
        "class": "P16",
        "include_startup": false,
        "runs": [
            0.0013768672943115234,
            0.0013871192932128906,
            0.0013530254364013672,
            0.0013909339904785156,
            0.0013570785522460938,
            0.0013408660888671875,
            0.0013239383697509766,
            0.0013530254364013672,
            0.0013320446014404297,
            0.0013630390167236328
        ],
        "average": 0.0013577938079833984,
        "min": 0.0013239383697509766,
        "max": 0.0013909339904785156
    },
    "p16_startup": {
        "class": "P16",
        "include_startup": true,
        "runs": [
            0.0028219223022460938,
            0.002115011215209961,
            0.002122163772583008,
            0.002065896987915039,
            0.002067089080810547,
            0.002070188522338867,
            0.002235889434814453,
            0.002115964889526367,
            0.0021829605102539062,
            0.002195119857788086
        ],
        "average": 0.002199220657348633,
        "min": 0.002065896987915039,
        "max": 0.0028219223022460938
    },
    "pin16": {
        "class": "PIn16",
        "include_startup": false,
        "runs": [
            0.004050016403198242,
            0.004066944122314453,
            0.004040956497192383,
            0.004042863845825195,
            0.004045963287353516,
            0.0039730072021484375,
            0.004046201705932617,
            0.003971099853515625,
            0.004286050796508789,
            0.004175901412963867
        ],
        "average": 0.004069900512695313,
        "min": 0.003971099853515625,
        "max": 0.004286050796508789
    },
    "pin16_startup": {
        "class": "PIn16",
        "include_startup": true,
        "runs": [
            0.005349159240722656,
            0.004626035690307617,
            0.004523038864135742,
            0.004579782485961914,
            0.004526853561401367,
            0.0045261383056640625,
            0.0045659542083740234,
            0.0045070648193359375,
            0.0047571659088134766,
            0.004496097564697266
        ],
        "average": 0.004645729064941406,
        "min": 0.004496097564697266,
        "max": 0.005349159240722656
    },
    "z26": {
        "class": "Z26",
        "include_startup": false,
        "runs": [
            0.001394033432006836,
            0.001374959945678711,
            0.0013649463653564453,
            0.0013480186462402344,
            0.0013751983642578125,
            0.0013492107391357422,
            0.0013480186462402344,
            0.0013451576232910156,
            0.0013279914855957031,
            0.0013408660888671875
        ],
        "average": 0.0013568401336669922,
        "min": 0.0013279914855957031,
        "max": 0.001394033432006836
    },
    "z26_startup": {
        "class": "Z26",
        "include_startup": true,
        "runs": [
            0.002902984619140625,
            0.0020928382873535156,
            0.002070903778076172,
            0.002084016799926758,
            0.002065896987915039,
            0.0020689964294433594,
            0.002113819122314453,
            0.002035856246948242,
            0.0021991729736328125,
            0.002076864242553711
        ],
        "average": 0.0021711349487304687,
        "min": 0.002035856246948242,
        "max": 0.002902984619140625
    },
    "zin26": {
        "class": "ZIn26",
        "include_startup": false,
        "runs": [
            0.004043102264404297,
            0.003984928131103516,
            0.0040209293365478516,
            0.004004001617431641,
            0.00409388542175293,
            0.004055023193359375,
            0.004281044006347656,
            0.004029989242553711,
            0.00401616096496582,
            0.004018068313598633
        ],
        "average": 0.004054713249206543,
        "min": 0.003984928131103516,
        "max": 0.004281044006347656
    },
    "zin26_startup": {
        "class": "ZIn26",
        "include_startup": true,
        "runs": [
            0.005500078201293945,
            0.004709959030151367,
            0.004752159118652344,
            0.004642009735107422,
            0.0047359466552734375,
            0.00458216667175293,
            0.00471806526184082,
            0.004691123962402344,
            0.0047740936279296875,
            0.00463414192199707
        ],
        "average": 0.004773974418640137,
        "min": 0.00458216667175293,
        "max": 0.005500078201293945
    }
}