{
    "f06": {
        "class": "F06",
        "include_startup": false,
        "runs": [
            3.6222519874572754,
            2.0470387935638428,
            3.975071907043457,
            3.614635944366455,
            3.889216184616089,
            3.5915019512176514,
            3.7141129970550537,
            3.5229859352111816,
            3.8566858768463135,
            3.566748857498169
        ],
        "average": 3.5400250434875487,
        "min": 2.0470387935638428,
        "max": 3.975071907043457
    },
    "f06_startup": {
        "class": "F06",
        "include_startup": true,
        "runs": [
            3.710089921951294,
            3.677259922027588,
            3.6938090324401855,
            3.6749861240386963,
            3.61126708984375,
            3.864603042602539,
            2.0484580993652344,
            3.7309730052948,
            3.618412971496582,
            3.8697690963745117
        ],
        "average": 3.5499628305435182,
        "min": 2.0484580993652344,
        "max": 3.8697690963745117
    },
    "fin06": {
        "class": "FIn06",
        "include_startup": false,
        "runs": [
            3.7483108043670654,
            3.657721996307373,
            3.6724178791046143,
            3.8963589668273926,
            3.6993160247802734,
            3.8911468982696533,
            3.021160125732422,
            3.889141082763672,
            3.906743049621582,
            3.682620048522949
        ],
        "average": 3.7064936876297,
        "min": 3.021160125732422,
        "max": 3.906743049621582
    },
    "fin06_startup": {
        "class": "FIn06",
        "include_startup": true,
        "runs": [
            3.694733142852783,
            3.6758010387420654,
            3.6872060298919678,
            2.0523459911346436,
            3.735430955886841,
            3.7310268878936768,
            2.033423900604248,
            3.637526035308838,
            3.6229801177978516,
            3.7053840160369873
        ],
        "average": 3.35758581161499,
        "min": 2.033423900604248,
        "max": 3.735430955886841
    }
}