{
    "f06": {
        "class": "F06",
        "include_startup": false,
        "runs": [
            0.3705251216888428,
            0.35677504539489746,
            0.303447961807251,
            0.39673304557800293,
            0.3043351173400879,
            0.3905940055847168,
            0.40151000022888184,
            0.39520883560180664,
            0.42181897163391113,
            0.371157169342041
        ],
        "average": 0.37121052742004396,
        "min": 0.303447961807251,
        "max": 0.42181897163391113
    },
    "f06_startup": {
        "class": "F06",
        "include_startup": true,
        "runs": [
            0.36853790283203125,
            0.4106719493865967,
            0.3644258975982666,
            0.40632104873657227,
            0.3994309902191162,
            0.4248330593109131,
            0.4094111919403076,
            0.41060614585876465,
            0.3966519832611084,
            0.3608429431915283
        ],
        "average": 0.3951733112335205,
        "min": 0.3608429431915283,
        "max": 0.4248330593109131
    }
}