{
    "f06": {
        "class": "F06",
        "include_startup": false,
        "runs": [
            3.6477339267730713,
            2.030313014984131,
            3.4940121173858643,
            3.6293020248413086,
            3.6381561756134033,
            3.60483717918396,
            3.6819331645965576,
            3.5552711486816406,
            2.028130054473877,
            3.6959211826324463
        ],
        "average": 3.300560998916626,
        "min": 2.028130054473877,
        "max": 3.6959211826324463
    },
    "f06_startup": {
        "class": "F06",
        "include_startup": true,
        "runs": [
            2.0442230701446533,
            2.060283899307251,
            3.9042599201202393,
            3.9359920024871826,
            3.638730049133301,
            3.6479671001434326,
            3.9169509410858154,
            2.052441120147705,
            3.6889681816101074,
            3.5039188861846924
        ],
        "average": 3.239373517036438,
        "min": 2.0442230701446533,
        "max": 3.9359920024871826
    },
    "fin06": {
        "class": "FIn06",
        "include_startup": false,
        "runs": [
            3.695183038711548,
            3.596312999725342,
            2.07082200050354,
            3.556144952774048,
            3.6907989978790283,
            2.9937939643859863,
            2.04242205619812,
            3.782059907913208,
            3.7431888580322266,
            3.913084030151367
        ],
        "average": 3.3083810806274414,
        "min": 2.04242205619812,
        "max": 3.913084030151367
    },
    "fin06_startup": {
        "class": "FIn06",
        "include_startup": true,
        "runs": [
            3.5068788528442383,
            3.893275022506714,
            2.060098886489868,
            3.717410087585449,
            3.6248958110809326,
            3.6795740127563477,
            3.6815710067749023,
            3.9282851219177246,
            3.6460330486297607,
            3.6298649311065674
        ],
        "average": 3.5367886781692506,
        "min": 2.060098886489868,
        "max": 3.9282851219177246
    }
}