{
    "f06": {
        "class": "F06",
        "include_startup": false,
        "runs": [
            0.39284706115722656,
            0.40928006172180176,
            0.39766478538513184,
            0.4119148254394531,
            0.3905930519104004,
            0.3063349723815918,
            0.3032348155975342,
            0.3827240467071533,
            0.39714789390563965,
            0.41619300842285156
        ],
        "average": 0.3807934522628784,
        "min": 0.3032348155975342,
        "max": 0.41619300842285156
    },
    "f06_startup": {
        "class": "F06",
        "include_startup": true,
        "runs": [
            0.30405211448669434,
            0.39558911323547363,
            0.39952993392944336,
            0.40128612518310547,
            0.37059593200683594,
            0.4196300506591797,
            0.3968470096588135,
            0.4060521125793457,
            0.3136558532714844,
            0.40889477729797363
        ],
        "average": 0.38161330223083495,
        "min": 0.30405211448669434,
        "max": 0.4196300506591797
    }
}