{
    "f06": {
        "class": "F06",
        "include_startup": false,
        "runs": [
            0.0008270740509033203,
            0.0008559226989746094,
            0.000804901123046875,
            0.0007741451263427734,
            0.0007998943328857422,
            0.0007941722869873047,
            0.0007960796356201172,
            0.0007998943328857422,
            0.0007810592651367188,
            0.0008370876312255859
        ],
        "average": 0.0008070230484008789,
        "min": 0.0007741451263427734,
        "max": 0.0008559226989746094
    },
    "f06_startup": {
        "class": "F06",
        "include_startup": true,
        "runs": [
            0.0006220340728759766,
            0.0005829334259033203,
            0.0005879402160644531,
            0.0005810260772705078,
            0.0005941390991210938,
            0.0005860328674316406,
            0.000579833984375,
            0.0005929470062255859,
            0.0005791187286376953,
            0.0005838871002197266
        ],
        "average": 0.0005889892578125,
        "min": 0.0005791187286376953,
        "max": 0.0006220340728759766
    },
    "fin06": {
        "class": "FIn06",
        "include_startup": false,
        "runs": [
            0.0008361339569091797,
            0.0008280277252197266,
            0.0007879734039306641,
            0.0008149147033691406,
            0.0008149147033691406,
            0.0008251667022705078,
            0.0008251667022705078,
            0.0008101463317871094,
            0.0007870197296142578,
            0.0008177757263183594
        ],
        "average": 0.0008147239685058593,
        "min": 0.0007870197296142578,
        "max": 0.0008361339569091797
    },
    "fin06_startup": {
        "class": "FIn06",
        "include_startup": true,
        "runs": [
            0.0006799697875976562,
            0.0006701946258544922,
            0.0006341934204101562,
            0.0006091594696044922,
            0.0006260871887207031,
            0.0006170272827148438,
            0.0006411075592041016,
            0.0006349086761474609,
            0.0006139278411865234,
            0.0006389617919921875
        ],
        "average": 0.0006365537643432617,
        "min": 0.0006091594696044922,
        "max": 0.0006799697875976562
    },
    "p16": {
        "class": "P16",
        "include_startup": false,
        "runs": [
            0.0008139610290527344,
            0.0007588863372802734,
            0.0007691383361816406,
            0.0007770061492919922,
            0.0007679462432861328,
            0.0007688999176025391,
            0.0007510185241699219,
            0.0007650852203369141,
            0.0007638931274414062,
            0.0007681846618652344
        ],
        "average": 0.000770401954650879,
        "min": 0.0007510185241699219,
        "max": 0.0008139610290527344
    },
    "p16_startup": {
        "class": "P16",
        "include_startup": true,
        "runs": [
            0.0008571147918701172,
            0.0008189678192138672,
            0.0008020401000976562,
            0.0007998943328857422,
            0.0008020401000976562,
            0.0008101463317871094,
            0.0007939338684082031,
            0.000782012939453125,
            0.0007898807525634766,
            0.0007801055908203125
        ],
        "average": 0.0008036136627197265,
        "min": 0.0007801055908203125,
        "max": 0.0008571147918701172
    },
    "pin16": {
        "class": "PIn16",
        "include_startup": false,
        "runs": [
            0.0008449554443359375,
            0.0008130073547363281,
            0.0007979869842529297,
            0.0008451938629150391,
            0.0008130073547363281,
            0.0007920265197753906,
            0.0008080005645751953,
            0.0008289813995361328,
            0.0008099079132080078,
            0.0008149147033691406
        ],
        "average": 0.000816798210144043,
        "min": 0.0007920265197753906,
        "max": 0.0008451938629150391
    },
    "pin16_startup": {
        "class": "PIn16",
        "include_startup": true,
        "runs": [
            0.0007929801940917969,
            0.0007739067077636719,
            0.0007519721984863281,
            0.0007998943328857422,
            0.0007939338684082031,
            0.0007748603820800781,
            0.0007760524749755859,
            0.0007500648498535156,
            0.0007870197296142578,
            0.0007829666137695312
        ],
        "average": 0.000778365135192871,
        "min": 0.0007500648498535156,
        "max": 0.0007998943328857422
    },
    "z26": {
        "class": "Z26",
        "include_startup": false,
        "runs": [
            0.0008449554443359375,
            0.0008130073547363281,
            0.0008008480072021484,
            0.0008149147033691406,
            0.0007951259613037109,
            0.0008008480072021484,
            0.0008020401000976562,
            0.0008060932159423828,
            0.0007929801940917969,
            0.0007929801940917969
        ],
        "average": 0.0008063793182373046,
        "min": 0.0007929801940917969,
        "max": 0.0008449554443359375
    },
    "z26_startup": {
        "class": "Z26",
        "include_startup": true,
        "runs": [
            0.0009980201721191406,
            0.0008208751678466797,
            0.0008411407470703125,
            0.0008518695831298828,
            0.0007941722869873047,
            0.0008101463317871094,
            0.0007917881011962891,
            0.0008101463317871094,
            0.0007951259613037109,
            0.0008018016815185547
        ],
        "average": 0.0008315086364746094,
        "min": 0.0007917881011962891,
        "max": 0.0009980201721191406
    },
    "zin26": {
        "class": "ZIn26",
        "include_startup": false,
        "runs": [
            0.0008349418640136719,
            0.0007829666137695312,
            0.0007748603820800781,
            0.0007710456848144531,
            0.0007660388946533203,
            0.000946044921875,
            0.0007860660552978516,
            0.0007810592651367188,
            0.00080108642578125,
            0.0007739067077636719
        ],
        "average": 0.0008018016815185547,
        "min": 0.0007660388946533203,
        "max": 0.000946044921875
    },
    "zin26_startup": {
        "class": "ZIn26",
        "include_startup": true,
        "runs": [
            0.0007860660552978516,
            0.0008170604705810547,
            0.0008111000061035156,
            0.0007650852203369141,
            0.0007979869842529297,
            0.0007588863372802734,
            0.0007829666137695312,
            0.00078582763671875,
            0.0008039474487304688,
            0.0007700920104980469
        ],
        "average": 0.0007879018783569336,
        "min": 0.0007588863372802734,
        "max": 0.0008170604705810547
    }
}