{
    "f06": {
        "class": "F06",
        "include_startup": false,
        "runs": [
            0.0008039474487304688,
            0.0007741451263427734,
            0.0007760524749755859,
            0.0007491111755371094,
            0.00078582763671875,
            0.0007839202880859375,
            0.0007529258728027344,
            0.0007691383361816406,
            0.0007801055908203125,
            0.0007760524749755859
        ],
        "average": 0.0007751226425170898,
        "min": 0.0007491111755371094,
        "max": 0.0008039474487304688
    },
    "f06_startup": {
        "class": "F06",
        "include_startup": true,
        "runs": [
            0.0008499622344970703,
            0.0008091926574707031,
            0.0007419586181640625,
            0.0007910728454589844,
            0.0008118152618408203,
            0.000820159912109375,
            0.0008130073547363281,
            0.0007500648498535156,
            0.0008170604705810547,
            0.000820159912109375
        ],
        "average": 0.0008024454116821289,
        "min": 0.0007419586181640625,
        "max": 0.0008499622344970703
    },
    "fin06": {
        "class": "FIn06",
        "include_startup": false,
        "runs": [
            0.0007531642913818359,
            0.0007789134979248047,
            0.0007889270782470703,
            0.0007719993591308594,
            0.0007681846618652344,
            0.0007889270782470703,
            0.0007901191711425781,
            0.0007932186126708984,
            0.000762939453125,
            0.0007729530334472656
        ],
        "average": 0.0007769346237182617,
        "min": 0.0007531642913818359,
        "max": 0.0007932186126708984
    },
    "fin06_startup": {
        "class": "FIn06",
        "include_startup": true,
        "runs": [
            0.0007450580596923828,
            0.0007579326629638672,
            0.0007441043853759766,
            0.0007238388061523438,
            0.0007359981536865234,
            0.0007491111755371094,
            0.0007450580596923828,
            0.0007398128509521484,
            0.0007410049438476562,
            0.0007569789886474609
        ],
        "average": 0.0007438898086547851,
        "min": 0.0007238388061523438,
        "max": 0.0007579326629638672
    },
    "p16": {
        "class": "P16",
        "include_startup": false,
        "runs": [
            0.0008120536804199219,
            0.0007607936859130859,
            0.000762939453125,
            0.0007650852203369141,
            0.0007541179656982422,
            0.0007538795471191406,
            0.0007600784301757812,
            0.0007669925689697266,
            0.0007638931274414062,
            0.0007510185241699219
        ],
        "average": 0.0007650852203369141,
        "min": 0.0007510185241699219,
        "max": 0.0008120536804199219
    },
    "p16_startup": {
        "class": "P16",
        "include_startup": true,
        "runs": [
            0.0012221336364746094,
            0.0009839534759521484,
            0.0009570121765136719,
            0.0009489059448242188,
            0.0010349750518798828,
            0.0010170936584472656,
            0.0010151863098144531,
            0.0009961128234863281,
            0.001001119613647461,
            0.0009660720825195312
        ],
        "average": 0.0010142564773559571,
        "min": 0.0009489059448242188,
        "max": 0.0012221336364746094
    },
    "pin16": {
        "class": "PIn16",
        "include_startup": false,
        "runs": [
            0.0006740093231201172,
            0.0006380081176757812,
            0.0006229877471923828,
            0.0006320476531982422,
            0.0006301403045654297,
            0.0006170272827148438,
            0.0006270408630371094,
            0.0006279945373535156,
            0.0006251335144042969,
            0.0006330013275146484
        ],
        "average": 0.0006327390670776367,
        "min": 0.0006170272827148438,
        "max": 0.0006740093231201172
    },
    "pin16_startup": {
        "class": "PIn16",
        "include_startup": true,
        "runs": [
            0.000804901123046875,
            0.0007829666137695312,
            0.0007798671722412109,
            0.0007600784301757812,
            0.0007791519165039062,
            0.0007619857788085938,
            0.0007681846618652344,
            0.0007369518280029297,
            0.0007688999176025391,
            0.0007588863372802734
        ],
        "average": 0.0007701873779296875,
        "min": 0.0007369518280029297,
        "max": 0.000804901123046875
    },
    "z26": {
        "class": "Z26",
        "include_startup": false,
        "runs": [
            0.0008630752563476562,
            0.0008511543273925781,
            0.0008330345153808594,
            0.0008380413055419922,
            0.0008299350738525391,
            0.0008389949798583984,
            0.0008571147918701172,
            0.00084686279296875,
            0.0008261203765869141,
            0.0008139610290527344
        ],
        "average": 0.0008398294448852539,
        "min": 0.0008139610290527344,
        "max": 0.0008630752563476562
    },
    "z26_startup": {
        "class": "Z26",
        "include_startup": true,
        "runs": [
            0.0009570121765136719,
            0.0008912086486816406,
            0.0008249282836914062,
            0.0007789134979248047,
            0.0007650852203369141,
            0.0007870197296142578,
            0.0008020401000976562,
            0.0008130073547363281,
            0.0007791519165039062,
            0.0008070468902587891
        ],
        "average": 0.0008205413818359375,
        "min": 0.0007650852203369141,
        "max": 0.0009570121765136719
    },
    "zin26": {
        "class": "ZIn26",
        "include_startup": false,
        "runs": [
            0.0006120204925537109,
            0.0005939006805419922,
            0.0005650520324707031,
            0.0007550716400146484,
            0.0008130073547363281,
            0.0005750656127929688,
            0.0005869865417480469,
            0.0005781650543212891,
            0.0005650520324707031,
            0.0005779266357421875
        ],
        "average": 0.0006222248077392579,
        "min": 0.0005650520324707031,
        "max": 0.0008130073547363281
    },
    "zin26_startup": {
        "class": "ZIn26",
        "include_startup": true,
        "runs": [
            0.0008628368377685547,
            0.0007951259613037109,
            0.0008249282836914062,
            0.0007882118225097656,
            0.0008070468902587891,
            0.0007810592651367188,
            0.0007638931274414062,
            0.0007479190826416016,
            0.0007700920104980469,
            0.0007660388946533203
        ],
        "average": 0.000790715217590332,
        "min": 0.0007479190826416016,
        "max": 0.0008628368377685547
    }
}