{
    "f06": {
        "class": "F06",
        "include_startup": false,
        "runs": [
            0.0009272098541259766,
            0.0006680488586425781,
            0.0006608963012695312,
            0.0006480216979980469,
            0.0007309913635253906,
            0.0006668567657470703,
            0.0006508827209472656,
            0.0006580352783203125,
            0.0006530284881591797,
            0.0006349086761474609
        ],
        "average": 0.0006898880004882812,
        "min": 0.0006349086761474609,
        "max": 0.0009272098541259766
    },
    "f06_startup": {
        "class": "F06",
        "include_startup": true,
        "runs": [
            0.0030760765075683594,
            0.0009322166442871094,
            0.0009140968322753906,
            0.0009319782257080078,
            0.0009229183197021484,
            0.0009248256683349609,
            0.0009050369262695312,
            0.0009229183197021484,
            0.0009069442749023438,
            0.0009300708770751953
        ],
        "average": 0.0011367082595825195,
        "min": 0.0009050369262695312,
        "max": 0.0030760765075683594
    },
    "fin06": {
        "class": "FIn06",
        "include_startup": false,
        "runs": [
            0.00115203857421875,
            0.0007951259613037109,
            0.0007729530334472656,
            0.0007808208465576172,
            0.0007908344268798828,
            0.000782012939453125,
            0.0007848739624023438,
            0.0007710456848144531,
            0.0007929801940917969,
            0.0007991790771484375
        ],
        "average": 0.0008221864700317383,
        "min": 0.0007710456848144531,
        "max": 0.00115203857421875
    },
    "fin06_startup": {
        "class": "FIn06",
        "include_startup": true,
        "runs": [
            0.00304412841796875,
            0.0010190010070800781,
            0.0009450912475585938,
            0.000926971435546875,
            0.0009369850158691406,
            0.0009319782257080078,
            0.0009241104125976562,
            0.000926971435546875,
            0.0009241104125976562,
            0.0009279251098632812
        ],
        "average": 0.0011507272720336914,
        "min": 0.0009241104125976562,
        "max": 0.00304412841796875
    },
    "p16": {
        "class": "P16",
        "include_startup": false,
        "runs": [
            0.0011780261993408203,
            0.0007998943328857422,
            0.0007929801940917969,
            0.0008060932159423828,
            0.0008029937744140625,
            0.0008130073547363281,
            0.0008118152618408203,
            0.0008008480072021484,
            0.0008068084716796875,
            0.0008008480072021484
        ],
        "average": 0.0008413314819335938,
        "min": 0.0007929801940917969,
        "max": 0.0011780261993408203
    },
    "p16_startup": {
        "class": "P16",
        "include_startup": true,
        "runs": [
            0.003016948699951172,
            0.0009758472442626953,
            0.0009567737579345703,
            0.000949859619140625,
            0.0009608268737792969,
            0.0009531974792480469,
            0.0010159015655517578,
            0.0009829998016357422,
            0.0009729862213134766,
            0.0009779930114746094
        ],
        "average": 0.0011763334274291991,
        "min": 0.000949859619140625,
        "max": 0.003016948699951172
    },
    "pin16": {
        "class": "PIn16",
        "include_startup": false,
        "runs": [
            0.0011439323425292969,
            0.0008189678192138672,
            0.0008130073547363281,
            0.0008070468902587891,
            0.000804901123046875,
            0.0007891654968261719,
            0.0015909671783447266,
            0.0008080005645751953,
            0.0008170604705810547,
            0.0008020401000976562
        ],
        "average": 0.000919508934020996,
        "min": 0.0007891654968261719,
        "max": 0.0015909671783447266
    },
    "pin16_startup": {
        "class": "PIn16",
        "include_startup": true,
        "runs": [
            0.002279996871948242,
            0.0007679462432861328,
            0.0007231235504150391,
            0.0007650852203369141,
            0.000762939453125,
            0.000762939453125,
            0.0007450580596923828,
            0.0007479190826416016,
            0.0007469654083251953,
            0.0007479190826416016
        ],
        "average": 0.000904989242553711,
        "min": 0.0007231235504150391,
        "max": 0.002279996871948242
    },
    "z26": {
        "class": "Z26",
        "include_startup": false,
        "runs": [
            0.0009331703186035156,
            0.0006558895111083984,
            0.0006389617919921875,
            0.0006589889526367188,
            0.0006558895111083984,
            0.0006420612335205078,
            0.0006427764892578125,
            0.0006220340728759766,
            0.0006468296051025391,
            0.000637054443359375
        ],
        "average": 0.000673365592956543,
        "min": 0.0006220340728759766,
        "max": 0.0009331703186035156
    },
    "z26_startup": {
        "class": "Z26",
        "include_startup": true,
        "runs": [
            0.0031418800354003906,
            0.0009968280792236328,
            0.0009911060333251953,
            0.0009810924530029297,
            0.0009870529174804688,
            0.0009908676147460938,
            0.0009889602661132812,
            0.000982046127319336,
            0.0010030269622802734,
            0.0009768009185791016
        ],
        "average": 0.0012039661407470704,
        "min": 0.0009768009185791016,
        "max": 0.0031418800354003906
    },
    "zin26": {
        "class": "ZIn26",
        "include_startup": false,
        "runs": [
            0.0012049674987792969,
            0.0008189678192138672,
            0.0008101463317871094,
            0.0008060932159423828,
            0.0007979869842529297,
            0.0008060932159423828,
            0.0008029937744140625,
            0.0008080005645751953,
            0.0008039474487304688,
            0.0008130073547363281
        ],
        "average": 0.0008472204208374023,
        "min": 0.0007979869842529297,
        "max": 0.0012049674987792969
    },
    "zin26_startup": {
        "class": "ZIn26",
        "include_startup": true,
        "runs": [
            0.0035369396209716797,
            0.0010428428649902344,
            0.0010449886322021484,
            0.0010111331939697266,
            0.0010139942169189453,
            0.001004934310913086,
            0.001007080078125,
            0.0010020732879638672,
            0.0014340877532958984,
            0.0012400150299072266
        ],
        "average": 0.0013338088989257812,
        "min": 0.0010020732879638672,
        "max": 0.0035369396209716797
    }
}