{
    "f06": {
        "class": "F06",
        "include_startup": false,
        "runs": [
            0.0013539791107177734,
            0.0008280277252197266,
            0.0008101463317871094,
            0.0008080005645751953,
            0.0007920265197753906,
            0.0008080005645751953,
            0.0008029937744140625,
            0.0007991790771484375,
            0.0007979869842529297,
            0.0007929801940917969
        ],
        "average": 0.0008593320846557618,
        "min": 0.0007920265197753906,
        "max": 0.0013539791107177734
    },
    "f06_startup": {
        "class": "F06",
        "include_startup": true,
        "runs": [
            0.002863168716430664,
            0.0008780956268310547,
            0.0008759498596191406,
            0.0008769035339355469,
            0.0008749961853027344,
            0.0008637905120849609,
            0.0008511543273925781,
            0.0008518695831298828,
            0.0008780956268310547,
            0.0008649826049804688
        ],
        "average": 0.0010679006576538087,
        "min": 0.0008511543273925781,
        "max": 0.002863168716430664
    },
    "fin06": {
        "class": "FIn06",
        "include_startup": false,
        "runs": [
            0.0014750957489013672,
            0.0008220672607421875,
            0.0008149147033691406,
            0.0008051395416259766,
            0.0007688999176025391,
            0.0008051395416259766,
            0.0007879734039306641,
            0.0008139610290527344,
            0.0007979869842529297,
            0.0007910728454589844
        ],
        "average": 0.00086822509765625,
        "min": 0.0007688999176025391,
        "max": 0.0014750957489013672
    },
    "fin06_startup": {
        "class": "FIn06",
        "include_startup": true,
        "runs": [
            0.0028939247131347656,
            0.0008330345153808594,
            0.0008630752563476562,
            0.0008358955383300781,
            0.0008549690246582031,
            0.0008637905120849609,
            0.0008699893951416016,
            0.0008590221405029297,
            0.0008640289306640625,
            0.0008609294891357422
        ],
        "average": 0.0010598659515380859,
        "min": 0.0008330345153808594,
        "max": 0.0028939247131347656
    },
    "p16": {
        "class": "P16",
        "include_startup": false,
        "runs": [
            0.0013980865478515625,
            0.0008170604705810547,
            0.0008139610290527344,
            0.0008080005645751953,
            0.0008008480072021484,
            0.0007920265197753906,
            0.0007970333099365234,
            0.0008099079132080078,
            0.0008039474487304688,
            0.0008020401000976562
        ],
        "average": 0.0008642911911010742,
        "min": 0.0007920265197753906,
        "max": 0.0013980865478515625
    },
    "p16_startup": {
        "class": "P16",
        "include_startup": true,
        "runs": [
            0.002282857894897461,
            0.0007410049438476562,
            0.0007047653198242188,
            0.0007071495056152344,
            0.0006949901580810547,
            0.0006971359252929688,
            0.0007321834564208984,
            0.0008602142333984375,
            0.0007379055023193359,
            0.0007250308990478516
        ],
        "average": 0.0008883237838745117,
        "min": 0.0006949901580810547,
        "max": 0.002282857894897461
    },
    "pin16": {
        "class": "PIn16",
        "include_startup": false,
        "runs": [
            0.0012149810791015625,
            0.0006270408630371094,
            0.0006339550018310547,
            0.0006229877471923828,
            0.0006201267242431641,
            0.0006358623504638672,
            0.00061798095703125,
            0.0006229877471923828,
            0.0006320476531982422,
            0.0006220340728759766
        ],
        "average": 0.0006850004196166992,
        "min": 0.00061798095703125,
        "max": 0.0012149810791015625
    },
    "pin16_startup": {
        "class": "PIn16",
        "include_startup": true,
        "runs": [
            0.003106832504272461,
            0.0009591579437255859,
            0.0009400844573974609,
            0.0009429454803466797,
            0.0009388923645019531,
            0.0009250640869140625,
            0.0009310245513916016,
            0.0009801387786865234,
            0.0009479522705078125,
            0.0009469985961914062
        ],
        "average": 0.0011619091033935546,
        "min": 0.0009250640869140625,
        "max": 0.003106832504272461
    },
    "z26": {
        "class": "Z26",
        "include_startup": false,
        "runs": [
            0.001538991928100586,
            0.0008251667022705078,
            0.0007929801940917969,
            0.0007920265197753906,
            0.0008060932159423828,
            0.0007939338684082031,
            0.0008080005645751953,
            0.0007829666137695312,
            0.0008158683776855469,
            0.0008039474487304688
        ],
        "average": 0.0008759975433349609,
        "min": 0.0007829666137695312,
        "max": 0.001538991928100586
    },
    "z26_startup": {
        "class": "Z26",
        "include_startup": true,
        "runs": [
            0.002335071563720703,
            0.0008070468902587891,
            0.0007917881011962891,
            0.0007519721984863281,
            0.0007719993591308594,
            0.0010080337524414062,
            0.0008211135864257812,
            0.0007729530334472656,
            0.0007731914520263672,
            0.0007619857788085938
        ],
        "average": 0.0009595155715942383,
        "min": 0.0007519721984863281,
        "max": 0.002335071563720703
    },
    "zin26": {
        "class": "ZIn26",
        "include_startup": false,
        "runs": [
            0.0027098655700683594,
            0.0013041496276855469,
            0.001283884048461914,
            0.0012640953063964844,
            0.0012640953063964844,
            0.0013170242309570312,
            0.0012459754943847656,
            0.0012600421905517578,
            0.001260995864868164,
            0.0012891292572021484
        ],
        "average": 0.0014199256896972657,
        "min": 0.0012459754943847656,
        "max": 0.0027098655700683594
    },
    "zin26_startup": {
        "class": "ZIn26",
        "include_startup": true,
        "runs": [
            0.0024750232696533203,
            0.0008261203765869141,
            0.0007901191711425781,
            0.0008249282836914062,
            0.0007910728454589844,
            0.0007729530334472656,
            0.0007879734039306641,
            0.0007750988006591797,
            0.0007719993591308594,
            0.0007851123809814453
        ],
        "average": 0.0009600400924682617,
        "min": 0.0007719993591308594,
        "max": 0.0024750232696533203
    }
}