{
    "f06": {
        "class": "F06",
        "include_startup": false,
        "runs": [
            0.0011439323425292969,
            0.0006051063537597656,
            0.0006749629974365234,
            0.0006840229034423828,
            0.0006229877471923828,
            0.0005939006805419922,
            0.0005829334259033203,
            0.0005908012390136719,
            0.0005910396575927734,
            0.0006000995635986328
        ],
        "average": 0.0006689786911010742,
        "min": 0.0005829334259033203,
        "max": 0.0011439323425292969
    },
    "f06_startup": {
        "class": "F06",
        "include_startup": true,
        "runs": [
            0.0027740001678466797,
            0.0009961128234863281,
            0.0008411407470703125,
            0.0007929801940917969,
            0.0007481575012207031,
            0.0007579326629638672,
            0.0007660388946533203,
            0.0007700920104980469,
            0.0007460117340087891,
            0.0007660388946533203
        ],
        "average": 0.0009958505630493163,
        "min": 0.0007460117340087891,
        "max": 0.0027740001678466797
    },
    "fin06": {
        "class": "FIn06",
        "include_startup": false,
        "runs": [
            0.0015058517456054688,
            0.0007910728454589844,
            0.0007879734039306641,
            0.0007541179656982422,
            0.0007801055908203125,
            0.0007731914520263672,
            0.0007731914520263672,
            0.0007529258728027344,
            0.0007607936859130859,
            0.0007710456848144531
        ],
        "average": 0.000845026969909668,
        "min": 0.0007529258728027344,
        "max": 0.0015058517456054688
    },
    "fin06_startup": {
        "class": "FIn06",
        "include_startup": true,
        "runs": [
            0.0022220611572265625,
            0.0006289482116699219,
            0.0006270408630371094,
            0.00061798095703125,
            0.0006129741668701172,
            0.0006158351898193359,
            0.0006079673767089844,
            0.0006520748138427734,
            0.0006229877471923828,
            0.0006110668182373047
        ],
        "average": 0.0007818937301635742,
        "min": 0.0006079673767089844,
        "max": 0.0022220611572265625
    },
    "p16": {
        "class": "P16",
        "include_startup": false,
        "runs": [
            0.0015261173248291016,
            0.000823974609375,
            0.0008161067962646484,
            0.0008139610290527344,
            0.0007970333099365234,
            0.0007789134979248047,
            0.0007860660552978516,
            0.00078582763671875,
            0.0007839202880859375,
            0.0007920265197753906
        ],
        "average": 0.0008703947067260742,
        "min": 0.0007789134979248047,
        "max": 0.0015261173248291016
    },
    "p16_startup": {
        "class": "P16",
        "include_startup": true,
        "runs": [
            0.002788066864013672,
            0.0008380413055419922,
            0.0008130073547363281,
            0.0007989406585693359,
            0.000804901123046875,
            0.0008158683776855469,
            0.0007898807525634766,
            0.0007939338684082031,
            0.0007882118225097656,
            0.0007898807525634766
        ],
        "average": 0.0010020732879638672,
        "min": 0.0007882118225097656,
        "max": 0.002788066864013672
    },
    "pin16": {
        "class": "PIn16",
        "include_startup": false,
        "runs": [
            0.0015130043029785156,
            0.0007619857788085938,
            0.0007448196411132812,
            0.0007500648498535156,
            0.0007510185241699219,
            0.0007538795471191406,
            0.0007510185241699219,
            0.0007359981536865234,
            0.0007729530334472656,
            0.0007619857788085938
        ],
        "average": 0.0008296728134155274,
        "min": 0.0007359981536865234,
        "max": 0.0015130043029785156
    },
    "pin16_startup": {
        "class": "PIn16",
        "include_startup": true,
        "runs": [
            0.0027091503143310547,
            0.0008409023284912109,
            0.0008540153503417969,
            0.0008981227874755859,
            0.0008320808410644531,
            0.000823974609375,
            0.0008139610290527344,
            0.0008261203765869141,
            0.0008409023284912109,
            0.0008320808410644531
        ],
        "average": 0.0010271310806274415,
        "min": 0.0008139610290527344,
        "max": 0.0027091503143310547
    },
    "z26": {
        "class": "Z26",
        "include_startup": false,
        "runs": [
            0.0011010169982910156,
            0.0005481243133544922,
            0.0005621910095214844,
            0.0005609989166259766,
            0.0005650520324707031,
            0.0005619525909423828,
            0.0005481243133544922,
            0.0005619525909423828,
            0.0005578994750976562,
            0.0005629062652587891
        ],
        "average": 0.0006130218505859375,
        "min": 0.0005481243133544922,
        "max": 0.0011010169982910156
    },
    "z26_startup": {
        "class": "Z26",
        "include_startup": true,
        "runs": [
            0.0027430057525634766,
            0.0010619163513183594,
            0.0007970333099365234,
            0.0007970333099365234,
            0.0008590221405029297,
            0.0008699893951416016,
            0.0008859634399414062,
            0.0009047985076904297,
            0.0008671283721923828,
            0.0008580684661865234
        ],
        "average": 0.0010643959045410155,
        "min": 0.0007970333099365234,
        "max": 0.0027430057525634766
    },
    "zin26": {
        "class": "ZIn26",
        "include_startup": false,
        "runs": [
            0.0015039443969726562,
            0.0007410049438476562,
            0.0007200241088867188,
            0.0007441043853759766,
            0.0007460117340087891,
            0.0007200241088867188,
            0.0007228851318359375,
            0.0007309913635253906,
            0.0007350444793701172,
            0.0007097721099853516
        ],
        "average": 0.0008073806762695313,
        "min": 0.0007097721099853516,
        "max": 0.0015039443969726562
    },
    "zin26_startup": {
        "class": "ZIn26",
        "include_startup": true,
        "runs": [
            0.0030150413513183594,
            0.0009598731994628906,
            0.0009479522705078125,
            0.0009601116180419922,
            0.0009589195251464844,
            0.0009582042694091797,
            0.0009338855743408203,
            0.0009469985961914062,
            0.0009319782257080078,
            0.0009429454803466797
        ],
        "average": 0.0011555910110473632,
        "min": 0.0009319782257080078,
        "max": 0.0030150413513183594
    }
}