{
    "f06": {
        "class": "F06",
        "include_startup": false,
        "runs": [
            0.0014982223510742188,
            0.0007510185241699219,
            0.0007300376892089844,
            0.0007650852203369141,
            0.0007560253143310547,
            0.0007638931274414062,
            0.0007431507110595703,
            0.0007750988006591797,
            0.0007500648498535156,
            0.0007510185241699219
        ],
        "average": 0.0008283615112304688,
        "min": 0.0007300376892089844,
        "max": 0.0014982223510742188
    },
    "f06_startup": {
        "class": "F06",
        "include_startup": true,
        "runs": [
            0.0027980804443359375,
            0.0008349418640136719,
            0.0008139610290527344,
            0.0008139610290527344,
            0.0008020401000976562,
            0.0008270740509033203,
            0.0008180141448974609,
            0.0008280277252197266,
            0.000820159912109375,
            0.000823974609375
        ],
        "average": 0.0010180234909057616,
        "min": 0.0008020401000976562,
        "max": 0.0027980804443359375
    },
    "fin06": {
        "class": "FIn06",
        "include_startup": false,
        "runs": [
            0.00144195556640625,
            0.0007920265197753906,
            0.0007829666137695312,
            0.0007700920104980469,
            0.000782012939453125,
            0.0007829666137695312,
            0.0007801055908203125,
            0.0007829666137695312,
            0.0007669925689697266,
            0.0007688999176025391
        ],
        "average": 0.0008450984954833984,
        "min": 0.0007669925689697266,
        "max": 0.00144195556640625
    },
    "fin06_startup": {
        "class": "FIn06",
        "include_startup": true,
        "runs": [
            0.0029358863830566406,
            0.000865936279296875,
            0.0008311271667480469,
            0.0008759498596191406,
            0.0008461475372314453,
            0.0008568763732910156,
            0.0008261203765869141,
            0.0008690357208251953,
            0.0008459091186523438,
            0.0011081695556640625
        ],
        "average": 0.001086115837097168,
        "min": 0.0008261203765869141,
        "max": 0.0029358863830566406
    },
    "p16": {
        "class": "P16",
        "include_startup": false,
        "runs": [
            0.0014190673828125,
            0.0008001327514648438,
            0.0007851123809814453,
            0.0008020401000976562,
            0.0007770061492919922,
            0.0007781982421875,
            0.0007669925689697266,
            0.000782012939453125,
            0.0007839202880859375,
            0.0007770061492919922
        ],
        "average": 0.0008471488952636718,
        "min": 0.0007669925689697266,
        "max": 0.0014190673828125
    },
    "p16_startup": {
        "class": "P16",
        "include_startup": true,
        "runs": [
            0.002950906753540039,
            0.0008780956268310547,
            0.0008530616760253906,
            0.0008490085601806641,
            0.0008730888366699219,
            0.0008649826049804688,
            0.0008618831634521484,
            0.0008521080017089844,
            0.0008790493011474609,
            0.0008499622344970703
        ],
        "average": 0.0010712146759033203,
        "min": 0.0008490085601806641,
        "max": 0.002950906753540039
    },
    "pin16": {
        "class": "PIn16",
        "include_startup": false,
        "runs": [
            0.0015411376953125,
            0.0007791519165039062,
            0.0007870197296142578,
            0.0007770061492919922,
            0.0007979869842529297,
            0.0007970333099365234,
            0.0007889270782470703,
            0.0007839202880859375,
            0.0007488727569580078,
            0.0007839202880859375
        ],
        "average": 0.0008584976196289063,
        "min": 0.0007488727569580078,
        "max": 0.0015411376953125
    },
    "pin16_startup": {
        "class": "PIn16",
        "include_startup": true,
        "runs": [
            0.0029540061950683594,
            0.000926971435546875,
            0.0009500980377197266,
            0.0009438991546630859,
            0.0009031295776367188,
            0.0008759498596191406,
            0.0008921623229980469,
            0.0008962154388427734,
            0.0008838176727294922,
            0.0008611679077148438
        ],
        "average": 0.0011087417602539062,
        "min": 0.0008611679077148438,
        "max": 0.0029540061950683594
    },
    "z26": {
        "class": "Z26",
        "include_startup": false,
        "runs": [
            0.0012328624725341797,
            0.0006101131439208984,
            0.0006191730499267578,
            0.0006010532379150391,
            0.0006129741668701172,
            0.0006139278411865234,
            0.0005991458892822266,
            0.0006229877471923828,
            0.0006129741668701172,
            0.0005979537963867188
        ],
        "average": 0.0006723165512084961,
        "min": 0.0005979537963867188,
        "max": 0.0012328624725341797
    },
    "z26_startup": {
        "class": "Z26",
        "include_startup": true,
        "runs": [
            0.0027768611907958984,
            0.000988006591796875,
            0.0008380413055419922,
            0.0008230209350585938,
            0.0008289813995361328,
            0.0008518695831298828,
            0.0008401870727539062,
            0.0008218288421630859,
            0.0008461475372314453,
            0.0008168220520019531
        ],
        "average": 0.0010431766510009765,
        "min": 0.0008168220520019531,
        "max": 0.0027768611907958984
    },
    "zin26": {
        "class": "ZIn26",
        "include_startup": false,
        "runs": [
            0.0015559196472167969,
            0.0007779598236083984,
            0.0007719993591308594,
            0.0007669925689697266,
            0.0007920265197753906,
            0.0007829666137695312,
            0.0007691383361816406,
            0.0007729530334472656,
            0.0007660388946533203,
            0.0007700920104980469
        ],
        "average": 0.0008526086807250976,
        "min": 0.0007660388946533203,
        "max": 0.0015559196472167969
    },
    "zin26_startup": {
        "class": "ZIn26",
        "include_startup": true,
        "runs": [
            0.0029790401458740234,
            0.0009431838989257812,
            0.0009338855743408203,
            0.0009398460388183594,
            0.0009369850158691406,
            0.0009179115295410156,
            0.0009579658508300781,
            0.0009250640869140625,
            0.0009000301361083984,
            0.0009407997131347656
        ],
        "average": 0.0011374711990356444,
        "min": 0.0009000301361083984,
        "max": 0.0029790401458740234
    }
}