{
    "f06": {
        "class": "F06",
        "include_startup": false,
        "runs": [
            0.0017571449279785156,
            0.001634836196899414,
            0.0016210079193115234,
            0.0016169548034667969,
            0.0016391277313232422,
            0.0017590522766113281,
            0.001622915267944336,
            0.001611948013305664,
            0.001592874526977539,
            0.0016021728515625
        ],
        "average": 0.001645803451538086,
        "min": 0.001592874526977539,
        "max": 0.0017590522766113281
    },
    "f06_startup": {
        "class": "F06",
        "include_startup": true,
        "runs": [
            0.002652883529663086,
            0.0016710758209228516,
            0.0014858245849609375,
            0.0015230178833007812,
            0.0014939308166503906,
            0.0051610469818115234,
            0.0023949146270751953,
            0.002562999725341797,
            0.0017490386962890625,
            0.0017018318176269531
        ],
        "average": 0.0022396564483642576,
        "min": 0.0014858245849609375,
        "max": 0.0051610469818115234
    },
    "fin06": {
        "class": "FIn06",
        "include_startup": false,
        "runs": [
            0.0014867782592773438,
            0.001394033432006836,
            0.0013751983642578125,
            0.0013580322265625,
            0.001363992691040039,
            0.0017330646514892578,
            0.0016481876373291016,
            0.001638174057006836,
            0.0016231536865234375,
            0.0015950202941894531
        ],
        "average": 0.0015215635299682616,
        "min": 0.0013580322265625,
        "max": 0.0017330646514892578
    },
    "fin06_startup": {
        "class": "FIn06",
        "include_startup": true,
        "runs": [
            0.0032019615173339844,
            0.0017049312591552734,
            0.00174713134765625,
            0.001689910888671875,
            0.0016930103302001953,
            0.0032269954681396484,
            0.0016808509826660156,
            0.0016968250274658203,
            0.0027990341186523438,
            0.0017290115356445312
        ],
        "average": 0.002116966247558594,
        "min": 0.0016808509826660156,
        "max": 0.0032269954681396484
    },
    "p16": {
        "class": "P16",
        "include_startup": false,
        "runs": [
            0.010270118713378906,
            0.005281925201416016,
            0.005869865417480469,
            0.005326986312866211,
            0.005243062973022461,
            0.0052149295806884766,
            0.005256175994873047,
            0.005221128463745117,
            0.005238056182861328,
            0.005272865295410156
        ],
        "average": 0.005819511413574219,
        "min": 0.0052149295806884766,
        "max": 0.010270118713378906
    },
    "p16_startup": {
        "class": "P16",
        "include_startup": true,
        "runs": [
            0.006742000579833984,
            0.0067331790924072266,
            0.006671905517578125,
            0.006577014923095703,
            0.006890058517456055,
            0.006699800491333008,
            0.006593942642211914,
            0.005725860595703125,
            0.006710052490234375,
            0.01256704330444336
        ],
        "average": 0.007191085815429687,
        "min": 0.005725860595703125,
        "max": 0.01256704330444336
    },
    "pin16": {
        "class": "PIn16",
        "include_startup": false,
        "runs": [
            0.0016460418701171875,
            0.0017800331115722656,
            0.0032699108123779297,
            0.0017800331115722656,
            0.0017740726470947266,
            0.0017740726470947266,
            0.002025127410888672,
            0.0018329620361328125,
            0.0017931461334228516,
            0.0017979145050048828
        ],
        "average": 0.001947331428527832,
        "min": 0.0016460418701171875,
        "max": 0.0032699108123779297
    },
    "pin16_startup": {
        "class": "PIn16",
        "include_startup": true,
        "runs": [
            0.0033190250396728516,
            0.0032329559326171875,
            0.0031931400299072266,
            0.0032949447631835938,
            0.003553152084350586,
            0.003297090530395508,
            0.0032651424407958984,
            0.0033299922943115234,
            0.003319978713989258,
            0.003370046615600586
        ],
        "average": 0.0033175468444824217,
        "min": 0.0031931400299072266,
        "max": 0.003553152084350586
    }
}