{
    "f06": {
        "class": "F06",
        "include_startup": false,
        "runs": [
            0.0016999244689941406,
            0.0016219615936279297,
            0.0015909671783447266,
            0.0021431446075439453,
            0.0026400089263916016,
            0.0017781257629394531,
            0.001644134521484375,
            0.0016520023345947266,
            0.001661062240600586,
            0.0016210079193115234
        ],
        "average": 0.0018052339553833007,
        "min": 0.0015909671783447266,
        "max": 0.0026400089263916016
    },
    "f06_startup": {
        "class": "F06",
        "include_startup": true,
        "runs": [
            0.003304004669189453,
            0.0018601417541503906,
            0.0017359256744384766,
            0.0017368793487548828,
            0.0017540454864501953,
            0.0036499500274658203,
            0.0018739700317382812,
            0.0017819404602050781,
            0.001748800277709961,
            0.001773834228515625
        ],
        "average": 0.0021219491958618165,
        "min": 0.0017359256744384766,
        "max": 0.0036499500274658203
    },
    "fin06": {
        "class": "FIn06",
        "include_startup": false,
        "runs": [
            0.0017309188842773438,
            0.0015680789947509766,
            0.001592874526977539,
            0.0015480518341064453,
            0.001580953598022461,
            0.0018858909606933594,
            0.0015649795532226562,
            0.0015649795532226562,
            0.001544952392578125,
            0.0015838146209716797
        ],
        "average": 0.0016165494918823243,
        "min": 0.001544952392578125,
        "max": 0.0018858909606933594
    },
    "fin06_startup": {
        "class": "FIn06",
        "include_startup": true,
        "runs": [
            0.005488157272338867,
            0.003100156784057617,
            0.0031011104583740234,
            0.003072023391723633,
            0.0031130313873291016,
            0.0032150745391845703,
            0.0016849040985107422,
            0.0016949176788330078,
            0.0016939640045166016,
            0.0017039775848388672
        ],
        "average": 0.002786731719970703,
        "min": 0.0016849040985107422,
        "max": 0.005488157272338867
    },
    "p16": {
        "class": "P16",
        "include_startup": false,
        "runs": [
            0.0053730010986328125,
            0.005259037017822266,
            0.0055921077728271484,
            0.004965066909790039,
            0.0052661895751953125,
            0.005249977111816406,
            0.005427122116088867,
            0.005295991897583008,
            0.005476951599121094,
            0.00469207763671875
        ],
        "average": 0.00525975227355957,
        "min": 0.00469207763671875,
        "max": 0.0055921077728271484
    },
    "p16_startup": {
        "class": "P16",
        "include_startup": true,
        "runs": [
            0.010620832443237305,
            0.006731986999511719,
            0.00680994987487793,
            0.00678706169128418,
            0.006852149963378906,
            0.006779909133911133,
            0.006654024124145508,
            0.00674891471862793,
            0.006654977798461914,
            0.006669044494628906
        ],
        "average": 0.007130885124206543,
        "min": 0.006654024124145508,
        "max": 0.010620832443237305
    },
    "pin16": {
        "class": "PIn16",
        "include_startup": false,
        "runs": [
            0.003287076950073242,
            0.001806020736694336,
            0.0018069744110107422,
            0.001589059829711914,
            0.0017681121826171875,
            0.0018057823181152344,
            0.003123044967651367,
            0.0017850399017333984,
            0.0018069744110107422,
            0.0015749931335449219
        ],
        "average": 0.0020353078842163088,
        "min": 0.0015749931335449219,
        "max": 0.003287076950073242
    },
    "pin16_startup": {
        "class": "PIn16",
        "include_startup": true,
        "runs": [
            0.003571033477783203,
            0.003206968307495117,
            0.0032761096954345703,
            0.0035490989685058594,
            0.003760099411010742,
            0.0031402111053466797,
            0.003323078155517578,
            0.004957914352416992,
            0.0032758712768554688,
            0.003245115280151367
        ],
        "average": 0.003530550003051758,
        "min": 0.0031402111053466797,
        "max": 0.004957914352416992
    }
}