{
    "f06": {
        "class": "F06",
        "include_startup": false,
        "runs": [
            0.44807004928588867,
            0.4063990116119385,
            0.3578059673309326,
            0.40590810775756836,
            0.39796900749206543,
            0.39961814880371094,
            0.4047839641571045,
            0.401123046875,
            0.4047889709472656,
            0.4034750461578369
        ],
        "average": 0.40299413204193113,
        "min": 0.3578059673309326,
        "max": 0.44807004928588867
    },
    "f06_startup": {
        "class": "F06",
        "include_startup": true,
        "runs": [
            0.4003310203552246,
            0.4002830982208252,
            0.37613391876220703,
            0.4079720973968506,
            0.4091479778289795,
            0.3963329792022705,
            0.4084939956665039,
            0.40979909896850586,
            0.40529918670654297,
            0.41269803047180176
        ],
        "average": 0.40264914035797117,
        "min": 0.37613391876220703,
        "max": 0.41269803047180176
    }
}