{
    "f06": {
        "class": "F06",
        "include_startup": false,
        "runs": [
            0.3569679260253906,
            0.39339494705200195,
            0.412855863571167,
            0.4061870574951172,
            0.4054419994354248,
            0.4020578861236572,
            0.4176509380340576,
            0.35173702239990234,
            0.4109079837799072,
            0.3981010913848877
        ],
        "average": 0.39553027153015136,
        "min": 0.35173702239990234,
        "max": 0.4176509380340576
    },
    "f06_startup": {
        "class": "F06",
        "include_startup": true,
        "runs": [
            0.40625715255737305,
            0.39931297302246094,
            0.4017751216888428,
            0.40749502182006836,
            0.4251370429992676,
            0.4074239730834961,
            0.406109094619751,
            0.4035649299621582,
            0.35523009300231934,
            0.40111589431762695
        ],
        "average": 0.4013421297073364,
        "min": 0.35523009300231934,
        "max": 0.4251370429992676
    }
}