{
    "f06": {
        "class": "F06",
        "include_startup": false,
        "runs": [
            0.0008220672607421875,
            0.0007770061492919922,
            0.0007901191711425781,
            0.0007648468017578125,
            0.0007770061492919922,
            0.0013899803161621094,
            0.0013561248779296875,
            0.0013310909271240234,
            0.0013589859008789062,
            0.0013689994812011719
        ],
        "average": 0.0010736227035522462,
        "min": 0.0007648468017578125,
        "max": 0.0013899803161621094
    },
    "f06_startup": {
        "class": "F06",
        "include_startup": true,
        "runs": [
            0.0021958351135253906,
            0.0017948150634765625,
            0.0018031597137451172,
            0.001767873764038086,
            0.0017588138580322266,
            0.0021970272064208984,
            0.0017960071563720703,
            0.0017211437225341797,
            0.0017740726470947266,
            0.0018100738525390625
        ],
        "average": 0.001861882209777832,
        "min": 0.0017211437225341797,
        "max": 0.0021970272064208984
    },
    "fin06": {
        "class": "FIn06",
        "include_startup": false,
        "runs": [
            0.0014629364013671875,
            0.0013298988342285156,
            0.0013489723205566406,
            0.001386880874633789,
            0.001361846923828125,
            0.0008130073547363281,
            0.0008268356323242188,
            0.0008070468902587891,
            0.0008208751678466797,
            0.0008301734924316406
        ],
        "average": 0.0010988473892211913,
        "min": 0.0008070468902587891,
        "max": 0.0014629364013671875
    },
    "fin06_startup": {
        "class": "FIn06",
        "include_startup": true,
        "runs": [
            0.0018928050994873047,
            0.001628875732421875,
            0.0015099048614501953,
            0.001550912857055664,
            0.0015139579772949219,
            0.0022449493408203125,
            0.0018229484558105469,
            0.0017840862274169922,
            0.0018579959869384766,
            0.0018088817596435547
        ],
        "average": 0.0017615318298339843,
        "min": 0.0015099048614501953,
        "max": 0.0022449493408203125
    },
    "p16": {
        "class": "P16",
        "include_startup": false,
        "runs": [
            0.0008687973022460938,
            0.0008678436279296875,
            0.0007429122924804688,
            0.0009469985961914062,
            0.000946044921875,
            0.0008490085601806641,
            0.0007610321044921875,
            0.0008819103240966797,
            0.0008788108825683594,
            0.0009119510650634766
        ],
        "average": 0.0008655309677124024,
        "min": 0.0007429122924804688,
        "max": 0.0009469985961914062
    },
    "p16_startup": {
        "class": "P16",
        "include_startup": true,
        "runs": [
            0.0021979808807373047,
            0.002262115478515625,
            0.0022308826446533203,
            0.002321004867553711,
            0.0020711421966552734,
            0.002198934555053711,
            0.002177000045776367,
            0.0018589496612548828,
            0.002151966094970703,
            0.0022590160369873047
        ],
        "average": 0.00217289924621582,
        "min": 0.0018589496612548828,
        "max": 0.002321004867553711
    },
    "pin16": {
        "class": "PIn16",
        "include_startup": false,
        "runs": [
            0.0008780956268310547,
            0.0008831024169921875,
            0.0008950233459472656,
            0.0008449554443359375,
            0.0008637905120849609,
            0.0008480548858642578,
            0.0008649826049804688,
            0.0008628368377685547,
            0.0008559226989746094,
            0.0008759498596191406
        ],
        "average": 0.0008672714233398437,
        "min": 0.0008449554443359375,
        "max": 0.0008950233459472656
    },
    "pin16_startup": {
        "class": "PIn16",
        "include_startup": true,
        "runs": [
            0.0019140243530273438,
            0.0021839141845703125,
            0.0022559165954589844,
            0.0022780895233154297,
            0.0022199153900146484,
            0.0021619796752929688,
            0.0022339820861816406,
            0.002223968505859375,
            0.0021882057189941406,
            0.0022339820861816406
        ],
        "average": 0.0021893978118896484,
        "min": 0.0019140243530273438,
        "max": 0.0022780895233154297
    }
}