{
    "f06": {
        "class": "F06",
        "include_startup": false,
        "runs": [
            0.06992697715759277,
            0.0695657730102539,
            0.06998085975646973,
            0.07108116149902344,
            0.0700840950012207,
            0.06983184814453125,
            0.06993389129638672,
            0.07031416893005371,
            0.07145380973815918,
            0.07012295722961426
        ],
        "average": 0.07022955417633056,
        "min": 0.0695657730102539,
        "max": 0.07145380973815918
    },
    "f06_startup": {
        "class": "F06",
        "include_startup": true,
        "runs": [
            0.07065796852111816,
            0.07025980949401855,
            0.07057595252990723,
            0.07065987586975098,
            0.07140803337097168,
            0.06995010375976562,
            0.06961584091186523,
            0.0700831413269043,
            0.06955218315124512,
            0.07142496109008789
        ],
        "average": 0.07041878700256347,
        "min": 0.06955218315124512,
        "max": 0.07142496109008789
    },
    "p16": {
        "class": "P16",
        "include_startup": false,
        "runs": [
            10.124783039093018,
            10.092956066131592,
            10.003990888595581,
            10.0751051902771,
            10.11138391494751,
            9.947861194610596,
            10.078263998031616,
            10.100673913955688,
            10.075608968734741,
            9.993957042694092
        ],
        "average": 10.060458421707153,
        "min": 9.947861194610596,
        "max": 10.124783039093018
    },
    "p16_startup": {
        "class": "P16",
        "include_startup": true,
        "runs": [
            9.946392059326172,
            10.021392107009888,
            10.01150107383728,
            10.060925960540771,
            10.188188076019287,
            9.99669599533081,
            9.985698938369751,
            10.695530891418457,
            10.046789169311523,
            10.058091878890991
        ],
        "average": 10.101120615005494,
        "min": 9.946392059326172,
        "max": 10.695530891418457
    }
}