{
    "f06": {
        "class": "F06",
        "include_startup": false,
        "runs": [
            0.07294702529907227,
            0.07156205177307129,
            0.07550907135009766,
            0.07010316848754883,
            0.06948184967041016,
            0.07628297805786133,
            0.0709679126739502,
            0.07068300247192383,
            0.07086992263793945,
            0.08022308349609375
        ],
        "average": 0.07286300659179687,
        "min": 0.06948184967041016,
        "max": 0.08022308349609375
    },
    "f06_startup": {
        "class": "F06",
        "include_startup": true,
        "runs": [
            0.07130002975463867,
            0.08312177658081055,
            0.07158112525939941,
            0.07124590873718262,
            0.07134699821472168,
            0.07093000411987305,
            0.07020783424377441,
            0.08385586738586426,
            0.08669090270996094,
            0.07105088233947754
        ],
        "average": 0.07513313293457032,
        "min": 0.07020783424377441,
        "max": 0.08669090270996094
    },
    "p16": {
        "class": "P16",
        "include_startup": false,
        "runs": [
            10.058152914047241,
            10.17507290840149,
            10.15386700630188,
            10.059767007827759,
            10.039065837860107,
            10.00209093093872,
            10.18180513381958,
            10.013458967208862,
            9.91063904762268,
            10.069230079650879
        ],
        "average": 10.06631498336792,
        "min": 9.91063904762268,
        "max": 10.18180513381958
    },
    "p16_startup": {
        "class": "P16",
        "include_startup": true,
        "runs": [
            10.076683044433594,
            10.02225399017334,
            9.995702028274536,
            10.45972204208374,
            10.068962097167969,
            10.080878973007202,
            10.039456129074097,
            10.02319598197937,
            8.812934875488281,
            10.095393896102905
        ],
        "average": 9.967518305778503,
        "min": 8.812934875488281,
        "max": 10.45972204208374
    }
}