{
    "f06": {
        "class": "F06",
        "include_startup": false,
        "runs": [
            0.0008180141448974609,
            0.0008080005645751953,
            0.0008258819580078125,
            0.0008361339569091797,
            0.0008249282836914062,
            0.00084686279296875,
            0.0008149147033691406,
            0.0008020401000976562,
            0.0008301734924316406,
            0.00084686279296875
        ],
        "average": 0.0008253812789916992,
        "min": 0.0008020401000976562,
        "max": 0.00084686279296875
    },
    "f06_startup": {
        "class": "F06",
        "include_startup": true,
        "runs": [
            0.002209901809692383,
            0.0018320083618164062,
            0.0017871856689453125,
            0.0018038749694824219,
            0.0017910003662109375,
            0.0038809776306152344,
            0.0032660961151123047,
            0.0033190250396728516,
            0.003345012664794922,
            0.0033140182495117188
        ],
        "average": 0.0026549100875854492,
        "min": 0.0017871856689453125,
        "max": 0.0038809776306152344
    },
    "fin06": {
        "class": "FIn06",
        "include_startup": false,
        "runs": [
            0.0014240741729736328,
            0.001352071762084961,
            0.0013470649719238281,
            0.0013730525970458984,
            0.0013461112976074219,
            0.0008471012115478516,
            0.0008330345153808594,
            0.0008342266082763672,
            0.0008208751678466797,
            0.000820159912109375
        ],
        "average": 0.0010997772216796875,
        "min": 0.000820159912109375,
        "max": 0.0014240741729736328
    },
    "fin06_startup": {
        "class": "FIn06",
        "include_startup": true,
        "runs": [
            0.0022668838500976562,
            0.0018658638000488281,
            0.0018279552459716797,
            0.0017969608306884766,
            0.0018129348754882812,
            0.0021250247955322266,
            0.0017478466033935547,
            0.0017800331115722656,
            0.0017518997192382812,
            0.001744985580444336
        ],
        "average": 0.0018720388412475585,
        "min": 0.001744985580444336,
        "max": 0.0022668838500976562
    },
    "p16": {
        "class": "P16",
        "include_startup": false,
        "runs": [
            0.0008499622344970703,
            0.0008630752563476562,
            0.0008938312530517578,
            0.0008778572082519531,
            0.0008721351623535156,
            0.0008280277252197266,
            0.0008490085601806641,
            0.0008749961853027344,
            0.0008478164672851562,
            0.0014910697937011719
        ],
        "average": 0.0009247779846191407,
        "min": 0.0008280277252197266,
        "max": 0.0014910697937011719
    },
    "p16_startup": {
        "class": "P16",
        "include_startup": true,
        "runs": [
            0.0022330284118652344,
            0.0022220611572265625,
            0.0022530555725097656,
            0.0022258758544921875,
            0.002216815948486328,
            0.002254009246826172,
            0.0021898746490478516,
            0.0022950172424316406,
            0.0022330284118652344,
            0.00400090217590332
        ],
        "average": 0.00241236686706543,
        "min": 0.0021898746490478516,
        "max": 0.00400090217590332
    },
    "pin16": {
        "class": "PIn16",
        "include_startup": false,
        "runs": [
            0.0010578632354736328,
            0.0008831024169921875,
            0.0008800029754638672,
            0.00086212158203125,
            0.0008540153503417969,
            0.0008451938629150391,
            0.0008668899536132812,
            0.000865936279296875,
            0.0008800029754638672,
            0.0008649826049804688
        ],
        "average": 0.0008860111236572265,
        "min": 0.0008451938629150391,
        "max": 0.0010578632354736328
    },
    "pin16_startup": {
        "class": "PIn16",
        "include_startup": true,
        "runs": [
            0.0023260116577148438,
            0.0022351741790771484,
            0.0022220611572265625,
            0.002285003662109375,
            0.002187013626098633,
            0.002223968505859375,
            0.002187967300415039,
            0.0022830963134765625,
            0.0019080638885498047,
            0.0023119449615478516
        ],
        "average": 0.0022170305252075194,
        "min": 0.0019080638885498047,
        "max": 0.0023260116577148438
    }
}