{
    "f06": {
        "class": "F06",
        "include_startup": false,
        "runs": [
            0.0007419586181640625,
            0.0007047653198242188,
            0.0007040500640869141,
            0.0006978511810302734,
            0.0006840229034423828,
            0.0006859302520751953,
            0.0006799697875976562,
            0.0006949901580810547,
            0.0006787776947021484,
            0.0006761550903320312
        ],
        "average": 0.0006948471069335938,
        "min": 0.0006761550903320312,
        "max": 0.0007419586181640625
    },
    "f06_startup": {
        "class": "F06",
        "include_startup": true,
        "runs": [
            0.002147197723388672,
            0.0008521080017089844,
            0.0008380413055419922,
            0.0008451938629150391,
            0.0008499622344970703,
            0.0008420944213867188,
            0.0008440017700195312,
            0.0008521080017089844,
            0.0008409023284912109,
            0.0008628368377685547
        ],
        "average": 0.0009774446487426757,
        "min": 0.0008380413055419922,
        "max": 0.002147197723388672
    },
    "p16": {
        "class": "P16",
        "include_startup": false,
        "runs": [
            0.0009322166442871094,
            0.0008168220520019531,
            0.0008242130279541016,
            0.0008039474487304688,
            0.0008149147033691406,
            0.0007920265197753906,
            0.0008029937744140625,
            0.0008120536804199219,
            0.0008089542388916016,
            0.0008008480072021484
        ],
        "average": 0.0008208990097045898,
        "min": 0.0007920265197753906,
        "max": 0.0009322166442871094
    },
    "p16_startup": {
        "class": "P16",
        "include_startup": true,
        "runs": [
            0.002151966094970703,
            0.0009479522705078125,
            0.0009360313415527344,
            0.0009369850158691406,
            0.0009181499481201172,
            0.0009150505065917969,
            0.0009129047393798828,
            0.0008871555328369141,
            0.0009238719940185547,
            0.0009169578552246094
        ],
        "average": 0.0010447025299072266,
        "min": 0.0008871555328369141,
        "max": 0.002151966094970703
    },
    "z26": {
        "class": "Z26",
        "include_startup": false,
        "runs": [
            0.0009598731994628906,
            0.0007669925689697266,
            0.0007951259613037109,
            0.0007882118225097656,
            0.0007708072662353516,
            0.0007719993591308594,
            0.0007910728454589844,
            0.0007770061492919922,
            0.0007719993591308594,
            0.0007610321044921875
        ],
        "average": 0.0007954120635986328,
        "min": 0.0007610321044921875,
        "max": 0.0009598731994628906
    },
    "z26_startup": {
        "class": "Z26",
        "include_startup": true,
        "runs": [
            0.002212047576904297,
            0.0010230541229248047,
            0.0010149478912353516,
            0.0010077953338623047,
            0.0009918212890625,
            0.0010099411010742188,
            0.0009930133819580078,
            0.001013040542602539,
            0.0009860992431640625,
            0.0009899139404296875
        ],
        "average": 0.0011241674423217774,
        "min": 0.0009860992431640625,
        "max": 0.002212047576904297
    }
}