{
    "f06": {
        "class": "F06",
        "include_startup": false,
        "runs": [
            0.0008640289306640625,
            0.000823974609375,
            0.0007891654968261719,
            0.0008008480072021484,
            0.0007901191711425781,
            0.0009799003601074219,
            0.0011758804321289062,
            0.0011680126190185547,
            0.0013079643249511719,
            0.0012390613555908203
        ],
        "average": 0.0009938955307006836,
        "min": 0.0007891654968261719,
        "max": 0.0013079643249511719
    },
    "f06_startup": {
        "class": "F06",
        "include_startup": true,
        "runs": [
            0.003120899200439453,
            0.0013189315795898438,
            0.001336812973022461,
            0.0013289451599121094,
            0.0013010501861572266,
            0.0013279914855957031,
            0.0013439655303955078,
            0.0013301372528076172,
            0.0013310909271240234,
            0.0013279914855957031
        ],
        "average": 0.0015067815780639648,
        "min": 0.0013010501861572266,
        "max": 0.003120899200439453
    },
    "p16": {
        "class": "P16",
        "include_startup": false,
        "runs": [
            0.0008769035339355469,
            0.0007810592651367188,
            0.0008001327514648438,
            0.0007750988006591797,
            0.000782012939453125,
            0.0007719993591308594,
            0.0007669925689697266,
            0.0007739067077636719,
            0.0007908344268798828,
            0.0007829666137695312
        ],
        "average": 0.0007901906967163086,
        "min": 0.0007669925689697266,
        "max": 0.0008769035339355469
    },
    "p16_startup": {
        "class": "P16",
        "include_startup": true,
        "runs": [
            0.002113819122314453,
            0.0009381771087646484,
            0.0009129047393798828,
            0.0009090900421142578,
            0.0009131431579589844,
            0.0009090900421142578,
            0.0009160041809082031,
            0.000926971435546875,
            0.000904083251953125,
            0.0009229183197021484
        ],
        "average": 0.0010366201400756835,
        "min": 0.000904083251953125,
        "max": 0.002113819122314453
    },
    "z26": {
        "class": "Z26",
        "include_startup": false,
        "runs": [
            0.0009980201721191406,
            0.0008461475372314453,
            0.0008261203765869141,
            0.0008358955383300781,
            0.0008258819580078125,
            0.0008230209350585938,
            0.0008218288421630859,
            0.0008349418640136719,
            0.0008220672607421875,
            0.0008127689361572266
        ],
        "average": 0.0008446693420410157,
        "min": 0.0008127689361572266,
        "max": 0.0009980201721191406
    },
    "z26_startup": {
        "class": "Z26",
        "include_startup": true,
        "runs": [
            0.0020799636840820312,
            0.0009329319000244141,
            0.0009589195251464844,
            0.0009751319885253906,
            0.000965118408203125,
            0.0010340213775634766,
            0.000946044921875,
            0.0010259151458740234,
            0.0009720325469970703,
            0.0009970664978027344
        ],
        "average": 0.001088714599609375,
        "min": 0.0009329319000244141,
        "max": 0.0020799636840820312
    }
}