{
    "f06": {
        "class": "F06",
        "include_startup": false,
        "runs": [
            0.6291429996490479,
            0.6159100532531738,
            0.6153838634490967,
            0.6142959594726562,
            0.6135427951812744,
            0.6272368431091309,
            0.6226480007171631,
            0.6240520477294922,
            0.6240561008453369,
            0.6236507892608643
        ],
        "average": 0.6209919452667236,
        "min": 0.6135427951812744,
        "max": 0.6291429996490479
    },
    "f06_startup": {
        "class": "F06",
        "include_startup": true,
        "runs": [
            0.63161301612854,
            0.6183559894561768,
            0.6204390525817871,
            0.6238288879394531,
            0.6224172115325928,
            0.6262691020965576,
            0.6224160194396973,
            0.6229119300842285,
            0.6286911964416504,
            0.6233770847320557
        ],
        "average": 0.624031949043274,
        "min": 0.6183559894561768,
        "max": 0.63161301612854
    },
    "p16": {
        "class": "P16",
        "include_startup": false,
        "runs": [
            86.9352548122406,
            87.07211804389954,
            86.81833291053772,
            86.84876918792725,
            86.57722020149231,
            87.31882190704346,
            86.29789304733276,
            75.49146604537964,
            87.35885286331177,
            87.1032772064209
        ],
        "average": 85.78220062255859,
        "min": 75.49146604537964,
        "max": 87.35885286331177
    },
    "p16_startup": {
        "class": "P16",
        "include_startup": true,
        "runs": [
            87.32378005981445,
            87.02110600471497,
            86.39094495773315,
            86.84839510917664,
            86.19266104698181,
            87.54809904098511,
            73.56009483337402,
            86.647714138031,
            86.9284119606018,
            88.3234920501709
        ],
        "average": 85.67846992015839,
        "min": 73.56009483337402,
        "max": 88.3234920501709
    }
}