{
    "f06": {
        "class": "F06",
        "include_startup": false,
        "runs": [
            0.006181001663208008,
            0.003590106964111328,
            0.0033919811248779297,
            0.006247043609619141,
            0.0034029483795166016,
            0.003765106201171875,
            0.0034918785095214844,
            0.0034689903259277344,
            0.003486156463623047,
            0.0034520626068115234
        ],
        "average": 0.0040477275848388675,
        "min": 0.0033919811248779297,
        "max": 0.006247043609619141
    },
    "f06_startup": {
        "class": "F06",
        "include_startup": true,
        "runs": [
            0.004670143127441406,
            0.0033469200134277344,
            0.004236936569213867,
            0.004385948181152344,
            0.0035479068756103516,
            0.004868984222412109,
            0.0034728050231933594,
            0.003507852554321289,
            0.003486156463623047,
            0.0034759044647216797
        ],
        "average": 0.003899955749511719,
        "min": 0.0033469200134277344,
        "max": 0.004868984222412109
    },
    "p16": {
        "class": "P16",
        "include_startup": false,
        "runs": [
            0.0037539005279541016,
            0.0029449462890625,
            0.003721952438354492,
            0.0036830902099609375,
            0.0038759708404541016,
            0.0034759044647216797,
            0.003798961639404297,
            0.006574869155883789,
            0.0037949085235595703,
            0.005449056625366211
        ],
        "average": 0.004107356071472168,
        "min": 0.0029449462890625,
        "max": 0.006574869155883789
    },
    "p16_startup": {
        "class": "P16",
        "include_startup": true,
        "runs": [
            0.008538007736206055,
            0.0049610137939453125,
            0.004851102828979492,
            0.004873037338256836,
            0.004817008972167969,
            0.004044055938720703,
            0.004799842834472656,
            0.00485992431640625,
            0.004847049713134766,
            0.00481104850769043
        ],
        "average": 0.0051402091979980465,
        "min": 0.004044055938720703,
        "max": 0.008538007736206055
    }
}