{
    "f06": {
        "class": "F06",
        "include_startup": false,
        "runs": [
            0.6286289691925049,
            0.6268332004547119,
            0.6242280006408691,
            0.6252110004425049,
            0.6274609565734863,
            0.6216309070587158,
            0.6108889579772949,
            0.6131539344787598,
            0.6134960651397705,
            0.6106119155883789
        ],
        "average": 0.6202143907546998,
        "min": 0.6106119155883789,
        "max": 0.6286289691925049
    },
    "f06_startup": {
        "class": "F06",
        "include_startup": true,
        "runs": [
            0.6104130744934082,
            0.6126818656921387,
            0.6086640357971191,
            0.6083521842956543,
            0.6074039936065674,
            0.6240489482879639,
            0.6206228733062744,
            0.6226339340209961,
            0.6231579780578613,
            0.6215090751647949
        ],
        "average": 0.6159487962722778,
        "min": 0.6074039936065674,
        "max": 0.6240489482879639
    },
    "p16": {
        "class": "P16",
        "include_startup": false,
        "runs": [
            86.83431792259216,
            86.51779413223267,
            87.35932898521423,
            87.19826602935791,
            87.71995997428894,
            86.553062915802,
            86.22723007202148,
            86.8835961818695,
            87.95517897605896,
            86.71775507926941
        ],
        "average": 86.99664902687073,
        "min": 86.22723007202148,
        "max": 87.95517897605896
    },
    "p16_startup": {
        "class": "P16",
        "include_startup": true,
        "runs": [
            86.49166703224182,
            85.41845083236694,
            87.54180693626404,
            87.0304958820343,
            87.7671570777893,
            87.03277087211609,
            86.38984107971191,
            88.06189703941345,
            86.96469902992249,
            87.157634973526
        ],
        "average": 86.98564207553864,
        "min": 85.41845083236694,
        "max": 88.06189703941345
    }
}