{
    "f06": {
        "class": "F06",
        "include_startup": false,
        "runs": [
            0.00292205810546875,
            0.0027480125427246094,
            0.0027208328247070312,
            0.002701997756958008,
            0.0027010440826416016,
            0.0036230087280273438,
            0.003826141357421875,
            0.003337860107421875,
            0.003361940383911133,
            0.0033779144287109375
        ],
        "average": 0.0031320810317993163,
        "min": 0.0027010440826416016,
        "max": 0.003826141357421875
    },
    "f06_startup": {
        "class": "F06",
        "include_startup": true,
        "runs": [
            0.003885030746459961,
            0.0027849674224853516,
            0.0027790069580078125,
            0.0027599334716796875,
            0.002768993377685547,
            0.005034923553466797,
            0.0036458969116210938,
            0.003696918487548828,
            0.003596067428588867,
            0.0035600662231445312
        ],
        "average": 0.0034511804580688475,
        "min": 0.0027599334716796875,
        "max": 0.005034923553466797
    },
    "p16": {
        "class": "P16",
        "include_startup": false,
        "runs": [
            0.003612995147705078,
            0.005337953567504883,
            0.003637075424194336,
            0.004853010177612305,
            0.003695964813232422,
            0.003637075424194336,
            0.003657817840576172,
            0.0029609203338623047,
            0.006576061248779297,
            0.003698110580444336
        ],
        "average": 0.004166698455810547,
        "min": 0.0029609203338623047,
        "max": 0.006576061248779297
    },
    "p16_startup": {
        "class": "P16",
        "include_startup": true,
        "runs": [
            0.005033969879150391,
            0.004950046539306641,
            0.004860877990722656,
            0.004940032958984375,
            0.004888057708740234,
            0.006827116012573242,
            0.004886150360107422,
            0.004884004592895508,
            0.004857063293457031,
            0.003945827484130859
        ],
        "average": 0.005007314682006836,
        "min": 0.003945827484130859,
        "max": 0.006827116012573242
    }
}