{
    "f06": {
        "class": "F06",
        "include_startup": false,
        "runs": [
            0.3942108154296875,
            0.3986339569091797,
            0.40123796463012695,
            0.40622615814208984,
            0.4028360843658447,
            0.4117870330810547,
            0.406466007232666,
            0.45109105110168457,
            0.3945579528808594,
            0.40364813804626465
        ],
        "average": 0.4070695161819458,
        "min": 0.3942108154296875,
        "max": 0.45109105110168457
    },
    "f06_startup": {
        "class": "F06",
        "include_startup": true,
        "runs": [
            0.42478013038635254,
            0.39290404319763184,
            0.3415870666503906,
            0.4052889347076416,
            0.4021129608154297,
            0.40427398681640625,
            0.40244388580322266,
            0.40697693824768066,
            0.3436439037322998,
            0.41341304779052734
        ],
        "average": 0.3937424898147583,
        "min": 0.3415870666503906,
        "max": 0.42478013038635254
    },
    "fin06": {
        "class": "FIn06",
        "include_startup": false,
        "runs": [
            0.40052103996276855,
            0.3807048797607422,
            0.37554192543029785,
            0.3914780616760254,
            0.3780510425567627,
            0.37702488899230957,
            0.3776099681854248,
            0.38013720512390137,
            0.40110206604003906,
            0.37575197219848633
        ],
        "average": 0.3837923049926758,
        "min": 0.37554192543029785,
        "max": 0.40110206604003906
    },
    "fin06_startup": {
        "class": "FIn06",
        "include_startup": true,
        "runs": [
            0.37389516830444336,
            0.376615047454834,
            0.3946101665496826,
            0.3946521282196045,
            0.39763402938842773,
            0.37425994873046875,
            0.38137006759643555,
            0.3833458423614502,
            0.379194974899292,
            0.32482004165649414
        ],
        "average": 0.3780397415161133,
        "min": 0.32482004165649414,
        "max": 0.39763402938842773
    }
}