{
    "f06": {
        "class": "F06",
        "include_startup": false,
        "runs": [
            0.4047520160675049,
            0.42884111404418945,
            0.39887380599975586,
            0.3992578983306885,
            0.4000358581542969,
            0.39650797843933105,
            0.4045391082763672,
            0.4182720184326172,
            0.40598201751708984,
            0.34563684463500977
        ],
        "average": 0.40026986598968506,
        "min": 0.34563684463500977,
        "max": 0.42884111404418945
    },
    "f06_startup": {
        "class": "F06",
        "include_startup": true,
        "runs": [
            0.4059000015258789,
            0.34969091415405273,
            0.35497593879699707,
            0.407181978225708,
            0.40459108352661133,
            0.4066340923309326,
            0.40732502937316895,
            0.4024789333343506,
            0.403350830078125,
            0.39879894256591797
        ],
        "average": 0.3940927743911743,
        "min": 0.34969091415405273,
        "max": 0.40732502937316895
    },
    "fin06": {
        "class": "FIn06",
        "include_startup": false,
        "runs": [
            0.3773519992828369,
            0.37600207328796387,
            0.37592411041259766,
            0.3768649101257324,
            0.38454699516296387,
            0.37899208068847656,
            0.37919116020202637,
            0.3837301731109619,
            0.4173300266265869,
            0.38413190841674805
        ],
        "average": 0.3834065437316895,
        "min": 0.37592411041259766,
        "max": 0.4173300266265869
    },
    "fin06_startup": {
        "class": "FIn06",
        "include_startup": true,
        "runs": [
            0.4015071392059326,
            0.389819860458374,
            0.3891580104827881,
            0.3844950199127197,
            0.3959081172943115,
            0.37812185287475586,
            0.3866539001464844,
            0.39145493507385254,
            0.34086012840270996,
            0.38013792037963867
        ],
        "average": 0.3838116884231567,
        "min": 0.34086012840270996,
        "max": 0.4015071392059326
    }
}