{
    "f06": {
        "class": "F06",
        "include_startup": false,
        "runs": [
            0.6629080772399902,
            0.6530821323394775,
            0.548149824142456,
            0.6696741580963135,
            0.6543571949005127,
            0.670849084854126,
            0.6648831367492676,
            0.644683837890625,
            0.6599700450897217,
            0.6646919250488281
        ],
        "average": 0.6493249416351319,
        "min": 0.548149824142456,
        "max": 0.670849084854126
    },
    "f06_startup": {
        "class": "F06",
        "include_startup": true,
        "runs": [
            0.6620941162109375,
            0.656527042388916,
            0.6627609729766846,
            0.553541898727417,
            0.5599370002746582,
            0.6593470573425293,
            0.7237081527709961,
            0.6725161075592041,
            0.7120740413665771,
            0.6723959445953369
        ],
        "average": 0.6534902334213257,
        "min": 0.553541898727417,
        "max": 0.7237081527709961
    }
}