{
    "f06": {
        "class": "F06",
        "include_startup": false,
        "runs": [
            0.6541101932525635,
            0.6591870784759521,
            0.546252965927124,
            0.6641049385070801,
            0.73618483543396,
            0.6752719879150391,
            0.6733889579772949,
            0.6841251850128174,
            0.6589930057525635,
            0.676922082901001
        ],
        "average": 0.6628541231155396,
        "min": 0.546252965927124,
        "max": 0.73618483543396
    },
    "f06_startup": {
        "class": "F06",
        "include_startup": true,
        "runs": [
            0.6642849445343018,
            0.6753020286560059,
            0.6622438430786133,
            0.655947208404541,
            0.6536412239074707,
            0.6533291339874268,
            0.6773700714111328,
            0.6662900447845459,
            0.6720321178436279,
            0.5516769886016846
        ],
        "average": 0.6532117605209351,
        "min": 0.5516769886016846,
        "max": 0.6773700714111328
    }
}