{
    "f06": {
        "class": "F06",
        "include_startup": false,
        "runs": [
            0.8411450386047363,
            0.8373699188232422,
            0.8253748416900635,
            0.8708832263946533,
            0.8289530277252197,
            0.8461050987243652,
            0.8289089202880859,
            0.8389430046081543,
            0.8454439640045166,
            0.8326680660247803
        ],
        "average": 0.8395795106887818,
        "min": 0.8253748416900635,
        "max": 0.8708832263946533
    },
    "f06_startup": {
        "class": "F06",
        "include_startup": true,
        "runs": [
            0.8358769416809082,
            0.8490378856658936,
            0.8304040431976318,
            0.8311481475830078,
            0.830319881439209,
            0.8491261005401611,
            0.833604097366333,
            0.8518359661102295,
            0.8259038925170898,
            0.8266699314117432
        ],
        "average": 0.8363926887512207,
        "min": 0.8259038925170898,
        "max": 0.8518359661102295
    },
    "fin06": {
        "class": "FIn06",
        "include_startup": false,
        "runs": [
            4.0872228145599365,
            4.138350963592529,
            4.044304847717285,
            4.140923976898193,
            4.148738145828247,
            4.131414890289307,
            4.121546030044556,
            4.135473012924194,
            4.121027231216431,
            4.110522031784058
        ],
        "average": 4.1179523944854735,
        "min": 4.044304847717285,
        "max": 4.148738145828247
    },
    "fin06_startup": {
        "class": "FIn06",
        "include_startup": true,
        "runs": [
            4.165716171264648,
            4.083431959152222,
            4.139930963516235,
            4.069990158081055,
            4.138243913650513,
            4.117323875427246,
            4.106154918670654,
            4.063849210739136,
            4.06344199180603,
            4.077237129211426
        ],
        "average": 4.1025320291519165,
        "min": 4.06344199180603,
        "max": 4.165716171264648
    }
}