{
    "f06": {
        "class": "F06",
        "include_startup": false,
        "runs": [
            0.8328299522399902,
            0.8497588634490967,
            0.8253231048583984,
            0.8333258628845215,
            0.6975691318511963,
            0.8450047969818115,
            0.894474983215332,
            0.8272240161895752,
            0.8377211093902588,
            0.8423030376434326
        ],
        "average": 0.8285534858703614,
        "min": 0.6975691318511963,
        "max": 0.894474983215332
    },
    "f06_startup": {
        "class": "F06",
        "include_startup": true,
        "runs": [
            0.8948719501495361,
            0.8328030109405518,
            0.8250100612640381,
            0.8271210193634033,
            0.6965060234069824,
            0.6966331005096436,
            0.8440670967102051,
            0.8591940402984619,
            0.6926791667938232,
            0.836982011795044
        ],
        "average": 0.800586748123169,
        "min": 0.6926791667938232,
        "max": 0.8948719501495361
    },
    "fin06": {
        "class": "FIn06",
        "include_startup": false,
        "runs": [
            4.110606908798218,
            4.093540906906128,
            4.105095863342285,
            4.108141899108887,
            4.238245964050293,
            4.096756935119629,
            4.090707063674927,
            4.1283769607543945,
            4.0391809940338135,
            4.1049699783325195
        ],
        "average": 4.111562347412109,
        "min": 4.0391809940338135,
        "max": 4.238245964050293
    },
    "fin06_startup": {
        "class": "FIn06",
        "include_startup": true,
        "runs": [
            4.151434898376465,
            3.4618208408355713,
            4.15559196472168,
            4.165132999420166,
            4.1037280559539795,
            4.110927104949951,
            4.163452863693237,
            4.084913969039917,
            4.121935129165649,
            4.119158029556274
        ],
        "average": 4.063809585571289,
        "min": 3.4618208408355713,
        "max": 4.165132999420166
    }
}