{
    "f06": {
        "class": "F06",
        "include_startup": false,
        "runs": [
            0.006503105163574219,
            0.0035238265991210938,
            0.003504037857055664,
            0.003443002700805664,
            0.003488779067993164,
            0.003407001495361328,
            0.0033981800079345703,
            0.0033860206604003906,
            0.003400087356567383,
            0.003412008285522461
        ],
        "average": 0.0037466049194335937,
        "min": 0.0033860206604003906,
        "max": 0.006503105163574219
    },
    "f06_startup": {
        "class": "F06",
        "include_startup": true,
        "runs": [
            0.0039310455322265625,
            0.0035300254821777344,
            0.003467082977294922,
            0.0034439563751220703,
            0.003468036651611328,
            0.0052950382232666016,
            0.003484964370727539,
            0.0034151077270507812,
            0.003426074981689453,
            0.003448963165283203
        ],
        "average": 0.0036910295486450194,
        "min": 0.0034151077270507812,
        "max": 0.0052950382232666016
    },
    "fin06": {
        "class": "FIn06",
        "include_startup": false,
        "runs": [
            0.005193948745727539,
            0.0040929317474365234,
            0.0038480758666992188,
            0.0038640499114990234,
            0.0038390159606933594,
            0.003812074661254883,
            0.003818988800048828,
            0.0038270950317382812,
            0.0038290023803710938,
            0.003856182098388672
        ],
        "average": 0.0039981365203857425,
        "min": 0.003812074661254883,
        "max": 0.005193948745727539
    },
    "fin06_startup": {
        "class": "FIn06",
        "include_startup": true,
        "runs": [
            0.004296064376831055,
            0.004187822341918945,
            0.004069089889526367,
            0.003880023956298828,
            0.003915071487426758,
            0.003907918930053711,
            0.0038700103759765625,
            0.0038750171661376953,
            0.0038747787475585938,
            0.0038721561431884766
        ],
        "average": 0.003974795341491699,
        "min": 0.0038700103759765625,
        "max": 0.004296064376831055
    },
    "p16": {
        "class": "P16",
        "include_startup": false,
        "runs": [
            0.0038750171661376953,
            0.003451108932495117,
            0.003453969955444336,
            0.0035049915313720703,
            0.0034651756286621094,
            0.004374980926513672,
            0.003462076187133789,
            0.003495931625366211,
            0.003498077392578125,
            0.0034019947052001953
        ],
        "average": 0.003598332405090332,
        "min": 0.0034019947052001953,
        "max": 0.004374980926513672
    },
    "p16_startup": {
        "class": "P16",
        "include_startup": true,
        "runs": [
            0.003905057907104492,
            0.003452777862548828,
            0.003495931625366211,
            0.003506898880004883,
            0.0034728050231933594,
            0.0034728050231933594,
            0.0034639835357666016,
            0.0034608840942382812,
            0.00345611572265625,
            0.005323171615600586
        ],
        "average": 0.003701043128967285,
        "min": 0.003452777862548828,
        "max": 0.005323171615600586
    },
    "pin16": {
        "class": "PIn16",
        "include_startup": false,
        "runs": [
            0.003715038299560547,
            0.0034258365631103516,
            0.0035741329193115234,
            0.0033681392669677734,
            0.003374814987182617,
            0.0033979415893554688,
            0.0033979415893554688,
            0.0033969879150390625,
            0.003392934799194336,
            0.0034399032592773438
        ],
        "average": 0.0034483671188354492,
        "min": 0.0033681392669677734,
        "max": 0.003715038299560547
    },
    "pin16_startup": {
        "class": "PIn16",
        "include_startup": true,
        "runs": [
            0.00425410270690918,
            0.003901958465576172,
            0.003917217254638672,
            0.0038831233978271484,
            0.004370927810668945,
            0.00392603874206543,
            0.003892183303833008,
            0.003866910934448242,
            0.003883838653564453,
            0.003923177719116211
        ],
        "average": 0.003981947898864746,
        "min": 0.003866910934448242,
        "max": 0.004370927810668945
    },
    "z26": {
        "class": "Z26",
        "include_startup": false,
        "runs": [
            0.003964900970458984,
            0.003459930419921875,
            0.0034580230712890625,
            0.0034551620483398438,
            0.0034379959106445312,
            0.0034279823303222656,
            0.0034618377685546875,
            0.003473997116088867,
            0.0036878585815429688,
            0.003921031951904297
        ],
        "average": 0.0035748720169067384,
        "min": 0.0034279823303222656,
        "max": 0.003964900970458984
    },
    "z26_startup": {
        "class": "Z26",
        "include_startup": true,
        "runs": [
            0.006548881530761719,
            0.0035359859466552734,
            0.003551006317138672,
            0.0035181045532226562,
            0.0035610198974609375,
            0.003556966781616211,
            0.0035660266876220703,
            0.0035300254821777344,
            0.003487110137939453,
            0.0035178661346435547
        ],
        "average": 0.003837299346923828,
        "min": 0.003487110137939453,
        "max": 0.006548881530761719
    },
    "zin26": {
        "class": "ZIn26",
        "include_startup": false,
        "runs": [
            0.004354953765869141,
            0.003895998001098633,
            0.0038480758666992188,
            0.0038869380950927734,
            0.0038640499114990234,
            0.0038509368896484375,
            0.0038650035858154297,
            0.0038340091705322266,
            0.0038411617279052734,
            0.003815889358520508
        ],
        "average": 0.0039057016372680666,
        "min": 0.003815889358520508,
        "max": 0.004354953765869141
    },
    "zin26_startup": {
        "class": "ZIn26",
        "include_startup": true,
        "runs": [
            0.008533000946044922,
            0.007250070571899414,
            0.00404810905456543,
            0.0038940906524658203,
            0.0039060115814208984,
            0.005786895751953125,
            0.004334926605224609,
            0.0039119720458984375,
            0.004007816314697266,
            0.0039331912994384766
        ],
        "average": 0.00496060848236084,
        "min": 0.0038940906524658203,
        "max": 0.008533000946044922
    }
}