{
    "f06": {
        "class": "F06",
        "include_startup": false,
        "runs": [
            0.00339508056640625,
            0.0030241012573242188,
            0.003004789352416992,
            0.002989053726196289,
            0.0031969547271728516,
            0.002980947494506836,
            0.0029840469360351562,
            0.003198862075805664,
            0.0029850006103515625,
            0.0029850006103515625
        ],
        "average": 0.003074383735656738,
        "min": 0.002980947494506836,
        "max": 0.00339508056640625
    },
    "f06_startup": {
        "class": "F06",
        "include_startup": true,
        "runs": [
            0.003988981246948242,
            0.003484964370727539,
            0.003490924835205078,
            0.0034661293029785156,
            0.003468036651611328,
            0.0034580230712890625,
            0.0035309791564941406,
            0.003537893295288086,
            0.0034699440002441406,
            0.0034880638122558594
        ],
        "average": 0.0035383939743041993,
        "min": 0.0034580230712890625,
        "max": 0.003988981246948242
    },
    "fin06": {
        "class": "FIn06",
        "include_startup": false,
        "runs": [
            0.004263877868652344,
            0.003866910934448242,
            0.0038878917694091797,
            0.003854990005493164,
            0.003877878189086914,
            0.003882169723510742,
            0.00386810302734375,
            0.003911018371582031,
            0.003874063491821289,
            0.0038950443267822266
        ],
        "average": 0.003918194770812988,
        "min": 0.003854990005493164,
        "max": 0.004263877868652344
    },
    "fin06_startup": {
        "class": "FIn06",
        "include_startup": true,
        "runs": [
            0.0039179325103759766,
            0.003495931625366211,
            0.0035169124603271484,
            0.003506898880004883,
            0.0034852027893066406,
            0.0035200119018554688,
            0.003596067428588867,
            0.0035071372985839844,
            0.003465890884399414,
            0.003490924835205078
        ],
        "average": 0.003550291061401367,
        "min": 0.003465890884399414,
        "max": 0.0039179325103759766
    },
    "p16": {
        "class": "P16",
        "include_startup": false,
        "runs": [
            0.003843069076538086,
            0.003407001495361328,
            0.003473997116088867,
            0.0034248828887939453,
            0.0034351348876953125,
            0.003412008285522461,
            0.003448009490966797,
            0.00413203239440918,
            0.003509044647216797,
            0.0034859180450439453
        ],
        "average": 0.003557109832763672,
        "min": 0.003407001495361328,
        "max": 0.00413203239440918
    },
    "p16_startup": {
        "class": "P16",
        "include_startup": true,
        "runs": [
            0.0039119720458984375,
            0.0035789012908935547,
            0.003484964370727539,
            0.0035049915313720703,
            0.0034210681915283203,
            0.0034868717193603516,
            0.0034821033477783203,
            0.0035250186920166016,
            0.003598928451538086,
            0.0034971237182617188
        ],
        "average": 0.0035491943359375,
        "min": 0.0034210681915283203,
        "max": 0.0039119720458984375
    },
    "pin16": {
        "class": "PIn16",
        "include_startup": false,
        "runs": [
            0.004819154739379883,
            0.003831148147583008,
            0.0039520263671875,
            0.003911018371582031,
            0.003907918930053711,
            0.0053899288177490234,
            0.004812002182006836,
            0.003921985626220703,
            0.0038971900939941406,
            0.0038421154022216797
        ],
        "average": 0.004228448867797852,
        "min": 0.003831148147583008,
        "max": 0.0053899288177490234
    },
    "pin16_startup": {
        "class": "PIn16",
        "include_startup": true,
        "runs": [
            0.004351139068603516,
            0.0038721561431884766,
            0.0038709640502929688,
            0.003962039947509766,
            0.003879070281982422,
            0.004173994064331055,
            0.003924846649169922,
            0.0039081573486328125,
            0.003859996795654297,
            0.0038750171661376953
        ],
        "average": 0.003967738151550293,
        "min": 0.003859996795654297,
        "max": 0.004351139068603516
    },
    "z26": {
        "class": "Z26",
        "include_startup": false,
        "runs": [
            0.003406047821044922,
            0.003259897232055664,
            0.003025054931640625,
            0.0034639835357666016,
            0.0030350685119628906,
            0.0030291080474853516,
            0.003111124038696289,
            0.0030670166015625,
            0.0030519962310791016,
            0.003039121627807617
        ],
        "average": 0.0031488418579101564,
        "min": 0.003025054931640625,
        "max": 0.0034639835357666016
    },
    "z26_startup": {
        "class": "Z26",
        "include_startup": true,
        "runs": [
            0.004454135894775391,
            0.0035681724548339844,
            0.003568887710571289,
            0.0035278797149658203,
            0.0035109519958496094,
            0.0035240650177001953,
            0.004694938659667969,
            0.0034949779510498047,
            0.003504037857055664,
            0.0035979747772216797
        ],
        "average": 0.0037446022033691406,
        "min": 0.0034949779510498047,
        "max": 0.004694938659667969
    },
    "zin26": {
        "class": "ZIn26",
        "include_startup": false,
        "runs": [
            0.003988981246948242,
            0.003529071807861328,
            0.0035560131072998047,
            0.0035789012908935547,
            0.0036361217498779297,
            0.0035359859466552734,
            0.003545045852661133,
            0.0035631656646728516,
            0.003545999526977539,
            0.003512144088745117
        ],
        "average": 0.0035991430282592773,
        "min": 0.003512144088745117,
        "max": 0.003988981246948242
    },
    "zin26_startup": {
        "class": "ZIn26",
        "include_startup": true,
        "runs": [
            0.0043010711669921875,
            0.003899097442626953,
            0.003966093063354492,
            0.003949880599975586,
            0.003931999206542969,
            0.003907918930053711,
            0.003997087478637695,
            0.003910064697265625,
            0.004051923751831055,
            0.003885984420776367
        ],
        "average": 0.003980112075805664,
        "min": 0.003885984420776367,
        "max": 0.0043010711669921875
    }
}