{
    "f06": {
        "class": "F06",
        "include_startup": false,
        "runs": [
            0.0042569637298583984,
            0.004109859466552734,
            0.0040509700775146484,
            0.0040400028228759766,
            0.004024028778076172,
            0.0034170150756835938,
            0.003381967544555664,
            0.0035200119018554688,
            0.0034089088439941406,
            0.003381967544555664
        ],
        "average": 0.003759169578552246,
        "min": 0.003381967544555664,
        "max": 0.0042569637298583984
    },
    "f06_startup": {
        "class": "F06",
        "include_startup": true,
        "runs": [
            0.0045430660247802734,
            0.004463911056518555,
            0.004407167434692383,
            0.004446983337402344,
            0.004443168640136719,
            0.004472970962524414,
            0.00442194938659668,
            0.0043048858642578125,
            0.0043408870697021484,
            0.004253864288330078
        ],
        "average": 0.004409885406494141,
        "min": 0.004253864288330078,
        "max": 0.0045430660247802734
    },
    "fin06": {
        "class": "FIn06",
        "include_startup": false,
        "runs": [
            0.0042879581451416016,
            0.004239082336425781,
            0.004216909408569336,
            0.00421905517578125,
            0.004214048385620117,
            0.004119157791137695,
            0.004117012023925781,
            0.004319906234741211,
            0.004125833511352539,
            0.004064798355102539
        ],
        "average": 0.004192376136779785,
        "min": 0.004064798355102539,
        "max": 0.004319906234741211
    },
    "fin06_startup": {
        "class": "FIn06",
        "include_startup": true,
        "runs": [
            0.004742860794067383,
            0.004558086395263672,
            0.005202054977416992,
            0.004163026809692383,
            0.004224061965942383,
            0.004288911819458008,
            0.004333972930908203,
            0.004232883453369141,
            0.00418400764465332,
            0.004282951354980469
        ],
        "average": 0.0044212818145751955,
        "min": 0.004163026809692383,
        "max": 0.005202054977416992
    },
    "p16": {
        "class": "P16",
        "include_startup": false,
        "runs": [
            0.004189968109130859,
            0.004167079925537109,
            0.004116058349609375,
            0.004254817962646484,
            0.004235982894897461,
            0.008200883865356445,
            0.0041429996490478516,
            0.00440216064453125,
            0.004149913787841797,
            0.004251003265380859
        ],
        "average": 0.004611086845397949,
        "min": 0.004116058349609375,
        "max": 0.008200883865356445
    },
    "p16_startup": {
        "class": "P16",
        "include_startup": true,
        "runs": [
            0.004389047622680664,
            0.004484891891479492,
            0.0044171810150146484,
            0.0043489933013916016,
            0.0036468505859375,
            0.004513978958129883,
            0.0036940574645996094,
            0.004472017288208008,
            0.004750967025756836,
            0.004355907440185547
        ],
        "average": 0.004307389259338379,
        "min": 0.0036468505859375,
        "max": 0.004750967025756836
    },
    "pin16": {
        "class": "PIn16",
        "include_startup": false,
        "runs": [
            0.003832101821899414,
            0.004176139831542969,
            0.0043010711669921875,
            0.004290103912353516,
            0.0041408538818359375,
            0.0034580230712890625,
            0.004240989685058594,
            0.004354953765869141,
            0.004115104675292969,
            0.004323005676269531
        ],
        "average": 0.004123234748840332,
        "min": 0.0034580230712890625,
        "max": 0.004354953765869141
    },
    "pin16_startup": {
        "class": "PIn16",
        "include_startup": true,
        "runs": [
            0.004403114318847656,
            0.004765033721923828,
            0.0044040679931640625,
            0.004553079605102539,
            0.0037169456481933594,
            0.0045320987701416016,
            0.0045130252838134766,
            0.004434108734130859,
            0.0037980079650878906,
            0.004500150680541992
        ],
        "average": 0.004361963272094727,
        "min": 0.0037169456481933594,
        "max": 0.004765033721923828
    }
}