{
    "f06": {
        "class": "F06",
        "include_startup": false,
        "runs": [
            0.2977581024169922,
            0.29532718658447266,
            0.2783851623535156,
            0.2720799446105957,
            0.30573582649230957,
            0.2998208999633789,
            0.2972688674926758,
            0.2983129024505615,
            0.2646470069885254,
            0.29912805557250977
        ],
        "average": 0.2908463954925537,
        "min": 0.2646470069885254,
        "max": 0.30573582649230957
    },
    "f06_startup": {
        "class": "F06",
        "include_startup": true,
        "runs": [
            0.2978668212890625,
            0.2940061092376709,
            0.29416418075561523,
            0.29860591888427734,
            0.2994678020477295,
            0.29391908645629883,
            0.30722594261169434,
            0.29293298721313477,
            0.26056408882141113,
            0.2968101501464844
        ],
        "average": 0.29355630874633787,
        "min": 0.26056408882141113,
        "max": 0.30722594261169434
    },
    "fin06": {
        "class": "FIn06",
        "include_startup": false,
        "runs": [
            0.29254794120788574,
            0.31038904190063477,
            0.30378103256225586,
            0.30941104888916016,
            0.29619407653808594,
            0.272197961807251,
            0.2651522159576416,
            0.2658388614654541,
            0.295551061630249,
            0.3063368797302246
        ],
        "average": 0.2917400121688843,
        "min": 0.2651522159576416,
        "max": 0.31038904190063477
    },
    "fin06_startup": {
        "class": "FIn06",
        "include_startup": true,
        "runs": [
            0.2997310161590576,
            0.2988770008087158,
            0.26088905334472656,
            0.2944791316986084,
            0.26635003089904785,
            0.30043482780456543,
            0.3003251552581787,
            0.3424949645996094,
            0.29532289505004883,
            0.27256083488464355
        ],
        "average": 0.2931464910507202,
        "min": 0.26088905334472656,
        "max": 0.3424949645996094
    }
}