{
    "f06": {
        "class": "F06",
        "include_startup": false,
        "runs": [
            0.004141807556152344,
            0.004149913787841797,
            0.004130125045776367,
            0.00415802001953125,
            0.0041561126708984375,
            0.0041351318359375,
            0.00419306755065918,
            0.004157066345214844,
            0.004164934158325195,
            0.004143953323364258
        ],
        "average": 0.004153013229370117,
        "min": 0.004130125045776367,
        "max": 0.00419306755065918
    },
    "f06_startup": {
        "class": "F06",
        "include_startup": true,
        "runs": [
            0.004323005676269531,
            0.0042531490325927734,
            0.0042340755462646484,
            0.0042400360107421875,
            0.004231929779052734,
            0.004385948181152344,
            0.00433802604675293,
            0.004258871078491211,
            0.004287004470825195,
            0.004257917404174805
        ],
        "average": 0.004280996322631836,
        "min": 0.004231929779052734,
        "max": 0.004385948181152344
    },
    "fin06": {
        "class": "FIn06",
        "include_startup": false,
        "runs": [
            0.004247188568115234,
            0.004231929779052734,
            0.004194021224975586,
            0.004232168197631836,
            0.004395008087158203,
            0.006536960601806641,
            0.0039958953857421875,
            0.0040361881256103516,
            0.004024982452392578,
            0.0040280818939208984
        ],
        "average": 0.004392242431640625,
        "min": 0.0039958953857421875,
        "max": 0.006536960601806641
    },
    "fin06_startup": {
        "class": "FIn06",
        "include_startup": true,
        "runs": [
            0.004406929016113281,
            0.00433802604675293,
            0.004221200942993164,
            0.006155967712402344,
            0.007960081100463867,
            0.006784200668334961,
            0.008300065994262695,
            0.004376888275146484,
            0.00427699089050293,
            0.004284858703613281
        ],
        "average": 0.005510520935058594,
        "min": 0.004221200942993164,
        "max": 0.008300065994262695
    },
    "p16": {
        "class": "P16",
        "include_startup": false,
        "runs": [
            0.0042498111724853516,
            0.0044040679931640625,
            0.003481149673461914,
            0.004283905029296875,
            0.004194021224975586,
            0.004227876663208008,
            0.0034639835357666016,
            0.004235029220581055,
            0.004601001739501953,
            0.004225015640258789
        ],
        "average": 0.004136586189270019,
        "min": 0.0034639835357666016,
        "max": 0.004601001739501953
    },
    "p16_startup": {
        "class": "P16",
        "include_startup": true,
        "runs": [
            0.004463911056518555,
            0.004475831985473633,
            0.004414796829223633,
            0.00439000129699707,
            0.00438690185546875,
            0.0044209957122802734,
            0.004455089569091797,
            0.00445103645324707,
            0.005136966705322266,
            0.004415035247802734
        ],
        "average": 0.004501056671142578,
        "min": 0.00438690185546875,
        "max": 0.005136966705322266
    },
    "pin16": {
        "class": "PIn16",
        "include_startup": false,
        "runs": [
            0.0035581588745117188,
            0.004196882247924805,
            0.0045452117919921875,
            0.003457784652709961,
            0.004194974899291992,
            0.004312992095947266,
            0.004498004913330078,
            0.004147052764892578,
            0.004168987274169922,
            0.0041730403900146484
        ],
        "average": 0.0041253089904785155,
        "min": 0.003457784652709961,
        "max": 0.0045452117919921875
    },
    "pin16_startup": {
        "class": "PIn16",
        "include_startup": true,
        "runs": [
            0.0037000179290771484,
            0.004478931427001953,
            0.004354953765869141,
            0.006680965423583984,
            0.0037059783935546875,
            0.00445103645324707,
            0.004505157470703125,
            0.00450897216796875,
            0.00612187385559082,
            0.0045239925384521484
        ],
        "average": 0.0047031879425048825,
        "min": 0.0037000179290771484,
        "max": 0.006680965423583984
    }
}