{
    "f06": {
        "class": "F06",
        "include_startup": false,
        "runs": [
            0.2958090305328369,
            0.29039907455444336,
            0.29790687561035156,
            0.3110029697418213,
            0.2974720001220703,
            0.29930901527404785,
            0.3143160343170166,
            0.2930140495300293,
            0.3045339584350586,
            0.3136429786682129
        ],
        "average": 0.3017405986785889,
        "min": 0.29039907455444336,
        "max": 0.3143160343170166
    },
    "f06_startup": {
        "class": "F06",
        "include_startup": true,
        "runs": [
            0.2920379638671875,
            0.3036658763885498,
            0.3007960319519043,
            0.29248499870300293,
            0.30272793769836426,
            0.3045670986175537,
            0.2956669330596924,
            0.3027479648590088,
            0.2925269603729248,
            0.2977910041809082
        ],
        "average": 0.2985012769699097,
        "min": 0.2920379638671875,
        "max": 0.3045670986175537
    },
    "fin06": {
        "class": "FIn06",
        "include_startup": false,
        "runs": [
            0.3014531135559082,
            0.30118489265441895,
            0.2937319278717041,
            0.29915595054626465,
            0.2707400321960449,
            0.2656669616699219,
            0.2983999252319336,
            0.29408693313598633,
            0.3110618591308594,
            0.2934088706970215
        ],
        "average": 0.29288904666900634,
        "min": 0.2656669616699219,
        "max": 0.3110618591308594
    },
    "fin06_startup": {
        "class": "FIn06",
        "include_startup": true,
        "runs": [
            0.30042600631713867,
            0.29906487464904785,
            0.29876112937927246,
            0.28386902809143066,
            0.2988128662109375,
            0.2962310314178467,
            0.31703996658325195,
            0.2993950843811035,
            0.30323195457458496,
            0.30869293212890625
        ],
        "average": 0.30055248737335205,
        "min": 0.28386902809143066,
        "max": 0.31703996658325195
    }
}