{
    "f06": {
        "class": "F06",
        "include_startup": false,
        "runs": [
            0.0012269020080566406,
            0.0008800029754638672,
            0.0008528232574462891,
            0.0008490085601806641,
            0.0008530616760253906,
            0.0008687973022460938,
            0.0008368492126464844,
            0.0008599758148193359,
            0.0008599758148193359,
            0.0008342266082763672
        ],
        "average": 0.0008921623229980469,
        "min": 0.0008342266082763672,
        "max": 0.0012269020080566406
    },
    "f06_startup": {
        "class": "F06",
        "include_startup": true,
        "runs": [
            0.0032300949096679688,
            0.0008788108825683594,
            0.0009019374847412109,
            0.0008821487426757812,
            0.0008730888366699219,
            0.0008618831634521484,
            0.0013048648834228516,
            0.0013010501861572266,
            0.0013489723205566406,
            0.0013880729675292969
        ],
        "average": 0.0012970924377441405,
        "min": 0.0008618831634521484,
        "max": 0.0032300949096679688
    },
    "p16": {
        "class": "P16",
        "include_startup": false,
        "runs": [
            0.002053976058959961,
            0.0013010501861572266,
            0.0012578964233398438,
            0.0012738704681396484,
            0.0012900829315185547,
            0.0012700557708740234,
            0.0012760162353515625,
            0.001271963119506836,
            0.00127410888671875,
            0.0012519359588623047
        ],
        "average": 0.0013520956039428712,
        "min": 0.0012519359588623047,
        "max": 0.002053976058959961
    },
    "p16_startup": {
        "class": "P16",
        "include_startup": true,
        "runs": [
            0.0032601356506347656,
            0.0009341239929199219,
            0.0009047985076904297,
            0.0009028911590576172,
            0.0010478496551513672,
            0.0009169578552246094,
            0.0009160041809082031,
            0.000904083251953125,
            0.0009150505065917969,
            0.0009140968322753906
        ],
        "average": 0.0011615991592407227,
        "min": 0.0009028911590576172,
        "max": 0.0032601356506347656
    },
    "z26": {
        "class": "Z26",
        "include_startup": false,
        "runs": [
            0.0014300346374511719,
            0.0009291172027587891,
            0.0008800029754638672,
            0.0008370876312255859,
            0.0008399486541748047,
            0.0008358955383300781,
            0.0008301734924316406,
            0.0008170604705810547,
            0.0008370876312255859,
            0.0008320808410644531
        ],
        "average": 0.0009068489074707031,
        "min": 0.0008170604705810547,
        "max": 0.0014300346374511719
    },
    "z26_startup": {
        "class": "Z26",
        "include_startup": true,
        "runs": [
            0.003409862518310547,
            0.0010609626770019531,
            0.0010340213775634766,
            0.001010894775390625,
            0.0009961128234863281,
            0.0010111331939697266,
            0.0009770393371582031,
            0.000993967056274414,
            0.0009849071502685547,
            0.0009620189666748047
        ],
        "average": 0.0012440919876098634,
        "min": 0.0009620189666748047,
        "max": 0.003409862518310547
    }
}