{
    "f06": {
        "class": "F06",
        "include_startup": false,
        "runs": [
            0.0006039142608642578,
            0.0005939006805419922,
            0.0006039142608642578,
            0.0005841255187988281,
            0.0005919933319091797,
            0.0005068778991699219,
            0.0004711151123046875,
            0.00047898292541503906,
            0.00045800209045410156,
            0.0004630088806152344
        ],
        "average": 0.00053558349609375,
        "min": 0.00045800209045410156,
        "max": 0.0006039142608642578
    },
    "f06_startup": {
        "class": "F06",
        "include_startup": true,
        "runs": [
            0.0008220672607421875,
            0.0008301734924316406,
            0.0008399486541748047,
            0.0008590221405029297,
            0.0008361339569091797,
            0.0005991458892822266,
            0.0005970001220703125,
            0.0005939006805419922,
            0.0005831718444824219,
            0.0005860328674316406
        ],
        "average": 0.0007146596908569336,
        "min": 0.0005831718444824219,
        "max": 0.0008590221405029297
    },
    "p16": {
        "class": "P16",
        "include_startup": false,
        "runs": [
            0.0005919933319091797,
            0.0006229877471923828,
            0.0005059242248535156,
            0.0006549358367919922,
            0.0006160736083984375,
            0.0005099773406982422,
            0.0006341934204101562,
            0.0006220340728759766,
            0.0006618499755859375,
            0.0007688999176025391
        ],
        "average": 0.000618886947631836,
        "min": 0.0005059242248535156,
        "max": 0.0007688999176025391
    },
    "p16_startup": {
        "class": "P16",
        "include_startup": true,
        "runs": [
            0.0006198883056640625,
            0.0006361007690429688,
            0.0006530284881591797,
            0.0006079673767089844,
            0.0006029605865478516,
            0.0006210803985595703,
            0.0008099079132080078,
            0.0006389617919921875,
            0.0006110668182373047,
            0.0009698867797851562
        ],
        "average": 0.0006770849227905274,
        "min": 0.0006029605865478516,
        "max": 0.0009698867797851562
    }
}