{
    "f06": {
        "class": "F06",
        "include_startup": false,
        "runs": [
            0.0006220340728759766,
            0.0006170272827148438,
            0.000579833984375,
            0.0006000995635986328,
            0.0005879402160644531,
            0.0004980564117431641,
            0.0004611015319824219,
            0.0004742145538330078,
            0.000453948974609375,
            0.0004649162292480469
        ],
        "average": 0.0005359172821044922,
        "min": 0.000453948974609375,
        "max": 0.0006220340728759766
    },
    "f06_startup": {
        "class": "F06",
        "include_startup": true,
        "runs": [
            0.0005900859832763672,
            0.0005831718444824219,
            0.0006000995635986328,
            0.000598907470703125,
            0.0006139278411865234,
            0.0006539821624755859,
            0.0006420612335205078,
            0.0006070137023925781,
            0.0006208419799804688,
            0.0005948543548583984
        ],
        "average": 0.0006104946136474609,
        "min": 0.0005831718444824219,
        "max": 0.0006539821624755859
    },
    "p16": {
        "class": "P16",
        "include_startup": false,
        "runs": [
            0.0006580352783203125,
            0.000614166259765625,
            0.0006451606750488281,
            0.0006461143493652344,
            0.0006120204925537109,
            0.0006608963012695312,
            0.0008490085601806641,
            0.0006070137023925781,
            0.0006940364837646484,
            0.0006420612335205078
        ],
        "average": 0.000662851333618164,
        "min": 0.0006070137023925781,
        "max": 0.0008490085601806641
    },
    "p16_startup": {
        "class": "P16",
        "include_startup": true,
        "runs": [
            0.000720977783203125,
            0.0005080699920654297,
            0.0006871223449707031,
            0.0006439685821533203,
            0.0007069110870361328,
            0.0006489753723144531,
            0.0008211135864257812,
            0.0006279945373535156,
            0.0006611347198486328,
            0.00061798095703125
        ],
        "average": 0.0006644248962402344,
        "min": 0.0005080699920654297,
        "max": 0.0008211135864257812
    }
}