{
    "f06": {
        "class": "F06",
        "include_startup": false,
        "runs": [
            0.0012311935424804688,
            0.0008609294891357422,
            0.0008490085601806641,
            0.0008459091186523438,
            0.0008409023284912109,
            0.0008490085601806641,
            0.0008311271667480469,
            0.0008459091186523438,
            0.0008771419525146484,
            0.0008361339569091797
        ],
        "average": 0.0008867263793945312,
        "min": 0.0008311271667480469,
        "max": 0.0012311935424804688
    },
    "f06_startup": {
        "class": "F06",
        "include_startup": true,
        "runs": [
            0.002524137496948242,
            0.0007719993591308594,
            0.0007469654083251953,
            0.0007529258728027344,
            0.0007510185241699219,
            0.0007610321044921875,
            0.0007190704345703125,
            0.0007550716400146484,
            0.0007488727569580078,
            0.0007469654083251953
        ],
        "average": 0.0009278059005737305,
        "min": 0.0007190704345703125,
        "max": 0.002524137496948242
    },
    "p16": {
        "class": "P16",
        "include_startup": false,
        "runs": [
            0.0012500286102294922,
            0.0007879734039306641,
            0.0008349418640136719,
            0.0008168220520019531,
            0.0008029937744140625,
            0.0007979869842529297,
            0.0007808208465576172,
            0.0007891654968261719,
            0.0008118152618408203,
            0.0008099079132080078
        ],
        "average": 0.0008482456207275391,
        "min": 0.0007808208465576172,
        "max": 0.0012500286102294922
    },
    "p16_startup": {
        "class": "P16",
        "include_startup": true,
        "runs": [
            0.0034461021423339844,
            0.0009958744049072266,
            0.0009741783142089844,
            0.0010390281677246094,
            0.0009789466857910156,
            0.0013508796691894531,
            0.0014231204986572266,
            0.0013699531555175781,
            0.0010590553283691406,
            0.0009608268737792969
        ],
        "average": 0.0013597965240478515,
        "min": 0.0009608268737792969,
        "max": 0.0034461021423339844
    },
    "z26": {
        "class": "Z26",
        "include_startup": false,
        "runs": [
            0.0010631084442138672,
            0.0007021427154541016,
            0.0006821155548095703,
            0.0006628036499023438,
            0.0006830692291259766,
            0.0006749629974365234,
            0.0006730556488037109,
            0.0006778240203857422,
            0.00067901611328125,
            0.0006628036499023438
        ],
        "average": 0.000716090202331543,
        "min": 0.0006628036499023438,
        "max": 0.0010631084442138672
    },
    "z26_startup": {
        "class": "Z26",
        "include_startup": true,
        "runs": [
            0.00327301025390625,
            0.0009620189666748047,
            0.0009539127349853516,
            0.0009591579437255859,
            0.0009450912475585938,
            0.0009469985961914062,
            0.0012969970703125,
            0.0011339187622070312,
            0.0009889602661132812,
            0.0009381771087646484
        ],
        "average": 0.0012398242950439453,
        "min": 0.0009381771087646484,
        "max": 0.00327301025390625
    }
}