{
    "f06": {
        "class": "F06",
        "include_startup": false,
        "runs": [
            0.10167098045349121,
            0.09930992126464844,
            0.09899497032165527,
            0.0996239185333252,
            0.09959197044372559,
            0.10152101516723633,
            0.10017085075378418,
            0.1002810001373291,
            0.1004190444946289,
            0.11292600631713867
        ],
        "average": 0.10145096778869629,
        "min": 0.09899497032165527,
        "max": 0.11292600631713867
    },
    "f06_startup": {
        "class": "F06",
        "include_startup": true,
        "runs": [
            0.10289406776428223,
            0.09806489944458008,
            0.10153007507324219,
            0.10011696815490723,
            0.10448813438415527,
            0.11154794692993164,
            0.09522104263305664,
            0.09355688095092773,
            0.09357404708862305,
            0.09367609024047852
        ],
        "average": 0.09946701526641846,
        "min": 0.09355688095092773,
        "max": 0.11154794692993164
    },
    "fin06": {
        "class": "FIn06",
        "include_startup": false,
        "runs": [
            0.09565305709838867,
            0.09681892395019531,
            0.09678792953491211,
            0.09666299819946289,
            0.09686017036437988,
            0.11057710647583008,
            0.10103297233581543,
            0.10181093215942383,
            0.10257101058959961,
            0.1013798713684082
        ],
        "average": 0.10001549720764161,
        "min": 0.09565305709838867,
        "max": 0.11057710647583008
    },
    "fin06_startup": {
        "class": "FIn06",
        "include_startup": true,
        "runs": [
            0.10432696342468262,
            0.10111713409423828,
            0.10159707069396973,
            0.10216689109802246,
            0.10214495658874512,
            0.1022188663482666,
            0.10292196273803711,
            0.10391116142272949,
            0.10073995590209961,
            0.10303092002868652
        ],
        "average": 0.10241758823394775,
        "min": 0.10073995590209961,
        "max": 0.10432696342468262
    },
    "p16": {
        "class": "P16",
        "include_startup": false,
        "runs": [
            13.987789154052734,
            14.128322124481201,
            14.003795862197876,
            14.165218830108643,
            13.121104955673218,
            14.397697925567627,
            13.955581903457642,
            13.097824096679688,
            13.936952114105225,
            13.999583959579468
        ],
        "average": 13.879387092590331,
        "min": 13.097824096679688,
        "max": 14.397697925567627
    },
    "p16_startup": {
        "class": "P16",
        "include_startup": true,
        "runs": [
            13.978907823562622,
            13.938205003738403,
            13.93477988243103,
            14.158341884613037,
            14.433305025100708,
            14.076551914215088,
            14.10371708869934,
            14.186007976531982,
            14.170058012008667,
            14.17169713973999
        ],
        "average": 14.115157175064088,
        "min": 13.93477988243103,
        "max": 14.433305025100708
    },
    "pin16": {
        "class": "PIn16",
        "include_startup": false,
        "runs": [
            13.198330163955688,
            13.990705966949463,
            14.073214054107666,
            14.057917833328247,
            14.328951120376587,
            13.085763931274414,
            13.95034384727478,
            14.010476112365723,
            13.123348951339722,
            13.383671998977661
        ],
        "average": 13.720272397994995,
        "min": 13.085763931274414,
        "max": 14.328951120376587
    },
    "pin16_startup": {
        "class": "PIn16",
        "include_startup": true,
        "runs": [
            14.009116172790527,
            13.951894998550415,
            14.119566202163696,
            13.999756813049316,
            13.993915796279907,
            14.08876085281372,
            14.14670205116272,
            13.968026161193848,
            14.069406032562256,
            14.102869033813477
        ],
        "average": 14.045001411437989,
        "min": 13.951894998550415,
        "max": 14.14670205116272
    }
}