{
    "f06": {
        "class": "F06",
        "include_startup": false,
        "runs": [
            0.0012769699096679688,
            0.0012941360473632812,
            0.0012850761413574219,
            0.0013020038604736328,
            0.0012869834899902344,
            0.0012819766998291016,
            0.001283884048461914,
            0.0013010501861572266,
            0.0013201236724853516,
            0.0012929439544677734
        ],
        "average": 0.0012925148010253906,
        "min": 0.0012769699096679688,
        "max": 0.0013201236724853516
    },
    "f06_startup": {
        "class": "F06",
        "include_startup": true,
        "runs": [
            0.0016601085662841797,
            0.0013580322265625,
            0.001332998275756836,
            0.0013718605041503906,
            0.0013589859008789062,
            0.0013201236724853516,
            0.0013461112976074219,
            0.0013320446014404297,
            0.0013201236724853516,
            0.0013339519500732422
        ],
        "average": 0.001373434066772461,
        "min": 0.0013201236724853516,
        "max": 0.0016601085662841797
    },
    "fin06": {
        "class": "FIn06",
        "include_startup": false,
        "runs": [
            0.0012960433959960938,
            0.0013120174407958984,
            0.0013110637664794922,
            0.0013229846954345703,
            0.0012850761413574219,
            0.001299142837524414,
            0.001316070556640625,
            0.0013308525085449219,
            0.001291036605834961,
            0.0013098716735839844
        ],
        "average": 0.0013074159622192382,
        "min": 0.0012850761413574219,
        "max": 0.0013308525085449219
    },
    "fin06_startup": {
        "class": "FIn06",
        "include_startup": true,
        "runs": [
            0.0028600692749023438,
            0.002489805221557617,
            0.002521991729736328,
            0.0024750232696533203,
            0.002499818801879883,
            0.002454042434692383,
            0.0024938583374023438,
            0.002429962158203125,
            0.0024399757385253906,
            0.0024390220642089844
        ],
        "average": 0.002510356903076172,
        "min": 0.002429962158203125,
        "max": 0.0028600692749023438
    },
    "p16": {
        "class": "P16",
        "include_startup": false,
        "runs": [
            0.0013132095336914062,
            0.0013430118560791016,
            0.0013439655303955078,
            0.0013570785522460938,
            0.0013339519500732422,
            0.0013267993927001953,
            0.0013229846954345703,
            0.001338958740234375,
            0.0013518333435058594,
            0.0013399124145507812
        ],
        "average": 0.0013371706008911133,
        "min": 0.0013132095336914062,
        "max": 0.0013570785522460938
    },
    "p16_startup": {
        "class": "P16",
        "include_startup": true,
        "runs": [
            0.0017781257629394531,
            0.0014140605926513672,
            0.0014090538024902344,
            0.001352071762084961,
            0.0013549327850341797,
            0.0013489723205566406,
            0.0013430118560791016,
            0.001355886459350586,
            0.0014400482177734375,
            0.0013539791107177734
        ],
        "average": 0.0014150142669677734,
        "min": 0.0013430118560791016,
        "max": 0.0017781257629394531
    },
    "pin16": {
        "class": "PIn16",
        "include_startup": false,
        "runs": [
            0.001310110092163086,
            0.0012829303741455078,
            0.0012888908386230469,
            0.0012900829315185547,
            0.0013339519500732422,
            0.0012750625610351562,
            0.0012810230255126953,
            0.0013070106506347656,
            0.001291036605834961,
            0.0012869834899902344
        ],
        "average": 0.001294708251953125,
        "min": 0.0012750625610351562,
        "max": 0.0013339519500732422
    },
    "pin16_startup": {
        "class": "PIn16",
        "include_startup": true,
        "runs": [
            0.0016629695892333984,
            0.001363992691040039,
            0.0014050006866455078,
            0.0014238357543945312,
            0.0013751983642578125,
            0.001338958740234375,
            0.0013599395751953125,
            0.0013630390167236328,
            0.0013370513916015625,
            0.00138092041015625
        ],
        "average": 0.0014010906219482423,
        "min": 0.0013370513916015625,
        "max": 0.0016629695892333984
    },
    "z26": {
        "class": "Z26",
        "include_startup": false,
        "runs": [
            0.0012178421020507812,
            0.0012538433074951172,
            0.0012369155883789062,
            0.0012049674987792969,
            0.0012180805206298828,
            0.0012099742889404297,
            0.0012340545654296875,
            0.0012061595916748047,
            0.001216888427734375,
            0.001199960708618164
        ],
        "average": 0.0012198686599731445,
        "min": 0.001199960708618164,
        "max": 0.0012538433074951172
    },
    "z26_startup": {
        "class": "Z26",
        "include_startup": true,
        "runs": [
            0.0016551017761230469,
            0.0013980865478515625,
            0.0014090538024902344,
            0.0014081001281738281,
            0.0013918876647949219,
            0.0013909339904785156,
            0.0013761520385742188,
            0.0013887882232666016,
            0.0013921260833740234,
            0.0013630390167236328
        ],
        "average": 0.0014173269271850586,
        "min": 0.0013630390167236328,
        "max": 0.0016551017761230469
    },
    "zin26": {
        "class": "ZIn26",
        "include_startup": false,
        "runs": [
            0.0012769699096679688,
            0.0013148784637451172,
            0.0012831687927246094,
            0.0012850761413574219,
            0.0012898445129394531,
            0.0012891292572021484,
            0.0012969970703125,
            0.001294851303100586,
            0.0013208389282226562,
            0.0013179779052734375
        ],
        "average": 0.0012969732284545898,
        "min": 0.0012769699096679688,
        "max": 0.0013208389282226562
    },
    "zin26_startup": {
        "class": "ZIn26",
        "include_startup": true,
        "runs": [
            0.0012199878692626953,
            0.0010390281677246094,
            0.0010538101196289062,
            0.001026153564453125,
            0.0010290145874023438,
            0.0010230541229248047,
            0.0010251998901367188,
            0.0010190010070800781,
            0.0010309219360351562,
            0.0010211467742919922
        ],
        "average": 0.001048731803894043,
        "min": 0.0010190010070800781,
        "max": 0.0012199878692626953
    }
}