{
    "f06": {
        "class": "F06",
        "include_startup": false,
        "runs": [
            0.0012459754943847656,
            0.0012738704681396484,
            0.0012521743774414062,
            0.0012788772583007812,
            0.001268148422241211,
            0.0012688636779785156,
            0.00125885009765625,
            0.0012450218200683594,
            0.0012481212615966797,
            0.0012750625610351562
        ],
        "average": 0.0012614965438842774,
        "min": 0.0012450218200683594,
        "max": 0.0012788772583007812
    },
    "f06_startup": {
        "class": "F06",
        "include_startup": true,
        "runs": [
            0.0015709400177001953,
            0.0013780593872070312,
            0.0013051033020019531,
            0.0013048648834228516,
            0.0013270378112792969,
            0.0013120174407958984,
            0.0012919902801513672,
            0.0013239383697509766,
            0.0013070106506347656,
            0.001302957534790039
        ],
        "average": 0.0013423919677734374,
        "min": 0.0012919902801513672,
        "max": 0.0015709400177001953
    },
    "fin06": {
        "class": "FIn06",
        "include_startup": false,
        "runs": [
            0.00127410888671875,
            0.0013060569763183594,
            0.0013048648834228516,
            0.001230001449584961,
            0.0012290477752685547,
            0.0012538433074951172,
            0.0012497901916503906,
            0.0012412071228027344,
            0.0012497901916503906,
            0.0012509822845458984
        ],
        "average": 0.0012589693069458008,
        "min": 0.0012290477752685547,
        "max": 0.0013060569763183594
    },
    "fin06_startup": {
        "class": "FIn06",
        "include_startup": true,
        "runs": [
            0.0016498565673828125,
            0.0013341903686523438,
            0.0013549327850341797,
            0.0013310909271240234,
            0.001344919204711914,
            0.001338958740234375,
            0.0013549327850341797,
            0.0013380050659179688,
            0.001352071762084961,
            0.001352071762084961
        ],
        "average": 0.001375102996826172,
        "min": 0.0013310909271240234,
        "max": 0.0016498565673828125
    },
    "p16": {
        "class": "P16",
        "include_startup": false,
        "runs": [
            0.0014209747314453125,
            0.0013530254364013672,
            0.0013020038604736328,
            0.0013110637664794922,
            0.0013489723205566406,
            0.0013129711151123047,
            0.001316070556640625,
            0.001338958740234375,
            0.001310110092163086,
            0.0013041496276855469
        ],
        "average": 0.0013318300247192384,
        "min": 0.0013020038604736328,
        "max": 0.0014209747314453125
    },
    "p16_startup": {
        "class": "P16",
        "include_startup": true,
        "runs": [
            0.0017039775848388672,
            0.001416921615600586,
            0.0014729499816894531,
            0.0014309883117675781,
            0.001458883285522461,
            0.0014200210571289062,
            0.0013928413391113281,
            0.0014190673828125,
            0.0014159679412841797,
            0.0014331340789794922
        ],
        "average": 0.001456475257873535,
        "min": 0.0013928413391113281,
        "max": 0.0017039775848388672
    },
    "pin16": {
        "class": "PIn16",
        "include_startup": false,
        "runs": [
            0.0012369155883789062,
            0.0012829303741455078,
            0.0012810230255126953,
            0.0012428760528564453,
            0.001277923583984375,
            0.0012388229370117188,
            0.0012531280517578125,
            0.0012869834899902344,
            0.001255035400390625,
            0.0012459754943847656
        ],
        "average": 0.0012601613998413086,
        "min": 0.0012369155883789062,
        "max": 0.0012869834899902344
    },
    "pin16_startup": {
        "class": "PIn16",
        "include_startup": true,
        "runs": [
            0.0015628337860107422,
            0.0013630390167236328,
            0.0013828277587890625,
            0.001363992691040039,
            0.0013549327850341797,
            0.001416921615600586,
            0.0013921260833740234,
            0.0013649463653564453,
            0.0013811588287353516,
            0.0013430118560791016
        ],
        "average": 0.0013925790786743163,
        "min": 0.0013430118560791016,
        "max": 0.0015628337860107422
    },
    "z26": {
        "class": "Z26",
        "include_startup": false,
        "runs": [
            0.001435995101928711,
            0.0012960433959960938,
            0.001252889633178711,
            0.0012900829315185547,
            0.0012660026550292969,
            0.0021750926971435547,
            0.0020520687103271484,
            0.0012900829315185547,
            0.0012559890747070312,
            0.0012629032135009766
        ],
        "average": 0.0014577150344848634,
        "min": 0.001252889633178711,
        "max": 0.0021750926971435547
    },
    "z26_startup": {
        "class": "Z26",
        "include_startup": true,
        "runs": [
            0.0015799999237060547,
            0.0013189315795898438,
            0.0013318061828613281,
            0.0012929439544677734,
            0.0013320446014404297,
            0.0013070106506347656,
            0.0013020038604736328,
            0.001444101333618164,
            0.0012929439544677734,
            0.0013031959533691406
        ],
        "average": 0.0013504981994628905,
        "min": 0.0012929439544677734,
        "max": 0.0015799999237060547
    },
    "zin26": {
        "class": "ZIn26",
        "include_startup": false,
        "runs": [
            0.0012371540069580078,
            0.0012700557708740234,
            0.0012440681457519531,
            0.001271963119506836,
            0.0012590885162353516,
            0.0012440681457519531,
            0.0012738704681396484,
            0.001249074935913086,
            0.0012629032135009766,
            0.0012769699096679688
        ],
        "average": 0.0012589216232299805,
        "min": 0.0012371540069580078,
        "max": 0.0012769699096679688
    },
    "zin26_startup": {
        "class": "ZIn26",
        "include_startup": true,
        "runs": [
            0.0016520023345947266,
            0.00139617919921875,
            0.00145721435546875,
            0.0013661384582519531,
            0.0013701915740966797,
            0.0013740062713623047,
            0.0013649463653564453,
            0.0013780593872070312,
            0.001377105712890625,
            0.0013740062713623047
        ],
        "average": 0.0014109849929809571,
        "min": 0.0013649463653564453,
        "max": 0.0016520023345947266
    }
}