{
    "f06": {
        "class": "F06",
        "include_startup": false,
        "runs": [
            0.10734009742736816,
            0.1002969741821289,
            0.09967279434204102,
            0.09974098205566406,
            0.09985995292663574,
            0.1003270149230957,
            0.10007095336914062,
            0.09912490844726562,
            0.09924101829528809,
            0.09946513175964355
        ],
        "average": 0.10051398277282715,
        "min": 0.09912490844726562,
        "max": 0.10734009742736816
    },
    "f06_startup": {
        "class": "F06",
        "include_startup": true,
        "runs": [
            0.0997610092163086,
            0.09883618354797363,
            0.10754919052124023,
            0.10199594497680664,
            0.10228085517883301,
            0.09988188743591309,
            0.11086297035217285,
            0.10086488723754883,
            0.10171198844909668,
            0.10068798065185547
        ],
        "average": 0.1024432897567749,
        "min": 0.09883618354797363,
        "max": 0.11086297035217285
    },
    "fin06": {
        "class": "FIn06",
        "include_startup": false,
        "runs": [
            0.10828304290771484,
            0.10302996635437012,
            0.10221600532531738,
            0.1029820442199707,
            0.10210490226745605,
            0.10924291610717773,
            0.1012568473815918,
            0.1012418270111084,
            0.10117602348327637,
            0.10133504867553711
        ],
        "average": 0.10328686237335205,
        "min": 0.10117602348327637,
        "max": 0.10924291610717773
    },
    "fin06_startup": {
        "class": "FIn06",
        "include_startup": true,
        "runs": [
            0.10614204406738281,
            0.10166597366333008,
            0.10183191299438477,
            0.10356307029724121,
            0.1039578914642334,
            0.10512709617614746,
            0.10361194610595703,
            0.10543298721313477,
            0.10676312446594238,
            0.11160898208618164
        ],
        "average": 0.10497050285339356,
        "min": 0.10166597366333008,
        "max": 0.11160898208618164
    },
    "p16": {
        "class": "P16",
        "include_startup": false,
        "runs": [
            14.092241048812866,
            14.097042083740234,
            13.585484981536865,
            13.516999006271362,
            13.061619997024536,
            13.908159017562866,
            13.936509132385254,
            14.45544695854187,
            14.066175937652588,
            13.116830110549927
        ],
        "average": 13.783650827407836,
        "min": 13.061619997024536,
        "max": 14.45544695854187
    },
    "p16_startup": {
        "class": "P16",
        "include_startup": true,
        "runs": [
            13.966891050338745,
            13.987025022506714,
            14.168762922286987,
            13.951905012130737,
            14.10469388961792,
            13.906538963317871,
            14.019131183624268,
            14.08854603767395,
            14.013463973999023,
            14.08188509941101
        ],
        "average": 14.028884315490723,
        "min": 13.906538963317871,
        "max": 14.168762922286987
    },
    "pin16": {
        "class": "PIn16",
        "include_startup": false,
        "runs": [
            14.041213035583496,
            14.071038007736206,
            13.952865839004517,
            13.995620012283325,
            14.045339107513428,
            13.438345909118652,
            14.072210788726807,
            13.940886974334717,
            13.083425998687744,
            14.088113069534302
        ],
        "average": 13.87290587425232,
        "min": 13.083425998687744,
        "max": 14.088113069534302
    },
    "pin16_startup": {
        "class": "PIn16",
        "include_startup": true,
        "runs": [
            13.945196151733398,
            13.94891905784607,
            14.662523031234741,
            13.955502986907959,
            14.13960599899292,
            14.058019161224365,
            14.192332029342651,
            14.026446104049683,
            14.097835063934326,
            13.905832052230835
        ],
        "average": 14.093221163749694,
        "min": 13.905832052230835,
        "max": 14.662523031234741
    }
}