{
    "f06": {
        "class": "F06",
        "include_startup": false,
        "runs": [
            0.001474142074584961,
            0.0013539791107177734,
            0.0013420581817626953,
            0.0013630390167236328,
            0.00133514404296875,
            0.001332998275756836,
            0.0013549327850341797,
            0.0013480186462402344,
            0.0013339519500732422,
            0.0013649463653564453
        ],
        "average": 0.001360321044921875,
        "min": 0.001332998275756836,
        "max": 0.001474142074584961
    },
    "f06_startup": {
        "class": "F06",
        "include_startup": true,
        "runs": [
            0.0021820068359375,
            0.0013761520385742188,
            0.0014219284057617188,
            0.0013799667358398438,
            0.0013799667358398438,
            0.0013861656188964844,
            0.001405954360961914,
            0.0014109611511230469,
            0.0014050006866455078,
            0.0014240741729736328
        ],
        "average": 0.001477217674255371,
        "min": 0.0013761520385742188,
        "max": 0.0021820068359375
    },
    "p16": {
        "class": "P16",
        "include_startup": false,
        "runs": [
            0.001257181167602539,
            0.0011370182037353516,
            0.0011248588562011719,
            0.0011301040649414062,
            0.001135110855102539,
            0.0011179447174072266,
            0.0011141300201416016,
            0.0011098384857177734,
            0.0011539459228515625,
            0.0011339187622070312
        ],
        "average": 0.0011414051055908202,
        "min": 0.0011098384857177734,
        "max": 0.001257181167602539
    },
    "p16_startup": {
        "class": "P16",
        "include_startup": true,
        "runs": [
            0.001886129379272461,
            0.0011539459228515625,
            0.0011639595031738281,
            0.0011570453643798828,
            0.0011830329895019531,
            0.00115203857421875,
            0.0011639595031738281,
            0.0011539459228515625,
            0.0011601448059082031,
            0.001138925552368164
        ],
        "average": 0.0012313127517700195,
        "min": 0.001138925552368164,
        "max": 0.001886129379272461
    },
    "z26": {
        "class": "Z26",
        "include_startup": false,
        "runs": [
            0.0015630722045898438,
            0.0013699531555175781,
            0.0013811588287353516,
            0.0014071464538574219,
            0.0013518333435058594,
            0.0013761520385742188,
            0.0013840198516845703,
            0.0022249221801757812,
            0.002226114273071289,
            0.0021800994873046875
        ],
        "average": 0.0016464471817016601,
        "min": 0.0013518333435058594,
        "max": 0.002226114273071289
    },
    "z26_startup": {
        "class": "Z26",
        "include_startup": true,
        "runs": [
            0.002460956573486328,
            0.0015060901641845703,
            0.001466989517211914,
            0.0014929771423339844,
            0.002248048782348633,
            0.0015201568603515625,
            0.0014710426330566406,
            0.0014841556549072266,
            0.0014929771423339844,
            0.0015041828155517578
        ],
        "average": 0.0016647577285766602,
        "min": 0.001466989517211914,
        "max": 0.002460956573486328
    }
}