{
    "f06": {
        "class": "F06",
        "include_startup": false,
        "runs": [
            0.0013709068298339844,
            0.001367807388305664,
            0.001569986343383789,
            0.0013689994812011719,
            0.0013301372528076172,
            0.0013289451599121094,
            0.0013630390167236328,
            0.0013511180877685547,
            0.0013680458068847656,
            0.00228118896484375
        ],
        "average": 0.0014700174331665039,
        "min": 0.0013289451599121094,
        "max": 0.00228118896484375
    },
    "f06_startup": {
        "class": "F06",
        "include_startup": true,
        "runs": [
            0.003025054931640625,
            0.0021359920501708984,
            0.0020949840545654297,
            0.0020508766174316406,
            0.0020580291748046875,
            0.002051115036010742,
            0.002084016799926758,
            0.0020868778228759766,
            0.00203704833984375,
            0.002045869827270508
        ],
        "average": 0.0021669864654541016,
        "min": 0.00203704833984375,
        "max": 0.003025054931640625
    },
    "fin06": {
        "class": "FIn06",
        "include_startup": false,
        "runs": [
            0.0038909912109375,
            0.0039310455322265625,
            0.004277944564819336,
            0.003947019577026367,
            0.003895998001098633,
            0.003912925720214844,
            0.0039288997650146484,
            0.0038919448852539062,
            0.006268978118896484,
            0.004049062728881836
        ],
        "average": 0.004199481010437012,
        "min": 0.0038909912109375,
        "max": 0.006268978118896484
    },
    "fin06_startup": {
        "class": "FIn06",
        "include_startup": true,
        "runs": [
            0.004904031753540039,
            0.0041217803955078125,
            0.004150867462158203,
            0.004043102264404297,
            0.00586390495300293,
            0.008173942565917969,
            0.0083160400390625,
            0.008382081985473633,
            0.008285999298095703,
            0.008439064025878906
        ],
        "average": 0.006468081474304199,
        "min": 0.004043102264404297,
        "max": 0.008439064025878906
    },
    "p16": {
        "class": "P16",
        "include_startup": false,
        "runs": [
            0.0013890266418457031,
            0.0013928413391113281,
            0.0014469623565673828,
            0.0014641284942626953,
            0.0013780593872070312,
            0.0014278888702392578,
            0.0013952255249023438,
            0.0014510154724121094,
            0.0014369487762451172,
            0.0014750957489013672
        ],
        "average": 0.0014257192611694335,
        "min": 0.0013780593872070312,
        "max": 0.0014750957489013672
    },
    "p16_startup": {
        "class": "P16",
        "include_startup": true,
        "runs": [
            0.0029599666595458984,
            0.0022051334381103516,
            0.0021381378173828125,
            0.0024480819702148438,
            0.0021681785583496094,
            0.002170085906982422,
            0.0021440982818603516,
            0.0021390914916992188,
            0.0021321773529052734,
            0.0021300315856933594
        ],
        "average": 0.002263498306274414,
        "min": 0.0021300315856933594,
        "max": 0.0029599666595458984
    },
    "pin16": {
        "class": "PIn16",
        "include_startup": false,
        "runs": [
            0.004019021987915039,
            0.003985881805419922,
            0.003962039947509766,
            0.00398707389831543,
            0.003962039947509766,
            0.0039708614349365234,
            0.003973960876464844,
            0.003961801528930664,
            0.005959033966064453,
            0.004641056060791016
        ],
        "average": 0.0042422771453857425,
        "min": 0.003961801528930664,
        "max": 0.005959033966064453
    },
    "pin16_startup": {
        "class": "PIn16",
        "include_startup": true,
        "runs": [
            0.008636951446533203,
            0.005650043487548828,
            0.006041765213012695,
            0.004839897155761719,
            0.004745006561279297,
            0.0048830509185791016,
            0.004823207855224609,
            0.004775047302246094,
            0.004730939865112305,
            0.004694938659667969
        ],
        "average": 0.005382084846496582,
        "min": 0.004694938659667969,
        "max": 0.008636951446533203
    },
    "z26": {
        "class": "Z26",
        "include_startup": false,
        "runs": [
            0.0014400482177734375,
            0.0013761520385742188,
            0.0013251304626464844,
            0.0013480186462402344,
            0.0013430118560791016,
            0.0013430118560791016,
            0.0013549327850341797,
            0.0013251304626464844,
            0.0013911724090576172,
            0.0013790130615234375
        ],
        "average": 0.0013625621795654297,
        "min": 0.0013251304626464844,
        "max": 0.0014400482177734375
    },
    "z26_startup": {
        "class": "Z26",
        "include_startup": true,
        "runs": [
            0.0029320716857910156,
            0.0020859241485595703,
            0.0020258426666259766,
            0.002031087875366211,
            0.002074003219604492,
            0.0020599365234375,
            0.002096891403198242,
            0.0020461082458496094,
            0.002137899398803711,
            0.002254962921142578
        ],
        "average": 0.0021744728088378905,
        "min": 0.0020258426666259766,
        "max": 0.0029320716857910156
    },
    "zin26": {
        "class": "ZIn26",
        "include_startup": false,
        "runs": [
            0.004106998443603516,
            0.003999948501586914,
            0.003955841064453125,
            0.003921031951904297,
            0.0059239864349365234,
            0.00400090217590332,
            0.003942012786865234,
            0.0039539337158203125,
            0.0039331912994384766,
            0.003944873809814453
        ],
        "average": 0.004168272018432617,
        "min": 0.003921031951904297,
        "max": 0.0059239864349365234
    },
    "zin26_startup": {
        "class": "ZIn26",
        "include_startup": true,
        "runs": [
            0.0056760311126708984,
            0.004703044891357422,
            0.004692792892456055,
            0.004709959030151367,
            0.005991935729980469,
            0.0052700042724609375,
            0.004837989807128906,
            0.00504612922668457,
            0.004879951477050781,
            0.0047190189361572266
        ],
        "average": 0.005052685737609863,
        "min": 0.004692792892456055,
        "max": 0.005991935729980469
    }
}