{
    "f06": {
        "class": "F06",
        "include_startup": false,
        "runs": [
            0.0013871192932128906,
            0.0014081001281738281,
            0.001416921615600586,
            0.001352071762084961,
            0.0013289451599121094,
            0.0013530254364013672,
            0.0013720989227294922,
            0.0013508796691894531,
            0.0013570785522460938,
            0.0013821125030517578
        ],
        "average": 0.0013708353042602539,
        "min": 0.0013289451599121094,
        "max": 0.001416921615600586
    },
    "f06_startup": {
        "class": "F06",
        "include_startup": true,
        "runs": [
            0.002956867218017578,
            0.002146005630493164,
            0.0020890235900878906,
            0.002087831497192383,
            0.0020990371704101562,
            0.0021169185638427734,
            0.0020780563354492188,
            0.0020868778228759766,
            0.0020821094512939453,
            0.0020990371704101562
        ],
        "average": 0.0021841764450073243,
        "min": 0.0020780563354492188,
        "max": 0.002956867218017578
    },
    "fin06": {
        "class": "FIn06",
        "include_startup": false,
        "runs": [
            0.004037141799926758,
            0.004060983657836914,
            0.005198001861572266,
            0.005049943923950195,
            0.0040740966796875,
            0.004045009613037109,
            0.0040378570556640625,
            0.004029989242553711,
            0.004106044769287109,
            0.0040318965911865234
        ],
        "average": 0.004267096519470215,
        "min": 0.004029989242553711,
        "max": 0.005198001861572266
    },
    "fin06_startup": {
        "class": "FIn06",
        "include_startup": true,
        "runs": [
            0.0055408477783203125,
            0.006493091583251953,
            0.004745960235595703,
            0.004698991775512695,
            0.004705905914306641,
            0.004650115966796875,
            0.004652976989746094,
            0.0047528743743896484,
            0.004682064056396484,
            0.0046041011810302734
        ],
        "average": 0.004952692985534668,
        "min": 0.0046041011810302734,
        "max": 0.006493091583251953
    },
    "p16": {
        "class": "P16",
        "include_startup": false,
        "runs": [
            0.0013651847839355469,
            0.0013568401336669922,
            0.001341104507446289,
            0.0013298988342285156,
            0.0013349056243896484,
            0.0013360977172851562,
            0.0013079643249511719,
            0.0013201236724853516,
            0.0013041496276855469,
            0.0013191699981689453
        ],
        "average": 0.0013315439224243163,
        "min": 0.0013041496276855469,
        "max": 0.0013651847839355469
    },
    "p16_startup": {
        "class": "P16",
        "include_startup": true,
        "runs": [
            0.0034389495849609375,
            0.0021190643310546875,
            0.0020599365234375,
            0.0020608901977539062,
            0.0020601749420166016,
            0.0020859241485595703,
            0.0021409988403320312,
            0.0028998851776123047,
            0.0021529197692871094,
            0.0021882057189941406
        ],
        "average": 0.002320694923400879,
        "min": 0.0020599365234375,
        "max": 0.0034389495849609375
    },
    "pin16": {
        "class": "PIn16",
        "include_startup": false,
        "runs": [
            0.007194042205810547,
            0.0048029422760009766,
            0.003938913345336914,
            0.004272937774658203,
            0.003946065902709961,
            0.003900766372680664,
            0.004046916961669922,
            0.0038919448852539062,
            0.00391387939453125,
            0.0039250850677490234
        ],
        "average": 0.004383349418640136,
        "min": 0.0038919448852539062,
        "max": 0.007194042205810547
    },
    "pin16_startup": {
        "class": "PIn16",
        "include_startup": true,
        "runs": [
            0.005612850189208984,
            0.00470280647277832,
            0.004652976989746094,
            0.004673004150390625,
            0.004731178283691406,
            0.0047299861907958984,
            0.004725933074951172,
            0.004662036895751953,
            0.004755973815917969,
            0.004647970199584961
        ],
        "average": 0.004789471626281738,
        "min": 0.004647970199584961,
        "max": 0.005612850189208984
    },
    "z26": {
        "class": "Z26",
        "include_startup": false,
        "runs": [
            0.0015909671783447266,
            0.00144195556640625,
            0.0014281272888183594,
            0.0014448165893554688,
            0.0013730525970458984,
            0.0014531612396240234,
            0.0013849735260009766,
            0.0014460086822509766,
            0.0014240741729736328,
            0.001405954360961914
        ],
        "average": 0.0014393091201782226,
        "min": 0.0013730525970458984,
        "max": 0.0015909671783447266
    },
    "z26_startup": {
        "class": "Z26",
        "include_startup": true,
        "runs": [
            0.0029611587524414062,
            0.0021109580993652344,
            0.002104043960571289,
            0.0020608901977539062,
            0.0021660327911376953,
            0.002112865447998047,
            0.0021200180053710938,
            0.0020809173583984375,
            0.0021190643310546875,
            0.002084016799926758
        ],
        "average": 0.0021919965744018554,
        "min": 0.0020608901977539062,
        "max": 0.0029611587524414062
    },
    "zin26": {
        "class": "ZIn26",
        "include_startup": false,
        "runs": [
            0.0040721893310546875,
            0.00400996208190918,
            0.004004001617431641,
            0.0039730072021484375,
            0.003981113433837891,
            0.003969907760620117,
            0.003966093063354492,
            0.004011869430541992,
            0.003972053527832031,
            0.004126071929931641
        ],
        "average": 0.004008626937866211,
        "min": 0.003966093063354492,
        "max": 0.004126071929931641
    },
    "zin26_startup": {
        "class": "ZIn26",
        "include_startup": true,
        "runs": [
            0.008913040161132812,
            0.005128145217895508,
            0.00474095344543457,
            0.006563901901245117,
            0.004752159118652344,
            0.0047338008880615234,
            0.004709005355834961,
            0.0047359466552734375,
            0.004736900329589844,
            0.004678964614868164
        ],
        "average": 0.0053692817687988285,
        "min": 0.004678964614868164,
        "max": 0.008913040161132812
    }
}