{
    "f06": {
        "class": "F06",
        "include_startup": false,
        "runs": [
            0.0008580684661865234,
            0.0008611679077148438,
            0.0008308887481689453,
            0.0008471012115478516,
            0.0008261203765869141,
            0.0008368492126464844,
            0.0008370876312255859,
            0.0008549690246582031,
            0.0008370876312255859,
            0.0008380413055419922
        ],
        "average": 0.0008427381515502929,
        "min": 0.0008261203765869141,
        "max": 0.0008611679077148438
    },
    "f06_startup": {
        "class": "F06",
        "include_startup": true,
        "runs": [
            0.0008058547973632812,
            0.0007889270782470703,
            0.0007779598236083984,
            0.0007848739624023438,
            0.0007410049438476562,
            0.0007560253143310547,
            0.0007779598236083984,
            0.0007810592651367188,
            0.0007891654968261719,
            0.0007581710815429688
        ],
        "average": 0.0007761001586914062,
        "min": 0.0007410049438476562,
        "max": 0.0008058547973632812
    },
    "fin06": {
        "class": "FIn06",
        "include_startup": false,
        "runs": [
            0.0012009143829345703,
            0.0011169910430908203,
            0.0011310577392578125,
            0.0011501312255859375,
            0.001148223876953125,
            0.0011739730834960938,
            0.001168966293334961,
            0.001155853271484375,
            0.0011489391326904297,
            0.0011529922485351562
        ],
        "average": 0.0011548042297363282,
        "min": 0.0011169910430908203,
        "max": 0.0012009143829345703
    },
    "fin06_startup": {
        "class": "FIn06",
        "include_startup": true,
        "runs": [
            0.0008969306945800781,
            0.000823974609375,
            0.0008161067962646484,
            0.0008020401000976562,
            0.0008060932159423828,
            0.0008070468902587891,
            0.0008139610290527344,
            0.0008208751678466797,
            0.0007929801940917969,
            0.0008180141448974609
        ],
        "average": 0.0008198022842407227,
        "min": 0.0007929801940917969,
        "max": 0.0008969306945800781
    },
    "p16": {
        "class": "P16",
        "include_startup": false,
        "runs": [
            0.0008878707885742188,
            0.0008420944213867188,
            0.0008380413055419922,
            0.0008199214935302734,
            0.0008299350738525391,
            0.0008459091186523438,
            0.0008499622344970703,
            0.0008449554443359375,
            0.0008349418640136719,
            0.0008211135864257812
        ],
        "average": 0.0008414745330810547,
        "min": 0.0008199214935302734,
        "max": 0.0008878707885742188
    },
    "p16_startup": {
        "class": "P16",
        "include_startup": true,
        "runs": [
            0.0008590221405029297,
            0.0008289813995361328,
            0.0008080005645751953,
            0.0008130073547363281,
            0.0008089542388916016,
            0.0007939338684082031,
            0.0008220672607421875,
            0.0008199214935302734,
            0.0008199214935302734,
            0.0008041858673095703
        ],
        "average": 0.0008177995681762695,
        "min": 0.0007939338684082031,
        "max": 0.0008590221405029297
    },
    "pin16": {
        "class": "PIn16",
        "include_startup": false,
        "runs": [
            0.0012731552124023438,
            0.001190185546875,
            0.001199960708618164,
            0.001199960708618164,
            0.0011730194091796875,
            0.0011849403381347656,
            0.0011670589447021484,
            0.0011868476867675781,
            0.0011990070343017578,
            0.0011780261993408203
        ],
        "average": 0.001195216178894043,
        "min": 0.0011670589447021484,
        "max": 0.0012731552124023438
    },
    "pin16_startup": {
        "class": "PIn16",
        "include_startup": true,
        "runs": [
            0.0008351802825927734,
            0.0007998943328857422,
            0.0008118152618408203,
            0.0007979869842529297,
            0.0007798671722412109,
            0.0007839202880859375,
            0.0008008480072021484,
            0.0007781982421875,
            0.0007767677307128906,
            0.000762939453125
        ],
        "average": 0.0007927417755126953,
        "min": 0.000762939453125,
        "max": 0.0008351802825927734
    },
    "z26": {
        "class": "Z26",
        "include_startup": false,
        "runs": [
            0.0007271766662597656,
            0.0006859302520751953,
            0.0006699562072753906,
            0.0006899833679199219,
            0.0006878376007080078,
            0.00067901611328125,
            0.0006930828094482422,
            0.0007078647613525391,
            0.0006840229034423828,
            0.0006799697875976562
        ],
        "average": 0.0006904840469360351,
        "min": 0.0006699562072753906,
        "max": 0.0007271766662597656
    },
    "z26_startup": {
        "class": "Z26",
        "include_startup": true,
        "runs": [
            0.0012230873107910156,
            0.0011718273162841797,
            0.0011820793151855469,
            0.0011990070343017578,
            0.0011730194091796875,
            0.0012118816375732422,
            0.0011777877807617188,
            0.0011780261993408203,
            0.0011911392211914062,
            0.0011827945709228516
        ],
        "average": 0.0011890649795532227,
        "min": 0.0011718273162841797,
        "max": 0.0012230873107910156
    },
    "zin26": {
        "class": "ZIn26",
        "include_startup": false,
        "runs": [
            0.0012280941009521484,
            0.0011091232299804688,
            0.0011591911315917969,
            0.0008070468902587891,
            0.0007679462432861328,
            0.0007779598236083984,
            0.0007948875427246094,
            0.0007870197296142578,
            0.0007941722869873047,
            0.0007760524749755859
        ],
        "average": 0.0009001493453979492,
        "min": 0.0007679462432861328,
        "max": 0.0012280941009521484
    },
    "zin26_startup": {
        "class": "ZIn26",
        "include_startup": true,
        "runs": [
            0.0009031295776367188,
            0.0008900165557861328,
            0.0008709430694580078,
            0.0008389949798583984,
            0.0008389949798583984,
            0.0008358955383300781,
            0.0008571147918701172,
            0.0008409023284912109,
            0.0008440017700195312,
            0.0008349418640136719
        ],
        "average": 0.0008554935455322265,
        "min": 0.0008349418640136719,
        "max": 0.0009031295776367188
    }
}