{
    "f06": {
        "class": "F06",
        "include_startup": false,
        "runs": [
            0.0014748573303222656,
            0.0013308525085449219,
            0.0014069080352783203,
            0.0013401508331298828,
            0.0013151168823242188,
            0.0013232231140136719,
            0.001322031021118164,
            0.0013210773468017578,
            0.0014219284057617188,
            0.0013568401336669922
        ],
        "average": 0.0013612985610961914,
        "min": 0.0013151168823242188,
        "max": 0.0014748573303222656
    },
    "f06_startup": {
        "class": "F06",
        "include_startup": true,
        "runs": [
            0.003776073455810547,
            0.002460956573486328,
            0.002496004104614258,
            0.002457857131958008,
            0.002490997314453125,
            0.002460002899169922,
            0.0024831295013427734,
            0.0024521350860595703,
            0.0016009807586669922,
            0.0014078617095947266
        ],
        "average": 0.002408599853515625,
        "min": 0.0014078617095947266,
        "max": 0.003776073455810547
    },
    "p16": {
        "class": "P16",
        "include_startup": false,
        "runs": [
            0.0015249252319335938,
            0.0014920234680175781,
            0.0013589859008789062,
            0.0013859272003173828,
            0.0013649463653564453,
            0.001338958740234375,
            0.0013339519500732422,
            0.0013308525085449219,
            0.0013179779052734375,
            0.0013308525085449219
        ],
        "average": 0.0013779401779174805,
        "min": 0.0013179779052734375,
        "max": 0.0015249252319335938
    },
    "p16_startup": {
        "class": "P16",
        "include_startup": true,
        "runs": [
            0.002354860305786133,
            0.0014369487762451172,
            0.0014979839324951172,
            0.0014889240264892578,
            0.001422882080078125,
            0.0014181137084960938,
            0.0014090538024902344,
            0.0014219284057617188,
            0.001422882080078125,
            0.0014190673828125
        ],
        "average": 0.0015292644500732421,
        "min": 0.0014090538024902344,
        "max": 0.002354860305786133
    },
    "z26": {
        "class": "Z26",
        "include_startup": false,
        "runs": [
            0.0015828609466552734,
            0.0013298988342285156,
            0.0013079643249511719,
            0.0013570785522460938,
            0.0013239383697509766,
            0.0013418197631835938,
            0.0013170242309570312,
            0.0012898445129394531,
            0.001329183578491211,
            0.0012919902801513672
        ],
        "average": 0.0013471603393554687,
        "min": 0.0012898445129394531,
        "max": 0.0015828609466552734
    },
    "z26_startup": {
        "class": "Z26",
        "include_startup": true,
        "runs": [
            0.002331972122192383,
            0.0015268325805664062,
            0.0014929771423339844,
            0.0014808177947998047,
            0.0014939308166503906,
            0.0015900135040283203,
            0.0015168190002441406,
            0.0014908313751220703,
            0.0015058517456054688,
            0.0014870166778564453
        ],
        "average": 0.0015917062759399415,
        "min": 0.0014808177947998047,
        "max": 0.002331972122192383
    }
}