{
    "f06": {
        "class": "F06",
        "include_startup": false,
        "runs": [
            0.0009150505065917969,
            0.0008270740509033203,
            0.0008769035339355469,
            0.0008358955383300781,
            0.0007951259613037109,
            0.0008058547973632812,
            0.0008709430694580078,
            0.0008270740509033203,
            0.0007729530334472656,
            0.00080108642578125
        ],
        "average": 0.0008327960968017578,
        "min": 0.0007729530334472656,
        "max": 0.0009150505065917969
    },
    "f06_startup": {
        "class": "F06",
        "include_startup": true,
        "runs": [
            0.0007059574127197266,
            0.0007030963897705078,
            0.0006859302520751953,
            0.0006949901580810547,
            0.0007009506225585938,
            0.0006778240203857422,
            0.0006949901580810547,
            0.000698089599609375,
            0.0006921291351318359,
            0.0006818771362304688
        ],
        "average": 0.0006935834884643554,
        "min": 0.0006778240203857422,
        "max": 0.0007059574127197266
    },
    "fin06": {
        "class": "FIn06",
        "include_startup": false,
        "runs": [
            0.0007710456848144531,
            0.0008330345153808594,
            0.0008141994476318359,
            0.0007710456848144531,
            0.0008089542388916016,
            0.0007998943328857422,
            0.0007901191711425781,
            0.0007989406585693359,
            0.0007739067077636719,
            0.0007848739624023438
        ],
        "average": 0.0007946014404296875,
        "min": 0.0007710456848144531,
        "max": 0.0008330345153808594
    },
    "fin06_startup": {
        "class": "FIn06",
        "include_startup": true,
        "runs": [
            0.0008249282836914062,
            0.00080108642578125,
            0.0008029937744140625,
            0.0008189678192138672,
            0.0008130073547363281,
            0.0008180141448974609,
            0.0007989406585693359,
            0.0008199214935302734,
            0.0008208751678466797,
            0.0008289813995361328
        ],
        "average": 0.0008147716522216797,
        "min": 0.0007989406585693359,
        "max": 0.0008289813995361328
    },
    "p16": {
        "class": "P16",
        "include_startup": false,
        "runs": [
            0.0008890628814697266,
            0.0009009838104248047,
            0.0008640289306640625,
            0.0008478164672851562,
            0.0008580684661865234,
            0.0008490085601806641,
            0.0008609294891357422,
            0.0009028911590576172,
            0.0008780956268310547,
            0.0008571147918701172
        ],
        "average": 0.0008708000183105469,
        "min": 0.0008478164672851562,
        "max": 0.0009028911590576172
    },
    "p16_startup": {
        "class": "P16",
        "include_startup": true,
        "runs": [
            0.00084686279296875,
            0.0008220672607421875,
            0.0008168220520019531,
            0.0008039474487304688,
            0.0008311271667480469,
            0.0008289813995361328,
            0.0008261203765869141,
            0.0008311271667480469,
            0.0008141994476318359,
            0.0008060932159423828
        ],
        "average": 0.0008227348327636719,
        "min": 0.0008039474487304688,
        "max": 0.00084686279296875
    },
    "pin16": {
        "class": "PIn16",
        "include_startup": false,
        "runs": [
            0.0008959770202636719,
            0.0008649826049804688,
            0.0008490085601806641,
            0.0008420944213867188,
            0.0008471012115478516,
            0.0008709430694580078,
            0.0008389949798583984,
            0.0008499622344970703,
            0.0008339881896972656,
            0.0008490085601806641
        ],
        "average": 0.0008542060852050782,
        "min": 0.0008339881896972656,
        "max": 0.0008959770202636719
    },
    "pin16_startup": {
        "class": "PIn16",
        "include_startup": true,
        "runs": [
            0.0008480548858642578,
            0.0008289813995361328,
            0.0008120536804199219,
            0.0008108615875244141,
            0.0008308887481689453,
            0.0007929801940917969,
            0.0008111000061035156,
            0.0008170604705810547,
            0.0008289813995361328,
            0.0008149147033691406
        ],
        "average": 0.0008195877075195312,
        "min": 0.0007929801940917969,
        "max": 0.0008480548858642578
    },
    "z26": {
        "class": "Z26",
        "include_startup": false,
        "runs": [
            0.0008981227874755859,
            0.0008130073547363281,
            0.0008161067962646484,
            0.00080108642578125,
            0.0007989406585693359,
            0.0008089542388916016,
            0.0008089542388916016,
            0.0007920265197753906,
            0.0008339881896972656,
            0.0008411407470703125
        ],
        "average": 0.000821232795715332,
        "min": 0.0007920265197753906,
        "max": 0.0008981227874755859
    },
    "z26_startup": {
        "class": "Z26",
        "include_startup": true,
        "runs": [
            0.0008199214935302734,
            0.0007870197296142578,
            0.0007970333099365234,
            0.0007729530334472656,
            0.0007770061492919922,
            0.0007688999176025391,
            0.0007870197296142578,
            0.0007848739624023438,
            0.0007879734039306641,
            0.0007719993591308594
        ],
        "average": 0.0007854700088500977,
        "min": 0.0007688999176025391,
        "max": 0.0008199214935302734
    },
    "zin26": {
        "class": "ZIn26",
        "include_startup": false,
        "runs": [
            0.0008599758148193359,
            0.0008039474487304688,
            0.0007760524749755859,
            0.000804901123046875,
            0.0008080005645751953,
            0.0008249282836914062,
            0.0008149147033691406,
            0.0007870197296142578,
            0.00080108642578125,
            0.0008001327514648438
        ],
        "average": 0.000808095932006836,
        "min": 0.0007760524749755859,
        "max": 0.0008599758148193359
    },
    "zin26_startup": {
        "class": "ZIn26",
        "include_startup": true,
        "runs": [
            0.0009169578552246094,
            0.0008399486541748047,
            0.0008361339569091797,
            0.0007989406585693359,
            0.0008399486541748047,
            0.0008089542388916016,
            0.0008440017700195312,
            0.0008409023284912109,
            0.0008280277252197266,
            0.0008220672607421875
        ],
        "average": 0.0008375883102416992,
        "min": 0.0007989406585693359,
        "max": 0.0009169578552246094
    }
}