{
    "f06": {
        "class": "F06",
        "include_startup": false,
        "runs": [
            0.35193300247192383,
            0.3492598533630371,
            0.39243483543395996,
            0.3898611068725586,
            0.4003720283508301,
            0.38651609420776367,
            0.38927316665649414,
            0.38684511184692383,
            0.39714694023132324,
            0.3872051239013672
        ],
        "average": 0.3830847263336182,
        "min": 0.3492598533630371,
        "max": 0.4003720283508301
    },
    "f06_startup": {
        "class": "F06",
        "include_startup": true,
        "runs": [
            0.4075510501861572,
            0.4009239673614502,
            0.3964238166809082,
            0.40512609481811523,
            0.3986999988555908,
            0.3561270236968994,
            0.4014739990234375,
            0.4045541286468506,
            0.399730920791626,
            0.3901031017303467
        ],
        "average": 0.39607141017913816,
        "min": 0.3561270236968994,
        "max": 0.4075510501861572
    }
}