{
    "f06": {
        "class": "F06",
        "include_startup": false,
        "runs": [
            3.9894609451293945,
            3.923691987991333,
            3.9532837867736816,
            3.9425840377807617,
            3.9152557849884033,
            3.9496910572052,
            4.00786018371582,
            3.9287610054016113,
            3.9804461002349854,
            2.121900796890259
        ],
        "average": 3.771293568611145,
        "min": 2.121900796890259,
        "max": 4.00786018371582
    },
    "f06_startup": {
        "class": "F06",
        "include_startup": true,
        "runs": [
            3.9178788661956787,
            3.9458539485931396,
            3.902700901031494,
            3.9934229850769043,
            3.916731119155884,
            3.929266929626465,
            3.8679449558258057,
            3.871526002883911,
            2.0889079570770264,
            2.115220785140991
        ],
        "average": 3.55494544506073,
        "min": 2.0889079570770264,
        "max": 3.9934229850769043
    },
    "fin06": {
        "class": "FIn06",
        "include_startup": false,
        "runs": [
            3.933929920196533,
            3.9612200260162354,
            3.9163730144500732,
            3.979275941848755,
            3.9313430786132812,
            2.0933120250701904,
            3.954838991165161,
            3.982455015182495,
            2.1197009086608887,
            3.988577127456665
        ],
        "average": 3.586102604866028,
        "min": 2.0933120250701904,
        "max": 3.988577127456665
    },
    "fin06_startup": {
        "class": "FIn06",
        "include_startup": true,
        "runs": [
            3.947293996810913,
            3.921431064605713,
            3.8604109287261963,
            2.132309913635254,
            3.9748270511627197,
            3.9303979873657227,
            3.952070951461792,
            3.93817400932312,
            3.978440999984741,
            4.026978015899658
        ],
        "average": 3.766233491897583,
        "min": 2.132309913635254,
        "max": 4.026978015899658
    }
}