{
    "f06": {
        "class": "F06",
        "include_startup": false,
        "runs": [
            0.3935251235961914,
            0.39629602432250977,
            0.3882720470428467,
            0.3894379138946533,
            0.3986799716949463,
            0.38397216796875,
            0.4359261989593506,
            0.38889312744140625,
            0.38578200340270996,
            0.4005122184753418
        ],
        "average": 0.3961296796798706,
        "min": 0.38397216796875,
        "max": 0.4359261989593506
    },
    "f06_startup": {
        "class": "F06",
        "include_startup": true,
        "runs": [
            0.4406251907348633,
            0.3923308849334717,
            0.35190701484680176,
            0.4011240005493164,
            0.4041318893432617,
            0.3447568416595459,
            0.3915390968322754,
            0.405562162399292,
            0.40106797218322754,
            0.4019010066986084
        ],
        "average": 0.3934946060180664,
        "min": 0.3447568416595459,
        "max": 0.4406251907348633
    }
}