{
    "f06": {
        "class": "F06",
        "include_startup": false,
        "runs": [
            3.9146878719329834,
            3.8685619831085205,
            3.8534371852874756,
            3.8644509315490723,
            3.9189798831939697,
            3.892570972442627,
            3.9951610565185547,
            3.8849380016326904,
            3.9680559635162354,
            3.9626429080963135
        ],
        "average": 3.912348675727844,
        "min": 3.8534371852874756,
        "max": 3.9951610565185547
    },
    "f06_startup": {
        "class": "F06",
        "include_startup": true,
        "runs": [
            3.916973829269409,
            3.8803889751434326,
            3.8817429542541504,
            2.157604932785034,
            3.911712884902954,
            3.9001290798187256,
            3.8822429180145264,
            3.877009868621826,
            3.875838041305542,
            3.7470450401306152
        ],
        "average": 3.7030688524246216,
        "min": 2.157604932785034,
        "max": 3.916973829269409
    },
    "fin06": {
        "class": "FIn06",
        "include_startup": false,
        "runs": [
            3.9864580631256104,
            4.05786395072937,
            3.97566294670105,
            3.9532899856567383,
            4.249892950057983,
            3.9857840538024902,
            2.1164779663085938,
            3.926110029220581,
            3.9620590209960938,
            3.9100759029388428
        ],
        "average": 3.812367486953735,
        "min": 2.1164779663085938,
        "max": 4.249892950057983
    },
    "fin06_startup": {
        "class": "FIn06",
        "include_startup": true,
        "runs": [
            3.987894058227539,
            3.9258410930633545,
            2.1455161571502686,
            3.9787700176239014,
            3.9533939361572266,
            3.9357950687408447,
            3.862636089324951,
            3.7231252193450928,
            3.9824581146240234,
            3.901371955871582
        ],
        "average": 3.7396801710128784,
        "min": 2.1455161571502686,
        "max": 3.987894058227539
    }
}