{
    "f06": {
        "class": "F06",
        "include_startup": false,
        "runs": [
            0.0008840560913085938,
            0.000823974609375,
            0.0008339881896972656,
            0.0008380413055419922,
            0.0008440017700195312,
            0.0008401870727539062,
            0.0008370876312255859,
            0.0008320808410644531,
            0.0008339881896972656,
            0.0008289813995361328
        ],
        "average": 0.0008396387100219726,
        "min": 0.000823974609375,
        "max": 0.0008840560913085938
    },
    "f06_startup": {
        "class": "F06",
        "include_startup": true,
        "runs": [
            0.0008740425109863281,
            0.0008320808410644531,
            0.0008521080017089844,
            0.0008530616760253906,
            0.0008869171142578125,
            0.0014190673828125,
            0.0008189678192138672,
            0.0008809566497802734,
            0.0007719993591308594,
            0.0010058879852294922
        ],
        "average": 0.000919508934020996,
        "min": 0.0007719993591308594,
        "max": 0.0014190673828125
    },
    "fin06": {
        "class": "FIn06",
        "include_startup": false,
        "runs": [
            0.0008490085601806641,
            0.0007789134979248047,
            0.000804901123046875,
            0.00080108642578125,
            0.00080108642578125,
            0.000804901123046875,
            0.0008108615875244141,
            0.0007920265197753906,
            0.0007929801940917969,
            0.0007910728454589844
        ],
        "average": 0.0008026838302612304,
        "min": 0.0007789134979248047,
        "max": 0.0008490085601806641
    },
    "fin06_startup": {
        "class": "FIn06",
        "include_startup": true,
        "runs": [
            0.0008718967437744141,
            0.00080108642578125,
            0.0008170604705810547,
            0.0008120536804199219,
            0.0008220672607421875,
            0.0008349418640136719,
            0.0008070468902587891,
            0.0008220672607421875,
            0.0008189678192138672,
            0.0008230209350585938
        ],
        "average": 0.0008230209350585938,
        "min": 0.00080108642578125,
        "max": 0.0008718967437744141
    },
    "p16": {
        "class": "P16",
        "include_startup": false,
        "runs": [
            0.0008299350738525391,
            0.0008130073547363281,
            0.0007770061492919922,
            0.0007770061492919922,
            0.0007970333099365234,
            0.0007891654968261719,
            0.0007979869842529297,
            0.0007929801940917969,
            0.0007779598236083984,
            0.0008292198181152344
        ],
        "average": 0.0007981300354003906,
        "min": 0.0007770061492919922,
        "max": 0.0008299350738525391
    },
    "p16_startup": {
        "class": "P16",
        "include_startup": true,
        "runs": [
            0.0007829666137695312,
            0.0007879734039306641,
            0.000823974609375,
            0.000782012939453125,
            0.0007691383361816406,
            0.0007598400115966797,
            0.0007741451263427734,
            0.0007970333099365234,
            0.0008268356323242188,
            0.0008618831634521484
        ],
        "average": 0.0007965803146362304,
        "min": 0.0007598400115966797,
        "max": 0.0008618831634521484
    },
    "pin16": {
        "class": "PIn16",
        "include_startup": false,
        "runs": [
            0.0010101795196533203,
            0.0009090900421142578,
            0.0009741783142089844,
            0.0009140968322753906,
            0.0009360313415527344,
            0.0010120868682861328,
            0.0009720325469970703,
            0.0010251998901367188,
            0.001007080078125,
            0.0009729862213134766
        ],
        "average": 0.0009732961654663086,
        "min": 0.0009090900421142578,
        "max": 0.0010251998901367188
    },
    "pin16_startup": {
        "class": "PIn16",
        "include_startup": true,
        "runs": [
            0.0008361339569091797,
            0.0008270740509033203,
            0.0007851123809814453,
            0.0008080005645751953,
            0.0008289813995361328,
            0.000885009765625,
            0.0008368492126464844,
            0.0008218288421630859,
            0.0008029937744140625,
            0.0008158683776855469
        ],
        "average": 0.0008247852325439453,
        "min": 0.0007851123809814453,
        "max": 0.000885009765625
    },
    "z26": {
        "class": "Z26",
        "include_startup": false,
        "runs": [
            0.0008449554443359375,
            0.0008459091186523438,
            0.0008878707885742188,
            0.0008571147918701172,
            0.0008499622344970703,
            0.0008389949798583984,
            0.0008311271667480469,
            0.0008800029754638672,
            0.0008578300476074219,
            0.0008518695831298828
        ],
        "average": 0.0008545637130737305,
        "min": 0.0008311271667480469,
        "max": 0.0008878707885742188
    },
    "z26_startup": {
        "class": "Z26",
        "include_startup": true,
        "runs": [
            0.0008828639984130859,
            0.000820159912109375,
            0.0008339881896972656,
            0.0008289813995361328,
            0.0008509159088134766,
            0.0008361339569091797,
            0.0008308887481689453,
            0.0008339881896972656,
            0.0008611679077148438,
            0.0008258819580078125
        ],
        "average": 0.0008404970169067383,
        "min": 0.000820159912109375,
        "max": 0.0008828639984130859
    },
    "zin26": {
        "class": "ZIn26",
        "include_startup": false,
        "runs": [
            0.0008630752563476562,
            0.0008120536804199219,
            0.0007979869842529297,
            0.0007958412170410156,
            0.0007998943328857422,
            0.0007691383361816406,
            0.0008158683776855469,
            0.000823974609375,
            0.0008161067962646484,
            0.0008089542388916016
        ],
        "average": 0.0008102893829345703,
        "min": 0.0007691383361816406,
        "max": 0.0008630752563476562
    },
    "zin26_startup": {
        "class": "ZIn26",
        "include_startup": true,
        "runs": [
            0.0008399486541748047,
            0.0008008480072021484,
            0.00080108642578125,
            0.0008020401000976562,
            0.0007910728454589844,
            0.0007998943328857422,
            0.0007860660552978516,
            0.0007770061492919922,
            0.0007851123809814453,
            0.0008299350738525391
        ],
        "average": 0.0008013010025024414,
        "min": 0.0007770061492919922,
        "max": 0.0008399486541748047
    }
}