{
    "f06": {
        "class": "F06",
        "include_startup": false,
        "runs": [
            0.0007040500640869141,
            0.0006551742553710938,
            0.0006778240203857422,
            0.0006639957427978516,
            0.0006728172302246094,
            0.0006570816040039062,
            0.0006630420684814453,
            0.0006680488586425781,
            0.0006680488586425781,
            0.000659942626953125
        ],
        "average": 0.0006690025329589844,
        "min": 0.0006551742553710938,
        "max": 0.0007040500640869141
    },
    "f06_startup": {
        "class": "F06",
        "include_startup": true,
        "runs": [
            0.0008270740509033203,
            0.0007741451263427734,
            0.0007801055908203125,
            0.0007779598236083984,
            0.0007920265197753906,
            0.0007610321044921875,
            0.000804901123046875,
            0.0008020401000976562,
            0.0007870197296142578,
            0.0008130073547363281
        ],
        "average": 0.00079193115234375,
        "min": 0.0007610321044921875,
        "max": 0.0008270740509033203
    },
    "fin06": {
        "class": "FIn06",
        "include_startup": false,
        "runs": [
            0.0008540153503417969,
            0.0008249282836914062,
            0.0008361339569091797,
            0.0007879734039306641,
            0.0007939338684082031,
            0.0007679462432861328,
            0.0007841587066650391,
            0.000804901123046875,
            0.0008060932159423828,
            0.0007898807525634766
        ],
        "average": 0.0008049964904785156,
        "min": 0.0007679462432861328,
        "max": 0.0008540153503417969
    },
    "fin06_startup": {
        "class": "FIn06",
        "include_startup": true,
        "runs": [
            0.0008370876312255859,
            0.0007839202880859375,
            0.0007870197296142578,
            0.0008180141448974609,
            0.0007939338684082031,
            0.0008149147033691406,
            0.0007970333099365234,
            0.0007750988006591797,
            0.0007929801940917969,
            0.0007860660552978516
        ],
        "average": 0.0007986068725585937,
        "min": 0.0007750988006591797,
        "max": 0.0008370876312255859
    },
    "p16": {
        "class": "P16",
        "include_startup": false,
        "runs": [
            0.0008299350738525391,
            0.0008099079132080078,
            0.0008029937744140625,
            0.0008208751678466797,
            0.0008149147033691406,
            0.0008161067962646484,
            0.0007979869842529297,
            0.0008020401000976562,
            0.0008130073547363281,
            0.0008139610290527344
        ],
        "average": 0.0008121728897094727,
        "min": 0.0007979869842529297,
        "max": 0.0008299350738525391
    },
    "p16_startup": {
        "class": "P16",
        "include_startup": true,
        "runs": [
            0.0008759498596191406,
            0.0008680820465087891,
            0.0008480548858642578,
            0.0008678436279296875,
            0.00086212158203125,
            0.0008590221405029297,
            0.0008518695831298828,
            0.0008540153503417969,
            0.0008668899536132812,
            0.0008521080017089844
        ],
        "average": 0.000860595703125,
        "min": 0.0008480548858642578,
        "max": 0.0008759498596191406
    },
    "pin16": {
        "class": "PIn16",
        "include_startup": false,
        "runs": [
            0.0008168220520019531,
            0.0007989406585693359,
            0.0008108615875244141,
            0.0008141994476318359,
            0.0008029937744140625,
            0.0007929801940917969,
            0.0008058547973632812,
            0.0008041858673095703,
            0.0008158683776855469,
            0.0008111000061035156
        ],
        "average": 0.0008073806762695313,
        "min": 0.0007929801940917969,
        "max": 0.0008168220520019531
    },
    "pin16_startup": {
        "class": "PIn16",
        "include_startup": true,
        "runs": [
            0.0008769035339355469,
            0.0008687973022460938,
            0.0008080005645751953,
            0.000804901123046875,
            0.0008089542388916016,
            0.0007729530334472656,
            0.0007960796356201172,
            0.0007960796356201172,
            0.0007839202880859375,
            0.0007801055908203125
        ],
        "average": 0.0008096694946289062,
        "min": 0.0007729530334472656,
        "max": 0.0008769035339355469
    },
    "z26": {
        "class": "Z26",
        "include_startup": false,
        "runs": [
            0.0009610652923583984,
            0.0009250640869140625,
            0.0008199214935302734,
            0.0007941722869873047,
            0.0008118152618408203,
            0.0008280277252197266,
            0.000823974609375,
            0.0008089542388916016,
            0.0008139610290527344,
            0.0007998943328857422
        ],
        "average": 0.0008386850357055664,
        "min": 0.0007941722869873047,
        "max": 0.0009610652923583984
    },
    "z26_startup": {
        "class": "Z26",
        "include_startup": true,
        "runs": [
            0.0006971359252929688,
            0.0006780624389648438,
            0.0006530284881591797,
            0.0006661415100097656,
            0.0006399154663085938,
            0.0006518363952636719,
            0.0006721019744873047,
            0.0006589889526367188,
            0.0006461143493652344,
            0.0006411075592041016
        ],
        "average": 0.0006604433059692383,
        "min": 0.0006399154663085938,
        "max": 0.0006971359252929688
    },
    "zin26": {
        "class": "ZIn26",
        "include_startup": false,
        "runs": [
            0.0008988380432128906,
            0.0007200241088867188,
            0.0008199214935302734,
            0.0008189678192138672,
            0.0008118152618408203,
            0.0008039474487304688,
            0.0008590221405029297,
            0.0008130073547363281,
            0.0008139610290527344,
            0.0008139610290527344
        ],
        "average": 0.0008173465728759765,
        "min": 0.0007200241088867188,
        "max": 0.0008988380432128906
    },
    "zin26_startup": {
        "class": "ZIn26",
        "include_startup": true,
        "runs": [
            0.0008728504180908203,
            0.0008459091186523438,
            0.0008499622344970703,
            0.0008399486541748047,
            0.0008420944213867188,
            0.0008449554443359375,
            0.0008451938629150391,
            0.0008242130279541016,
            0.0008509159088134766,
            0.0009160041809082031
        ],
        "average": 0.0008532047271728515,
        "min": 0.0008242130279541016,
        "max": 0.0009160041809082031
    }
}