{
    "f06": {
        "class": "F06",
        "include_startup": false,
        "runs": [
            0.001180887222290039,
            0.0008111000061035156,
            0.0008471012115478516,
            0.0008258819580078125,
            0.0008139610290527344,
            0.0008289813995361328,
            0.0008351802825927734,
            0.0008070468902587891,
            0.0008180141448974609,
            0.0008358955383300781
        ],
        "average": 0.0008604049682617188,
        "min": 0.0008070468902587891,
        "max": 0.001180887222290039
    },
    "f06_startup": {
        "class": "F06",
        "include_startup": true,
        "runs": [
            0.0023870468139648438,
            0.0007369518280029297,
            0.0007450580596923828,
            0.0007350444793701172,
            0.0007510185241699219,
            0.0007240772247314453,
            0.0007481575012207031,
            0.0007338523864746094,
            0.0007290840148925781,
            0.0007259845733642578
        ],
        "average": 0.0009016275405883789,
        "min": 0.0007240772247314453,
        "max": 0.0023870468139648438
    },
    "fin06": {
        "class": "FIn06",
        "include_startup": false,
        "runs": [
            0.001165151596069336,
            0.0008378028869628906,
            0.0008368492126464844,
            0.0008029937744140625,
            0.0008149147033691406,
            0.0008192062377929688,
            0.0007939338684082031,
            0.0008080005645751953,
            0.0008170604705810547,
            0.0008151531219482422
        ],
        "average": 0.0008511066436767579,
        "min": 0.0007939338684082031,
        "max": 0.001165151596069336
    },
    "fin06_startup": {
        "class": "FIn06",
        "include_startup": true,
        "runs": [
            0.004514932632446289,
            0.0015408992767333984,
            0.0015559196472167969,
            0.0009930133819580078,
            0.0009529590606689453,
            0.000988006591796875,
            0.0009419918060302734,
            0.0009479522705078125,
            0.0009310245513916016,
            0.0009438991546630859
        ],
        "average": 0.0014310598373413086,
        "min": 0.0009310245513916016,
        "max": 0.004514932632446289
    },
    "p16": {
        "class": "P16",
        "include_startup": false,
        "runs": [
            0.0019910335540771484,
            0.0013430118560791016,
            0.0013210773468017578,
            0.0013151168823242188,
            0.0013391971588134766,
            0.0013070106506347656,
            0.0012941360473632812,
            0.0013189315795898438,
            0.001313924789428711,
            0.0013129711151123047
        ],
        "average": 0.001385641098022461,
        "min": 0.0012941360473632812,
        "max": 0.0019910335540771484
    },
    "p16_startup": {
        "class": "P16",
        "include_startup": true,
        "runs": [
            0.002959012985229492,
            0.0009670257568359375,
            0.0009660720825195312,
            0.0009469985961914062,
            0.0009551048278808594,
            0.0009529590606689453,
            0.0009620189666748047,
            0.0009789466857910156,
            0.0009660720825195312,
            0.0009500980377197266
        ],
        "average": 0.001160430908203125,
        "min": 0.0009469985961914062,
        "max": 0.002959012985229492
    },
    "pin16": {
        "class": "PIn16",
        "include_startup": false,
        "runs": [
            0.0011701583862304688,
            0.0008180141448974609,
            0.0007979869842529297,
            0.0008180141448974609,
            0.0008180141448974609,
            0.0007929801940917969,
            0.0008070468902587891,
            0.0007879734039306641,
            0.0008161067962646484,
            0.0007967948913574219
        ],
        "average": 0.0008423089981079102,
        "min": 0.0007879734039306641,
        "max": 0.0011701583862304688
    },
    "pin16_startup": {
        "class": "PIn16",
        "include_startup": true,
        "runs": [
            0.0031020641326904297,
            0.0009210109710693359,
            0.0008931159973144531,
            0.0008819103240966797,
            0.0008809566497802734,
            0.0008878707885742188,
            0.0008809566497802734,
            0.0008718967437744141,
            0.0009121894836425781,
            0.0009019374847412109
        ],
        "average": 0.0011133909225463866,
        "min": 0.0008718967437744141,
        "max": 0.0031020641326904297
    },
    "z26": {
        "class": "Z26",
        "include_startup": false,
        "runs": [
            0.0009920597076416016,
            0.0006849765777587891,
            0.0006339550018310547,
            0.0006740093231201172,
            0.0006740093231201172,
            0.0006601810455322266,
            0.0006701946258544922,
            0.0006668567657470703,
            0.000659942626953125,
            0.0006699562072753906
        ],
        "average": 0.0006986141204833984,
        "min": 0.0006339550018310547,
        "max": 0.0009920597076416016
    },
    "z26_startup": {
        "class": "Z26",
        "include_startup": true,
        "runs": [
            0.0032629966735839844,
            0.0010578632354736328,
            0.0010199546813964844,
            0.000988006591796875,
            0.0010120868682861328,
            0.0010151863098144531,
            0.0010030269622802734,
            0.0010008811950683594,
            0.0009870529174804688,
            0.000988006591796875
        ],
        "average": 0.0012335062026977539,
        "min": 0.0009870529174804688,
        "max": 0.0032629966735839844
    },
    "zin26": {
        "class": "ZIn26",
        "include_startup": false,
        "runs": [
            0.0020439624786376953,
            0.0013158321380615234,
            0.0012969970703125,
            0.0013189315795898438,
            0.0013530254364013672,
            0.0013039112091064453,
            0.0013279914855957031,
            0.0013270378112792969,
            0.0008339881896972656,
            0.0007810592651367188
        ],
        "average": 0.001290273666381836,
        "min": 0.0007810592651367188,
        "max": 0.0020439624786376953
    },
    "zin26_startup": {
        "class": "ZIn26",
        "include_startup": true,
        "runs": [
            0.003103017807006836,
            0.001024007797241211,
            0.000993967056274414,
            0.0009870529174804688,
            0.0009851455688476562,
            0.0009999275207519531,
            0.0009839534759521484,
            0.000988006591796875,
            0.0009770393371582031,
            0.0009961128234863281
        ],
        "average": 0.0012038230895996093,
        "min": 0.0009770393371582031,
        "max": 0.003103017807006836
    }
}