{
    "f06": {
        "class": "F06",
        "include_startup": false,
        "runs": [
            0.0014040470123291016,
            0.0008380413055419922,
            0.0008199214935302734,
            0.0008449554443359375,
            0.0008070468902587891,
            0.0008161067962646484,
            0.0008289813995361328,
            0.0008249282836914062,
            0.0008258819580078125,
            0.0008180141448974609
        ],
        "average": 0.0008827924728393554,
        "min": 0.0008070468902587891,
        "max": 0.0014040470123291016
    },
    "f06_startup": {
        "class": "F06",
        "include_startup": true,
        "runs": [
            0.004651069641113281,
            0.0014681816101074219,
            0.0014939308166503906,
            0.0014209747314453125,
            0.0014240741729736328,
            0.0013790130615234375,
            0.0014469623565673828,
            0.0014209747314453125,
            0.0014541149139404297,
            0.001413106918334961
        ],
        "average": 0.0017572402954101562,
        "min": 0.0013790130615234375,
        "max": 0.004651069641113281
    },
    "fin06": {
        "class": "FIn06",
        "include_startup": false,
        "runs": [
            0.0015149116516113281,
            0.0008559226989746094,
            0.0008299350738525391,
            0.0007989406585693359,
            0.0008120536804199219,
            0.0008130073547363281,
            0.0008249282836914062,
            0.0008001327514648438,
            0.0008039474487304688,
            0.0008339881896972656
        ],
        "average": 0.0008887767791748047,
        "min": 0.0007989406585693359,
        "max": 0.0015149116516113281
    },
    "fin06_startup": {
        "class": "FIn06",
        "include_startup": true,
        "runs": [
            0.0029990673065185547,
            0.0008881092071533203,
            0.0009109973907470703,
            0.0008869171142578125,
            0.000885009765625,
            0.0008900165557861328,
            0.0008900165557861328,
            0.0008900165557861328,
            0.0008900165557861328,
            0.0008740425109863281
        ],
        "average": 0.0011004209518432617,
        "min": 0.0008740425109863281,
        "max": 0.0029990673065185547
    },
    "p16": {
        "class": "P16",
        "include_startup": false,
        "runs": [
            0.0014090538024902344,
            0.0008370876312255859,
            0.0008158683776855469,
            0.0008189678192138672,
            0.0007958412170410156,
            0.0008358955383300781,
            0.0012869834899902344,
            0.001230001449584961,
            0.0012390613555908203,
            0.0008311271667480469
        ],
        "average": 0.001009988784790039,
        "min": 0.0007958412170410156,
        "max": 0.0014090538024902344
    },
    "p16_startup": {
        "class": "P16",
        "include_startup": true,
        "runs": [
            0.0043070316314697266,
            0.0015070438385009766,
            0.001474142074584961,
            0.0014951229095458984,
            0.0014739036560058594,
            0.0015239715576171875,
            0.0014979839324951172,
            0.001260995864868164,
            0.0008859634399414062,
            0.0009369850158691406
        ],
        "average": 0.0016363143920898437,
        "min": 0.0008859634399414062,
        "max": 0.0043070316314697266
    },
    "pin16": {
        "class": "PIn16",
        "include_startup": false,
        "runs": [
            0.0016460418701171875,
            0.0008339881896972656,
            0.00084686279296875,
            0.0008242130279541016,
            0.0008070468902587891,
            0.0008289813995361328,
            0.0008170604705810547,
            0.0008399486541748047,
            0.0008199214935302734,
            0.0008339881896972656
        ],
        "average": 0.0009098052978515625,
        "min": 0.0008070468902587891,
        "max": 0.0016460418701171875
    },
    "pin16_startup": {
        "class": "PIn16",
        "include_startup": true,
        "runs": [
            0.0029981136322021484,
            0.0009248256683349609,
            0.0009338855743408203,
            0.0008978843688964844,
            0.0009021759033203125,
            0.0009050369262695312,
            0.0008959770202636719,
            0.0008959770202636719,
            0.0008928775787353516,
            0.0008981227874755859
        ],
        "average": 0.001114487648010254,
        "min": 0.0008928775787353516,
        "max": 0.0029981136322021484
    },
    "z26": {
        "class": "Z26",
        "include_startup": false,
        "runs": [
            0.0015180110931396484,
            0.0007979869842529297,
            0.0007998943328857422,
            0.0007920265197753906,
            0.0007939338684082031,
            0.0007960796356201172,
            0.0007901191711425781,
            0.0007750988006591797,
            0.0007932186126708984,
            0.0007951259613037109
        ],
        "average": 0.0008651494979858398,
        "min": 0.0007750988006591797,
        "max": 0.0015180110931396484
    },
    "z26_startup": {
        "class": "Z26",
        "include_startup": true,
        "runs": [
            0.002704143524169922,
            0.0008130073547363281,
            0.0007989406585693359,
            0.0007829666137695312,
            0.0007920265197753906,
            0.0007910728454589844,
            0.0007798671722412109,
            0.0007760524749755859,
            0.0007851123809814453,
            0.0007810592651367188
        ],
        "average": 0.0009804248809814453,
        "min": 0.0007760524749755859,
        "max": 0.002704143524169922
    },
    "zin26": {
        "class": "ZIn26",
        "include_startup": false,
        "runs": [
            0.0016169548034667969,
            0.0008149147033691406,
            0.0008189678192138672,
            0.0007960796356201172,
            0.0008029937744140625,
            0.0008101463317871094,
            0.0008180141448974609,
            0.0008120536804199219,
            0.0008020401000976562,
            0.0008120536804199219
        ],
        "average": 0.0008904218673706054,
        "min": 0.0007960796356201172,
        "max": 0.0016169548034667969
    },
    "zin26_startup": {
        "class": "ZIn26",
        "include_startup": true,
        "runs": [
            0.002986907958984375,
            0.0009360313415527344,
            0.0009341239929199219,
            0.0009219646453857422,
            0.0009400844573974609,
            0.0009329319000244141,
            0.0009310245513916016,
            0.0009257793426513672,
            0.0009179115295410156,
            0.000926971435546875
        ],
        "average": 0.0011353731155395509,
        "min": 0.0009179115295410156,
        "max": 0.002986907958984375
    }
}