{
    "f06": {
        "class": "F06",
        "include_startup": false,
        "runs": [
            0.001157999038696289,
            0.0006470680236816406,
            0.0006229877471923828,
            0.0006320476531982422,
            0.0006270408630371094,
            0.0006239414215087891,
            0.0006220340728759766,
            0.0006279945373535156,
            0.0006160736083984375,
            0.0006139278411865234
        ],
        "average": 0.0006791114807128906,
        "min": 0.0006139278411865234,
        "max": 0.001157999038696289
    },
    "f06_startup": {
        "class": "F06",
        "include_startup": true,
        "runs": [
            0.0030791759490966797,
            0.0008180141448974609,
            0.0008511543273925781,
            0.0008590221405029297,
            0.0008490085601806641,
            0.000843048095703125,
            0.0008330345153808594,
            0.0008370876312255859,
            0.0007729530334472656,
            0.0008180141448974609
        ],
        "average": 0.0010560512542724609,
        "min": 0.0007729530334472656,
        "max": 0.0030791759490966797
    },
    "fin06": {
        "class": "FIn06",
        "include_startup": false,
        "runs": [
            0.0016210079193115234,
            0.0007710456848144531,
            0.0008289813995361328,
            0.0008351802825927734,
            0.0007989406585693359,
            0.0008249282836914062,
            0.0008299350738525391,
            0.0008170604705810547,
            0.0008139610290527344,
            0.0007960796356201172
        ],
        "average": 0.000893712043762207,
        "min": 0.0007710456848144531,
        "max": 0.0016210079193115234
    },
    "fin06_startup": {
        "class": "FIn06",
        "include_startup": true,
        "runs": [
            0.0029070377349853516,
            0.0009050369262695312,
            0.0008690357208251953,
            0.0008771419525146484,
            0.0008871555328369141,
            0.0009181499481201172,
            0.0008828639984130859,
            0.0008771419525146484,
            0.000885009765625,
            0.0009090900421142578
        ],
        "average": 0.001091766357421875,
        "min": 0.0008690357208251953,
        "max": 0.0029070377349853516
    },
    "p16": {
        "class": "P16",
        "include_startup": false,
        "runs": [
            0.0015358924865722656,
            0.000804901123046875,
            0.0007951259613037109,
            0.0007789134979248047,
            0.0007760524749755859,
            0.0007779598236083984,
            0.00080108642578125,
            0.0007998943328857422,
            0.0007979869842529297,
            0.0007619857788085938
        ],
        "average": 0.0008629798889160156,
        "min": 0.0007619857788085938,
        "max": 0.0015358924865722656
    },
    "p16_startup": {
        "class": "P16",
        "include_startup": true,
        "runs": [
            0.0021851062774658203,
            0.0007059574127197266,
            0.000698089599609375,
            0.0006620883941650391,
            0.0006659030914306641,
            0.0006749629974365234,
            0.0006530284881591797,
            0.000659942626953125,
            0.0006768703460693359,
            0.0006558895111083984
        ],
        "average": 0.0008237838745117187,
        "min": 0.0006530284881591797,
        "max": 0.0021851062774658203
    },
    "pin16": {
        "class": "PIn16",
        "include_startup": false,
        "runs": [
            0.0015110969543457031,
            0.0007889270782470703,
            0.0007829666137695312,
            0.0007719993591308594,
            0.0007870197296142578,
            0.0007879734039306641,
            0.0007748603820800781,
            0.0007729530334472656,
            0.0007848739624023438,
            0.0007779598236083984
        ],
        "average": 0.0008540630340576171,
        "min": 0.0007719993591308594,
        "max": 0.0015110969543457031
    },
    "pin16_startup": {
        "class": "PIn16",
        "include_startup": true,
        "runs": [
            0.0022869110107421875,
            0.0007638931274414062,
            0.0007100105285644531,
            0.0007100105285644531,
            0.0007159709930419922,
            0.0007028579711914062,
            0.0006988048553466797,
            0.0007081031799316406,
            0.0007028579711914062,
            0.0006928443908691406
        ],
        "average": 0.0008692264556884766,
        "min": 0.0006928443908691406,
        "max": 0.0022869110107421875
    },
    "z26": {
        "class": "Z26",
        "include_startup": false,
        "runs": [
            0.001692056655883789,
            0.0008370876312255859,
            0.0007879734039306641,
            0.0007789134979248047,
            0.0007750988006591797,
            0.0008089542388916016,
            0.0008139610290527344,
            0.000762939453125,
            0.0007860660552978516,
            0.0008060932159423828
        ],
        "average": 0.0008849143981933594,
        "min": 0.000762939453125,
        "max": 0.001692056655883789
    },
    "z26_startup": {
        "class": "Z26",
        "include_startup": true,
        "runs": [
            0.003139019012451172,
            0.0010249614715576172,
            0.0009129047393798828,
            0.0009100437164306641,
            0.0008997917175292969,
            0.0008869171142578125,
            0.0009160041809082031,
            0.0009050369262695312,
            0.0009200572967529297,
            0.0008890628814697266
        ],
        "average": 0.0011403799057006837,
        "min": 0.0008869171142578125,
        "max": 0.003139019012451172
    },
    "zin26": {
        "class": "ZIn26",
        "include_startup": false,
        "runs": [
            0.0016701221466064453,
            0.0009710788726806641,
            0.0009920597076416016,
            0.0010089874267578125,
            0.0009999275207519531,
            0.000985860824584961,
            0.0010180473327636719,
            0.0010640621185302734,
            0.0010330677032470703,
            0.0010199546813964844
        ],
        "average": 0.0010763168334960937,
        "min": 0.0009710788726806641,
        "max": 0.0016701221466064453
    },
    "zin26_startup": {
        "class": "ZIn26",
        "include_startup": true,
        "runs": [
            0.003036975860595703,
            0.0010209083557128906,
            0.0010170936584472656,
            0.0009810924530029297,
            0.000988006591796875,
            0.0009989738464355469,
            0.0010318756103515625,
            0.0010340213775634766,
            0.0009961128234863281,
            0.0010128021240234375
        ],
        "average": 0.0012117862701416016,
        "min": 0.0009810924530029297,
        "max": 0.003036975860595703
    }
}