{
    "f06": {
        "class": "F06",
        "include_startup": false,
        "runs": [
            0.0014920234680175781,
            0.00084686279296875,
            0.0008428096771240234,
            0.0008189678192138672,
            0.0008039474487304688,
            0.0008261203765869141,
            0.0007808208465576172,
            0.0008039474487304688,
            0.0007860660552978516,
            0.0008189678192138672
        ],
        "average": 0.0008820533752441406,
        "min": 0.0007808208465576172,
        "max": 0.0014920234680175781
    },
    "f06_startup": {
        "class": "F06",
        "include_startup": true,
        "runs": [
            0.0043790340423583984,
            0.0012400150299072266,
            0.0012629032135009766,
            0.0012180805206298828,
            0.0012171268463134766,
            0.0012040138244628906,
            0.001219034194946289,
            0.0012450218200683594,
            0.0012159347534179688,
            0.0012218952178955078
        ],
        "average": 0.0015423059463500976,
        "min": 0.0012040138244628906,
        "max": 0.0043790340423583984
    },
    "fin06": {
        "class": "FIn06",
        "include_startup": false,
        "runs": [
            0.0014178752899169922,
            0.0007798671722412109,
            0.0007638931274414062,
            0.0007600784301757812,
            0.0007398128509521484,
            0.0007569789886474609,
            0.0007488727569580078,
            0.0007569789886474609,
            0.00074005126953125,
            0.0007660388946533203
        ],
        "average": 0.0008230447769165039,
        "min": 0.0007398128509521484,
        "max": 0.0014178752899169922
    },
    "fin06_startup": {
        "class": "FIn06",
        "include_startup": true,
        "runs": [
            0.0028879642486572266,
            0.0008909702301025391,
            0.0008511543273925781,
            0.0008540153503417969,
            0.0008749961853027344,
            0.0008699893951416016,
            0.0008490085601806641,
            0.0008668899536132812,
            0.0008580684661865234,
            0.0008859634399414062
        ],
        "average": 0.0010689020156860352,
        "min": 0.0008490085601806641,
        "max": 0.0028879642486572266
    },
    "p16": {
        "class": "P16",
        "include_startup": false,
        "runs": [
            0.0014700889587402344,
            0.0008709430694580078,
            0.0008189678192138672,
            0.0007889270782470703,
            0.0007750988006591797,
            0.0007767677307128906,
            0.0007879734039306641,
            0.0007700920104980469,
            0.0010819435119628906,
            0.0009660720825195312
        ],
        "average": 0.0009106874465942382,
        "min": 0.0007700920104980469,
        "max": 0.0014700889587402344
    },
    "p16_startup": {
        "class": "P16",
        "include_startup": true,
        "runs": [
            0.0046041011810302734,
            0.0012640953063964844,
            0.0012621879577636719,
            0.0012888908386230469,
            0.0012581348419189453,
            0.00127410888671875,
            0.001280069351196289,
            0.0012590885162353516,
            0.0012760162353515625,
            0.0012559890747070312
        ],
        "average": 0.0016022682189941405,
        "min": 0.0012559890747070312,
        "max": 0.0046041011810302734
    },
    "pin16": {
        "class": "PIn16",
        "include_startup": false,
        "runs": [
            0.0011928081512451172,
            0.0005960464477539062,
            0.0005929470062255859,
            0.0005991458892822266,
            0.0005888938903808594,
            0.0006048679351806641,
            0.0006031990051269531,
            0.0006008148193359375,
            0.0006167888641357422,
            0.0005900859832763672
        ],
        "average": 0.0006585597991943359,
        "min": 0.0005888938903808594,
        "max": 0.0011928081512451172
    },
    "pin16_startup": {
        "class": "PIn16",
        "include_startup": true,
        "runs": [
            0.0030219554901123047,
            0.0009219646453857422,
            0.0009250640869140625,
            0.0009059906005859375,
            0.0009410381317138672,
            0.0009150505065917969,
            0.0008711814880371094,
            0.0008502006530761719,
            0.0008840560913085938,
            0.0009129047393798828
        ],
        "average": 0.0011149406433105468,
        "min": 0.0008502006530761719,
        "max": 0.0030219554901123047
    },
    "z26": {
        "class": "Z26",
        "include_startup": false,
        "runs": [
            0.0015971660614013672,
            0.0008261203765869141,
            0.0008120536804199219,
            0.0008180141448974609,
            0.0008218288421630859,
            0.0008127689361572266,
            0.0008108615875244141,
            0.000823974609375,
            0.0008368492126464844,
            0.0008161067962646484
        ],
        "average": 0.0008975744247436523,
        "min": 0.0008108615875244141,
        "max": 0.0015971660614013672
    },
    "z26_startup": {
        "class": "Z26",
        "include_startup": true,
        "runs": [
            0.003571033477783203,
            0.0013279914855957031,
            0.0012590885162353516,
            0.0011169910430908203,
            0.0009760856628417969,
            0.000946044921875,
            0.0009160041809082031,
            0.0009551048278808594,
            0.0009450912475585938,
            0.0009219646453857422
        ],
        "average": 0.0012935400009155273,
        "min": 0.0009160041809082031,
        "max": 0.003571033477783203
    },
    "zin26": {
        "class": "ZIn26",
        "include_startup": false,
        "runs": [
            0.0022830963134765625,
            0.0009670257568359375,
            0.0009839534759521484,
            0.0009629726409912109,
            0.0009679794311523438,
            0.000982046127319336,
            0.0009660720825195312,
            0.0009608268737792969,
            0.0009670257568359375,
            0.0009760856628417969
        ],
        "average": 0.00110170841217041,
        "min": 0.0009608268737792969,
        "max": 0.0022830963134765625
    },
    "zin26_startup": {
        "class": "ZIn26",
        "include_startup": true,
        "runs": [
            0.003125905990600586,
            0.0009980201721191406,
            0.0010161399841308594,
            0.0009701251983642578,
            0.0009419918060302734,
            0.0009720325469970703,
            0.0009889602661132812,
            0.0009629726409912109,
            0.0009808540344238281,
            0.0009989738464355469
        ],
        "average": 0.0011955976486206054,
        "min": 0.0009419918060302734,
        "max": 0.003125905990600586
    }
}