{
    "f06": {
        "class": "F06",
        "include_startup": false,
        "runs": [
            0.0017979145050048828,
            0.0015921592712402344,
            0.0016050338745117188,
            0.0016279220581054688,
            0.0016169548034667969,
            0.0017309188842773438,
            0.0016560554504394531,
            0.0016219615936279297,
            0.001631021499633789,
            0.0015981197357177734
        ],
        "average": 0.001647806167602539,
        "min": 0.0015921592712402344,
        "max": 0.0017979145050048828
    },
    "f06_startup": {
        "class": "F06",
        "include_startup": true,
        "runs": [
            0.003206968307495117,
            0.001859903335571289,
            0.0017359256744384766,
            0.0017380714416503906,
            0.0017251968383789062,
            0.0031960010528564453,
            0.0017659664154052734,
            0.001775979995727539,
            0.0017440319061279297,
            0.0017600059509277344
        ],
        "average": 0.0020508050918579103,
        "min": 0.0017251968383789062,
        "max": 0.003206968307495117
    },
    "fin06": {
        "class": "FIn06",
        "include_startup": false,
        "runs": [
            0.0017619132995605469,
            0.0016160011291503906,
            0.0015921592712402344,
            0.0016360282897949219,
            0.0016350746154785156,
            0.0015039443969726562,
            0.00138092041015625,
            0.0014221668243408203,
            0.0013840198516845703,
            0.0013890266418457031
        ],
        "average": 0.001532125473022461,
        "min": 0.00138092041015625,
        "max": 0.0017619132995605469
    },
    "fin06_startup": {
        "class": "FIn06",
        "include_startup": true,
        "runs": [
            0.003072023391723633,
            0.0016911029815673828,
            0.001689910888671875,
            0.0016429424285888672,
            0.0017168521881103516,
            0.003180980682373047,
            0.0017638206481933594,
            0.0017538070678710938,
            0.0017249584197998047,
            0.0017669200897216797
        ],
        "average": 0.0020003318786621094,
        "min": 0.0016429424285888672,
        "max": 0.003180980682373047
    },
    "p16": {
        "class": "P16",
        "include_startup": false,
        "runs": [
            0.005384922027587891,
            0.005291938781738281,
            0.00529789924621582,
            0.005393028259277344,
            0.005288124084472656,
            0.005321025848388672,
            0.005318880081176758,
            0.005290985107421875,
            0.004678964614868164,
            0.0053250789642333984
        ],
        "average": 0.005259084701538086,
        "min": 0.004678964614868164,
        "max": 0.005393028259277344
    },
    "p16_startup": {
        "class": "P16",
        "include_startup": true,
        "runs": [
            0.006691932678222656,
            0.0070171356201171875,
            0.012607812881469727,
            0.00671696662902832,
            0.006762981414794922,
            0.00718998908996582,
            0.00678706169128418,
            0.006729841232299805,
            0.005654811859130859,
            0.006676912307739258
        ],
        "average": 0.007283544540405274,
        "min": 0.005654811859130859,
        "max": 0.012607812881469727
    },
    "pin16": {
        "class": "PIn16",
        "include_startup": false,
        "runs": [
            0.0017681121826171875,
            0.0018570423126220703,
            0.0018401145935058594,
            0.0018482208251953125,
            0.0017850399017333984,
            0.0018579959869384766,
            0.0021550655364990234,
            0.001870870590209961,
            0.0019218921661376953,
            0.0015921592712402344
        ],
        "average": 0.0018496513366699219,
        "min": 0.0015921592712402344,
        "max": 0.0021550655364990234
    },
    "pin16_startup": {
        "class": "PIn16",
        "include_startup": true,
        "runs": [
            0.003376007080078125,
            0.00347900390625,
            0.0032529830932617188,
            0.0025780200958251953,
            0.0032279491424560547,
            0.0032088756561279297,
            0.0031778812408447266,
            0.0031669139862060547,
            0.0032749176025390625,
            0.0031349658966064453
        ],
        "average": 0.003187751770019531,
        "min": 0.0025780200958251953,
        "max": 0.00347900390625
    }
}