{
    "f06": {
        "class": "F06",
        "include_startup": false,
        "runs": [
            0.40094709396362305,
            0.40735602378845215,
            0.4096219539642334,
            0.4070930480957031,
            0.40843701362609863,
            0.3824141025543213,
            0.4017519950866699,
            0.4023439884185791,
            0.41350603103637695,
            0.41295289993286133
        ],
        "average": 0.4046424150466919,
        "min": 0.3824141025543213,
        "max": 0.41350603103637695
    },
    "f06_startup": {
        "class": "F06",
        "include_startup": true,
        "runs": [
            0.40854787826538086,
            0.4094350337982178,
            0.40602993965148926,
            0.4050278663635254,
            0.40626001358032227,
            0.4033620357513428,
            0.4077579975128174,
            0.4081149101257324,
            0.4152541160583496,
            0.39910292625427246
        ],
        "average": 0.40688927173614503,
        "min": 0.39910292625427246,
        "max": 0.4152541160583496
    }
}