{
    "f06": {
        "class": "F06",
        "include_startup": false,
        "runs": [
            0.07731103897094727,
            0.07283592224121094,
            0.07589387893676758,
            0.07316088676452637,
            0.1210169792175293,
            0.07246088981628418,
            0.07257699966430664,
            0.07241606712341309,
            0.07259106636047363,
            0.07262396812438965
        ],
        "average": 0.07828876972198487,
        "min": 0.07241606712341309,
        "max": 0.1210169792175293
    },
    "f06_startup": {
        "class": "F06",
        "include_startup": true,
        "runs": [
            0.07313394546508789,
            0.07181191444396973,
            0.07389497756958008,
            0.07260489463806152,
            0.07214689254760742,
            0.0729060173034668,
            0.0724799633026123,
            0.07375597953796387,
            0.0735468864440918,
            0.07430887222290039
        ],
        "average": 0.07305903434753418,
        "min": 0.07181191444396973,
        "max": 0.07430887222290039
    },
    "p16": {
        "class": "P16",
        "include_startup": false,
        "runs": [
            10.374649047851562,
            9.957120180130005,
            10.24936294555664,
            10.30370306968689,
            10.417474031448364,
            10.339868068695068,
            10.14351201057434,
            10.23110294342041,
            10.349197149276733,
            10.16225290298462
        ],
        "average": 10.252824234962464,
        "min": 9.957120180130005,
        "max": 10.417474031448364
    },
    "p16_startup": {
        "class": "P16",
        "include_startup": true,
        "runs": [
            10.28302788734436,
            10.236701965332031,
            10.238116979598999,
            10.17128586769104,
            10.132398128509521,
            10.147817850112915,
            10.403022050857544,
            10.188324928283691,
            8.923465013504028,
            10.112924098968506
        ],
        "average": 10.083708477020263,
        "min": 8.923465013504028,
        "max": 10.403022050857544
    }
}