{
    "f06": {
        "class": "F06",
        "include_startup": false,
        "runs": [
            0.0014309883117675781,
            0.0013339519500732422,
            0.0013260841369628906,
            0.0013499259948730469,
            0.0013430118560791016,
            0.0007119178771972656,
            0.0006930828094482422,
            0.0006859302520751953,
            0.0006639957427978516,
            0.0006811618804931641
        ],
        "average": 0.001022005081176758,
        "min": 0.0006639957427978516,
        "max": 0.0014309883117675781
    },
    "f06_startup": {
        "class": "F06",
        "include_startup": true,
        "runs": [
            0.002234220504760742,
            0.0018341541290283203,
            0.001844167709350586,
            0.0018491744995117188,
            0.0018529891967773438,
            0.002151966094970703,
            0.0017900466918945312,
            0.0017800331115722656,
            0.0018260478973388672,
            0.0017769336700439453
        ],
        "average": 0.0018939733505249023,
        "min": 0.0017769336700439453,
        "max": 0.002234220504760742
    },
    "fin06": {
        "class": "FIn06",
        "include_startup": false,
        "runs": [
            0.0008208751678466797,
            0.0008480548858642578,
            0.000843048095703125,
            0.0008618831634521484,
            0.0008251667022705078,
            0.0008409023284912109,
            0.0008199214935302734,
            0.0008230209350585938,
            0.0008308887481689453,
            0.0008230209350585938
        ],
        "average": 0.0008336782455444336,
        "min": 0.0008199214935302734,
        "max": 0.0008618831634521484
    },
    "fin06_startup": {
        "class": "FIn06",
        "include_startup": true,
        "runs": [
            0.0022249221801757812,
            0.0017278194427490234,
            0.0017452239990234375,
            0.0017418861389160156,
            0.0017349720001220703,
            0.0018000602722167969,
            0.001489877700805664,
            0.0014579296112060547,
            0.0014481544494628906,
            0.0014510154724121094
        ],
        "average": 0.0016821861267089845,
        "min": 0.0014481544494628906,
        "max": 0.0022249221801757812
    },
    "p16": {
        "class": "P16",
        "include_startup": false,
        "runs": [
            0.000762939453125,
            0.0008790493011474609,
            0.0007500648498535156,
            0.0008800029754638672,
            0.0008580684661865234,
            0.0007619857788085938,
            0.0008869171142578125,
            0.0008919239044189453,
            0.0008740425109863281,
            0.0008571147918701172
        ],
        "average": 0.0008402109146118164,
        "min": 0.0007500648498535156,
        "max": 0.0008919239044189453
    },
    "p16_startup": {
        "class": "P16",
        "include_startup": true,
        "runs": [
            0.002249002456665039,
            0.0022339820861816406,
            0.002235889434814453,
            0.002212047576904297,
            0.0022039413452148438,
            0.0021779537200927734,
            0.0022690296173095703,
            0.0018842220306396484,
            0.002225160598754883,
            0.0022079944610595703
        ],
        "average": 0.002189922332763672,
        "min": 0.0018842220306396484,
        "max": 0.0022690296173095703
    },
    "pin16": {
        "class": "PIn16",
        "include_startup": false,
        "runs": [
            0.0009829998016357422,
            0.0008649826049804688,
            0.0014851093292236328,
            0.0014529228210449219,
            0.0008640289306640625,
            0.0008628368377685547,
            0.0008599758148193359,
            0.0007331371307373047,
            0.0008749961853027344,
            0.0014660358428955078
        ],
        "average": 0.0010447025299072266,
        "min": 0.0007331371307373047,
        "max": 0.0014851093292236328
    },
    "pin16_startup": {
        "class": "PIn16",
        "include_startup": true,
        "runs": [
            0.002237081527709961,
            0.0021970272064208984,
            0.002207040786743164,
            0.0021982192993164062,
            0.002232074737548828,
            0.0022830963134765625,
            0.002235889434814453,
            0.0022339820861816406,
            0.0022389888763427734,
            0.0021440982818603516
        ],
        "average": 0.002220749855041504,
        "min": 0.0021440982818603516,
        "max": 0.0022830963134765625
    }
}