{
    "f06": {
        "class": "F06",
        "include_startup": false,
        "runs": [
            0.0008530616760253906,
            0.000762939453125,
            0.0007688999176025391,
            0.000782012939453125,
            0.0007469654083251953,
            0.0007851123809814453,
            0.0007610321044921875,
            0.0007679462432861328,
            0.0007879734039306641,
            0.0007829666137695312
        ],
        "average": 0.0007798910140991211,
        "min": 0.0007469654083251953,
        "max": 0.0008530616760253906
    },
    "f06_startup": {
        "class": "F06",
        "include_startup": true,
        "runs": [
            0.0019440650939941406,
            0.0008459091186523438,
            0.0008280277252197266,
            0.0008130073547363281,
            0.0007898807525634766,
            0.0007998943328857422,
            0.0008029937744140625,
            0.0007920265197753906,
            0.0008058547973632812,
            0.0007879734039306641
        ],
        "average": 0.0009209632873535157,
        "min": 0.0007879734039306641,
        "max": 0.0019440650939941406
    },
    "p16": {
        "class": "P16",
        "include_startup": false,
        "runs": [
            0.001455068588256836,
            0.0011780261993408203,
            0.0011889934539794922,
            0.0011959075927734375,
            0.0011930465698242188,
            0.001251220703125,
            0.0011949539184570312,
            0.0011970996856689453,
            0.0012121200561523438,
            0.0012199878692626953
        ],
        "average": 0.001228642463684082,
        "min": 0.0011780261993408203,
        "max": 0.001455068588256836
    },
    "p16_startup": {
        "class": "P16",
        "include_startup": true,
        "runs": [
            0.002007007598876953,
            0.0008730888366699219,
            0.0008709430694580078,
            0.0008897781372070312,
            0.0008759498596191406,
            0.0008821487426757812,
            0.0009009838104248047,
            0.0008950233459472656,
            0.0009000301361083984,
            0.0008981227874755859
        ],
        "average": 0.000999307632446289,
        "min": 0.0008709430694580078,
        "max": 0.002007007598876953
    },
    "z26": {
        "class": "Z26",
        "include_startup": false,
        "runs": [
            0.0013718605041503906,
            0.0008759498596191406,
            0.0007960796356201172,
            0.0007789134979248047,
            0.0007860660552978516,
            0.0007729530334472656,
            0.0007779598236083984,
            0.0007889270782470703,
            0.0007779598236083984,
            0.0007851123809814453
        ],
        "average": 0.0008511781692504883,
        "min": 0.0007729530334472656,
        "max": 0.0013718605041503906
    },
    "z26_startup": {
        "class": "Z26",
        "include_startup": true,
        "runs": [
            0.0017268657684326172,
            0.0007848739624023438,
            0.0007910728454589844,
            0.0008158683776855469,
            0.0007910728454589844,
            0.000820159912109375,
            0.0008029937744140625,
            0.0007929801940917969,
            0.0007920265197753906,
            0.0007700920104980469
        ],
        "average": 0.0008888006210327149,
        "min": 0.0007700920104980469,
        "max": 0.0017268657684326172
    }
}