{
    "f06": {
        "class": "F06",
        "include_startup": false,
        "runs": [
            0.6323888301849365,
            0.6306748390197754,
            0.6299140453338623,
            0.6276750564575195,
            0.6275589466094971,
            0.6734681129455566,
            0.6314830780029297,
            0.6298270225524902,
            0.6315710544586182,
            0.6316311359405518
        ],
        "average": 0.6346192121505737,
        "min": 0.6275589466094971,
        "max": 0.6734681129455566
    },
    "f06_startup": {
        "class": "F06",
        "include_startup": true,
        "runs": [
            0.6243820190429688,
            0.6229269504547119,
            0.6287739276885986,
            0.6235198974609375,
            0.6280059814453125,
            0.6328239440917969,
            0.6326510906219482,
            0.6349890232086182,
            0.6342141628265381,
            0.6338391304016113
        ],
        "average": 0.6296126127243042,
        "min": 0.6229269504547119,
        "max": 0.6349890232086182
    },
    "p16": {
        "class": "P16",
        "include_startup": false,
        "runs": [
            87.24615597724915,
            88.35864806175232,
            88.55593204498291,
            89.83943700790405,
            89.7825927734375,
            88.53218913078308,
            74.66087079048157,
            88.82380795478821,
            89.62569093704224,
            89.32132005691528
        ],
        "average": 87.47466447353364,
        "min": 74.66087079048157,
        "max": 89.83943700790405
    },
    "p16_startup": {
        "class": "P16",
        "include_startup": true,
        "runs": [
            88.9941258430481,
            90.87927603721619,
            89.33693480491638,
            89.32929182052612,
            88.69007015228271,
            89.34592509269714,
            89.31332778930664,
            90.0201997756958,
            88.92513513565063,
            88.58452606201172
        ],
        "average": 89.34188125133514,
        "min": 88.58452606201172,
        "max": 90.87927603721619
    }
}