{
    "f06": {
        "class": "F06",
        "include_startup": false,
        "runs": [
            0.003551006317138672,
            0.003283977508544922,
            0.0032269954681396484,
            0.003256082534790039,
            0.0032410621643066406,
            0.002946138381958008,
            0.0027620792388916016,
            0.0027778148651123047,
            0.0027549266815185547,
            0.0027501583099365234
        ],
        "average": 0.0030550241470336916,
        "min": 0.0027501583099365234,
        "max": 0.003551006317138672
    },
    "f06_startup": {
        "class": "F06",
        "include_startup": true,
        "runs": [
            0.004707813262939453,
            0.003423929214477539,
            0.003445148468017578,
            0.0034630298614501953,
            0.003409862518310547,
            0.00397491455078125,
            0.002847909927368164,
            0.0028510093688964844,
            0.002802133560180664,
            0.0028188228607177734
        ],
        "average": 0.003374457359313965,
        "min": 0.002802133560180664,
        "max": 0.004707813262939453
    },
    "p16": {
        "class": "P16",
        "include_startup": false,
        "runs": [
            0.0037589073181152344,
            0.0037059783935546875,
            0.002995014190673828,
            0.003696918487548828,
            0.0029671192169189453,
            0.0036787986755371094,
            0.0036258697509765625,
            0.0036668777465820312,
            0.00675201416015625,
            0.003651142120361328
        ],
        "average": 0.0038498640060424805,
        "min": 0.0029671192169189453,
        "max": 0.00675201416015625
    },
    "p16_startup": {
        "class": "P16",
        "include_startup": true,
        "runs": [
            0.004806995391845703,
            0.004891157150268555,
            0.004721164703369141,
            0.004783153533935547,
            0.0046880245208740234,
            0.008416175842285156,
            0.0047109127044677734,
            0.005071163177490234,
            0.004869937896728516,
            0.004865884780883789
        ],
        "average": 0.005182456970214844,
        "min": 0.0046880245208740234,
        "max": 0.008416175842285156
    }
}