{
    "f06": {
        "class": "F06",
        "include_startup": false,
        "runs": [
            0.42800402641296387,
            0.40607309341430664,
            0.39926695823669434,
            0.4027888774871826,
            0.4043090343475342,
            0.40460801124572754,
            0.40244293212890625,
            0.4116709232330322,
            0.4176158905029297,
            0.40066099166870117
        ],
        "average": 0.4077440738677979,
        "min": 0.39926695823669434,
        "max": 0.42800402641296387
    },
    "f06_startup": {
        "class": "F06",
        "include_startup": true,
        "runs": [
            0.349869966506958,
            0.4070320129394531,
            0.3546409606933594,
            0.42302799224853516,
            0.4303560256958008,
            0.4075429439544678,
            0.4068892002105713,
            0.4341318607330322,
            0.406613826751709,
            0.41112184524536133
        ],
        "average": 0.4031226634979248,
        "min": 0.349869966506958,
        "max": 0.4341318607330322
    },
    "fin06": {
        "class": "FIn06",
        "include_startup": false,
        "runs": [
            0.3865330219268799,
            0.3746001720428467,
            0.38073205947875977,
            0.3798859119415283,
            0.3390228748321533,
            0.38013696670532227,
            0.37678098678588867,
            0.37613606452941895,
            0.37533998489379883,
            0.32883596420288086
        ],
        "average": 0.36980040073394777,
        "min": 0.32883596420288086,
        "max": 0.3865330219268799
    },
    "fin06_startup": {
        "class": "FIn06",
        "include_startup": true,
        "runs": [
            0.38163113594055176,
            0.40656495094299316,
            0.3811070919036865,
            0.38008594512939453,
            0.40036916732788086,
            0.32628297805786133,
            0.37862300872802734,
            0.382889986038208,
            0.3787961006164551,
            0.37754201889038086
        ],
        "average": 0.37938923835754396,
        "min": 0.32628297805786133,
        "max": 0.40656495094299316
    }
}