{
    "f06": {
        "class": "F06",
        "include_startup": false,
        "runs": [
            0.9133157730102539,
            0.8799030780792236,
            0.8841390609741211,
            0.869239091873169,
            0.8716349601745605,
            0.8725941181182861,
            0.7113320827484131,
            0.8863019943237305,
            0.7201530933380127,
            0.8854930400848389
        ],
        "average": 0.8494106292724609,
        "min": 0.7113320827484131,
        "max": 0.9133157730102539
    },
    "f06_startup": {
        "class": "F06",
        "include_startup": true,
        "runs": [
            0.8769910335540771,
            0.8890318870544434,
            0.8685219287872314,
            0.875622034072876,
            0.9084980487823486,
            0.8805642127990723,
            0.7090418338775635,
            0.8799099922180176,
            0.8720979690551758,
            0.8795688152313232
        ],
        "average": 0.8639847755432128,
        "min": 0.7090418338775635,
        "max": 0.9084980487823486
    },
    "fin06": {
        "class": "FIn06",
        "include_startup": false,
        "runs": [
            4.192354917526245,
            4.250084161758423,
            4.24359393119812,
            4.1951398849487305,
            4.532450914382935,
            4.310863971710205,
            4.334396839141846,
            4.233494997024536,
            3.393420934677124,
            4.190036058425903
        ],
        "average": 4.187583661079406,
        "min": 3.393420934677124,
        "max": 4.532450914382935
    },
    "fin06_startup": {
        "class": "FIn06",
        "include_startup": true,
        "runs": [
            4.1942548751831055,
            4.284076929092407,
            4.337070941925049,
            4.218549966812134,
            4.2211761474609375,
            4.393967866897583,
            4.223243951797485,
            4.188120126724243,
            4.148680925369263,
            4.250459909439087
        ],
        "average": 4.245960164070129,
        "min": 4.148680925369263,
        "max": 4.393967866897583
    }
}