{
    "f06": {
        "class": "F06",
        "include_startup": false,
        "runs": [
            0.6654510498046875,
            0.6633450984954834,
            0.6704049110412598,
            0.6789669990539551,
            0.6737580299377441,
            0.6688168048858643,
            0.671191930770874,
            0.6598308086395264,
            0.6837539672851562,
            0.5655078887939453
        ],
        "average": 0.6601027488708496,
        "min": 0.5655078887939453,
        "max": 0.6837539672851562
    },
    "f06_startup": {
        "class": "F06",
        "include_startup": true,
        "runs": [
            0.6915202140808105,
            0.6631760597229004,
            0.6624329090118408,
            0.6631319522857666,
            0.6637718677520752,
            0.6676809787750244,
            0.6792449951171875,
            0.6815061569213867,
            0.6703360080718994,
            0.6685488224029541
        ],
        "average": 0.6711349964141846,
        "min": 0.6624329090118408,
        "max": 0.6915202140808105
    }
}