{
    "f06": {
        "class": "F06",
        "include_startup": false,
        "runs": [
            0.003314971923828125,
            0.002964019775390625,
            0.002953052520751953,
            0.0029540061950683594,
            0.0029540061950683594,
            0.002958059310913086,
            0.002953052520751953,
            0.002956867218017578,
            0.002955913543701172,
            0.0029511451721191406
        ],
        "average": 0.002991509437561035,
        "min": 0.0029511451721191406,
        "max": 0.003314971923828125
    },
    "f06_startup": {
        "class": "F06",
        "include_startup": true,
        "runs": [
            0.0033669471740722656,
            0.0030159950256347656,
            0.0029981136322021484,
            0.0030128955841064453,
            0.0029888153076171875,
            0.0029790401458740234,
            0.0030660629272460938,
            0.00302886962890625,
            0.0029990673065185547,
            0.0030829906463623047
        ],
        "average": 0.003053879737854004,
        "min": 0.0029790401458740234,
        "max": 0.0033669471740722656
    },
    "fin06": {
        "class": "FIn06",
        "include_startup": false,
        "runs": [
            0.004223823547363281,
            0.0038700103759765625,
            0.003787994384765625,
            0.003832101821899414,
            0.0038270950317382812,
            0.0038290023803710938,
            0.0038299560546875,
            0.0038361549377441406,
            0.003762960433959961,
            0.003776073455810547
        ],
        "average": 0.0038575172424316407,
        "min": 0.003762960433959961,
        "max": 0.004223823547363281
    },
    "fin06_startup": {
        "class": "FIn06",
        "include_startup": true,
        "runs": [
            0.004266977310180664,
            0.003832101821899414,
            0.003818988800048828,
            0.003837108612060547,
            0.003834962844848633,
            0.0038139820098876953,
            0.0038640499114990234,
            0.0038301944732666016,
            0.0038299560546875,
            0.003859996795654297
        ],
        "average": 0.0038788318634033203,
        "min": 0.0038139820098876953,
        "max": 0.004266977310180664
    },
    "p16": {
        "class": "P16",
        "include_startup": false,
        "runs": [
            0.0040509700775146484,
            0.0034890174865722656,
            0.003453969955444336,
            0.0034291744232177734,
            0.003468036651611328,
            0.0034220218658447266,
            0.003422975540161133,
            0.003473043441772461,
            0.003412961959838867,
            0.0033979415893554688
        ],
        "average": 0.0035020112991333008,
        "min": 0.0033979415893554688,
        "max": 0.0040509700775146484
    },
    "p16_startup": {
        "class": "P16",
        "include_startup": true,
        "runs": [
            0.0037670135498046875,
            0.0034389495849609375,
            0.0034050941467285156,
            0.0034301280975341797,
            0.003392934799194336,
            0.003358125686645508,
            0.0034019947052001953,
            0.0034389495849609375,
            0.0034329891204833984,
            0.0033998489379882812
        ],
        "average": 0.0034466028213500977,
        "min": 0.003358125686645508,
        "max": 0.0037670135498046875
    },
    "pin16": {
        "class": "PIn16",
        "include_startup": false,
        "runs": [
            0.004144191741943359,
            0.003793001174926758,
            0.003712177276611328,
            0.003748178482055664,
            0.0038988590240478516,
            0.0037310123443603516,
            0.0037069320678710938,
            0.0037119388580322266,
            0.0037109851837158203,
            0.005637168884277344
        ],
        "average": 0.00397944450378418,
        "min": 0.0037069320678710938,
        "max": 0.005637168884277344
    },
    "pin16_startup": {
        "class": "PIn16",
        "include_startup": true,
        "runs": [
            0.0043261051177978516,
            0.003952980041503906,
            0.003946065902709961,
            0.00394892692565918,
            0.00391387939453125,
            0.003913164138793945,
            0.003961086273193359,
            0.0039348602294921875,
            0.0038671493530273438,
            0.003879070281982422
        ],
        "average": 0.00396432876586914,
        "min": 0.0038671493530273438,
        "max": 0.0043261051177978516
    },
    "z26": {
        "class": "Z26",
        "include_startup": false,
        "runs": [
            0.003857851028442383,
            0.0034148693084716797,
            0.0034558773040771484,
            0.003393888473510742,
            0.003442049026489258,
            0.0034029483795166016,
            0.003410816192626953,
            0.0033788681030273438,
            0.0036590099334716797,
            0.0034198760986328125
        ],
        "average": 0.00348360538482666,
        "min": 0.0033788681030273438,
        "max": 0.003857851028442383
    },
    "z26_startup": {
        "class": "Z26",
        "include_startup": true,
        "runs": [
            0.0038900375366210938,
            0.004055976867675781,
            0.0034859180450439453,
            0.0034630298614501953,
            0.0034639835357666016,
            0.003401041030883789,
            0.003451108932495117,
            0.0034689903259277344,
            0.0034530162811279297,
            0.003496885299682617
        ],
        "average": 0.0035629987716674803,
        "min": 0.003401041030883789,
        "max": 0.004055976867675781
    },
    "zin26": {
        "class": "ZIn26",
        "include_startup": false,
        "runs": [
            0.00425410270690918,
            0.003818035125732422,
            0.0038139820098876953,
            0.003818988800048828,
            0.0037980079650878906,
            0.0037980079650878906,
            0.0037970542907714844,
            0.00380706787109375,
            0.0038139820098876953,
            0.0037779808044433594
        ],
        "average": 0.0038497209548950194,
        "min": 0.0037779808044433594,
        "max": 0.00425410270690918
    },
    "zin26_startup": {
        "class": "ZIn26",
        "include_startup": true,
        "runs": [
            0.004183053970336914,
            0.0038361549377441406,
            0.003835916519165039,
            0.0038521289825439453,
            0.0038330554962158203,
            0.0038259029388427734,
            0.0038950443267822266,
            0.0038781166076660156,
            0.0038709640502929688,
            0.0038881301879882812
        ],
        "average": 0.0038898468017578127,
        "min": 0.0038259029388427734,
        "max": 0.004183053970336914
    }
}