{
    "f06": {
        "class": "F06",
        "include_startup": false,
        "runs": [
            0.3010849952697754,
            0.313931941986084,
            0.29413700103759766,
            0.3159170150756836,
            0.2968330383300781,
            0.2934560775756836,
            0.3019540309906006,
            0.29676008224487305,
            0.3055269718170166,
            0.30131006240844727
        ],
        "average": 0.302091121673584,
        "min": 0.2934560775756836,
        "max": 0.3159170150756836
    },
    "f06_startup": {
        "class": "F06",
        "include_startup": true,
        "runs": [
            0.3026249408721924,
            0.29647207260131836,
            0.30271100997924805,
            0.30010509490966797,
            0.2997260093688965,
            0.29951906204223633,
            0.29728102684020996,
            0.29721784591674805,
            0.30776190757751465,
            0.29726099967956543
        ],
        "average": 0.30006799697875974,
        "min": 0.29647207260131836,
        "max": 0.30776190757751465
    },
    "fin06": {
        "class": "FIn06",
        "include_startup": false,
        "runs": [
            0.3256208896636963,
            0.29648613929748535,
            0.31072211265563965,
            0.29956984519958496,
            0.29725193977355957,
            0.3086230754852295,
            0.2989010810852051,
            0.3527181148529053,
            0.29747581481933594,
            0.29647302627563477
        ],
        "average": 0.30838420391082766,
        "min": 0.29647302627563477,
        "max": 0.3527181148529053
    },
    "fin06_startup": {
        "class": "FIn06",
        "include_startup": true,
        "runs": [
            0.2943592071533203,
            0.30801892280578613,
            0.2982311248779297,
            0.2972829341888428,
            0.30316591262817383,
            0.2977001667022705,
            0.29741406440734863,
            0.2989828586578369,
            0.29724812507629395,
            0.2943379878997803
        ],
        "average": 0.2986741304397583,
        "min": 0.2943379878997803,
        "max": 0.30801892280578613
    }
}