{
    "f06": {
        "class": "F06",
        "include_startup": false,
        "runs": [
            0.003515958786010742,
            0.0033729076385498047,
            0.0033690929412841797,
            0.003387928009033203,
            0.003365039825439453,
            0.007955074310302734,
            0.007879018783569336,
            0.006225109100341797,
            0.003968000411987305,
            0.003885030746459961
        ],
        "average": 0.0046923160552978516,
        "min": 0.003365039825439453,
        "max": 0.007955074310302734
    },
    "f06_startup": {
        "class": "F06",
        "include_startup": true,
        "runs": [
            0.004081010818481445,
            0.004025936126708984,
            0.003969907760620117,
            0.004014015197753906,
            0.003957033157348633,
            0.004144906997680664,
            0.0040509700775146484,
            0.004537105560302734,
            0.004462003707885742,
            0.004077911376953125
        ],
        "average": 0.004132080078125,
        "min": 0.003957033157348633,
        "max": 0.004537105560302734
    },
    "fin06": {
        "class": "FIn06",
        "include_startup": false,
        "runs": [
            0.007858991622924805,
            0.0056209564208984375,
            0.003818988800048828,
            0.003873109817504883,
            0.003876924514770508,
            0.00393986701965332,
            0.003937959671020508,
            0.003973960876464844,
            0.004377126693725586,
            0.003860950469970703
        ],
        "average": 0.004513883590698242,
        "min": 0.003818988800048828,
        "max": 0.007858991622924805
    },
    "fin06_startup": {
        "class": "FIn06",
        "include_startup": true,
        "runs": [
            0.004122018814086914,
            0.004086017608642578,
            0.00402379035949707,
            0.004042863845825195,
            0.00406193733215332,
            0.004186868667602539,
            0.004068851470947266,
            0.004024982452392578,
            0.004058122634887695,
            0.004044055938720703
        ],
        "average": 0.004071950912475586,
        "min": 0.00402379035949707,
        "max": 0.004186868667602539
    },
    "p16": {
        "class": "P16",
        "include_startup": false,
        "runs": [
            0.004107952117919922,
            0.0039861202239990234,
            0.003988981246948242,
            0.00394892692565918,
            0.003949880599975586,
            0.007911920547485352,
            0.003957986831665039,
            0.004007816314697266,
            0.004040956497192383,
            0.007382869720458984
        ],
        "average": 0.004728341102600097,
        "min": 0.00394892692565918,
        "max": 0.007911920547485352
    },
    "p16_startup": {
        "class": "P16",
        "include_startup": true,
        "runs": [
            0.006429910659790039,
            0.004197835922241211,
            0.004251003265380859,
            0.004191875457763672,
            0.004275083541870117,
            0.004235029220581055,
            0.004355907440185547,
            0.004163980484008789,
            0.003743886947631836,
            0.004202127456665039
        ],
        "average": 0.004404664039611816,
        "min": 0.003743886947631836,
        "max": 0.006429910659790039
    },
    "pin16": {
        "class": "PIn16",
        "include_startup": false,
        "runs": [
            0.0039310455322265625,
            0.003958940505981445,
            0.003972053527832031,
            0.004005908966064453,
            0.003983974456787109,
            0.003426074981689453,
            0.004016876220703125,
            0.0039501190185546875,
            0.004643917083740234,
            0.003972053527832031
        ],
        "average": 0.003986096382141114,
        "min": 0.003426074981689453,
        "max": 0.004643917083740234
    },
    "pin16_startup": {
        "class": "PIn16",
        "include_startup": true,
        "runs": [
            0.008326053619384766,
            0.005445003509521484,
            0.004179954528808594,
            0.0042111873626708984,
            0.00420689582824707,
            0.004188060760498047,
            0.004211902618408203,
            0.0042819976806640625,
            0.004180908203125,
            0.008352041244506836
        ],
        "average": 0.0051584005355834964,
        "min": 0.004179954528808594,
        "max": 0.008352041244506836
    }
}