{
    "f06": {
        "class": "F06",
        "include_startup": false,
        "runs": [
            0.0011868476867675781,
            0.0008008480072021484,
            0.0007839202880859375,
            0.0008060932159423828,
            0.0007920265197753906,
            0.0007891654968261719,
            0.0007867813110351562,
            0.0007901191711425781,
            0.0007958412170410156,
            0.0007960796356201172
        ],
        "average": 0.0008327722549438477,
        "min": 0.0007839202880859375,
        "max": 0.0011868476867675781
    },
    "f06_startup": {
        "class": "F06",
        "include_startup": true,
        "runs": [
            0.003320932388305664,
            0.0009000301361083984,
            0.0008800029754638672,
            0.0008611679077148438,
            0.0008759498596191406,
            0.0008771419525146484,
            0.0008800029754638672,
            0.0008780956268310547,
            0.0008869171142578125,
            0.0008950233459472656
        ],
        "average": 0.0011255264282226563,
        "min": 0.0008611679077148438,
        "max": 0.003320932388305664
    },
    "p16": {
        "class": "P16",
        "include_startup": false,
        "runs": [
            0.0018260478973388672,
            0.0013549327850341797,
            0.0012331008911132812,
            0.0012371540069580078,
            0.0012178421020507812,
            0.0008800029754638672,
            0.0008540153503417969,
            0.0008230209350585938,
            0.0008170604705810547,
            0.0008139610290527344
        ],
        "average": 0.0011057138442993164,
        "min": 0.0008139610290527344,
        "max": 0.0018260478973388672
    },
    "p16_startup": {
        "class": "P16",
        "include_startup": true,
        "runs": [
            0.0031621456146240234,
            0.000926971435546875,
            0.0009131431579589844,
            0.0009009838104248047,
            0.0009341239929199219,
            0.0009391307830810547,
            0.0009400844573974609,
            0.0009360313415527344,
            0.0009601116180419922,
            0.000926971435546875
        ],
        "average": 0.0011539697647094727,
        "min": 0.0009009838104248047,
        "max": 0.0031621456146240234
    },
    "z26": {
        "class": "Z26",
        "include_startup": false,
        "runs": [
            0.0012750625610351562,
            0.0008111000061035156,
            0.0008139610290527344,
            0.0008080005645751953,
            0.0007908344268798828,
            0.0008060932159423828,
            0.0008008480072021484,
            0.0008001327514648438,
            0.0007910728454589844,
            0.0007832050323486328
        ],
        "average": 0.0008480310440063477,
        "min": 0.0007832050323486328,
        "max": 0.0012750625610351562
    },
    "z26_startup": {
        "class": "Z26",
        "include_startup": true,
        "runs": [
            0.0032968521118164062,
            0.0009098052978515625,
            0.0009179115295410156,
            0.0009999275207519531,
            0.00098419189453125,
            0.0009710788726806641,
            0.0009801387786865234,
            0.0009889602661132812,
            0.0009779930114746094,
            0.0009970664978027344
        ],
        "average": 0.001202392578125,
        "min": 0.0009098052978515625,
        "max": 0.0032968521118164062
    }
}