{
    "f06": {
        "class": "F06",
        "include_startup": false,
        "runs": [
            0.0005040168762207031,
            0.000492095947265625,
            0.0004680156707763672,
            0.0004830360412597656,
            0.00047087669372558594,
            0.0006191730499267578,
            0.0005810260772705078,
            0.0005879402160644531,
            0.0005731582641601562,
            0.0005908012390136719
        ],
        "average": 0.0005370140075683594,
        "min": 0.0004680156707763672,
        "max": 0.0006191730499267578
    },
    "f06_startup": {
        "class": "F06",
        "include_startup": true,
        "runs": [
            0.0006039142608642578,
            0.0006041526794433594,
            0.0006079673767089844,
            0.0005848407745361328,
            0.0005979537963867188,
            0.0004749298095703125,
            0.00047016143798828125,
            0.00045108795166015625,
            0.0004668235778808594,
            0.00045800209045410156
        ],
        "average": 0.0005319833755493164,
        "min": 0.00045108795166015625,
        "max": 0.0006079673767089844
    },
    "p16": {
        "class": "P16",
        "include_startup": false,
        "runs": [
            0.0004999637603759766,
            0.0006120204925537109,
            0.0004899501800537109,
            0.0006341934204101562,
            0.000576019287109375,
            0.0005068778991699219,
            0.0004868507385253906,
            0.0006279945373535156,
            0.00061798095703125,
            0.0006101131439208984
        ],
        "average": 0.0005661964416503907,
        "min": 0.0004868507385253906,
        "max": 0.0006341934204101562
    },
    "p16_startup": {
        "class": "P16",
        "include_startup": true,
        "runs": [
            0.0006008148193359375,
            0.0006029605865478516,
            0.0006539821624755859,
            0.0006120204925537109,
            0.0006718635559082031,
            0.0006120204925537109,
            0.0006239414215087891,
            0.0008399486541748047,
            0.0007369518280029297,
            0.0006189346313476562
        ],
        "average": 0.000657343864440918,
        "min": 0.0006008148193359375,
        "max": 0.0008399486541748047
    }
}