{
    "f06": {
        "class": "F06",
        "include_startup": false,
        "runs": [
            0.10255813598632812,
            0.10100197792053223,
            0.10137414932250977,
            0.10117983818054199,
            0.1007380485534668,
            0.10026097297668457,
            0.10091400146484375,
            0.10065603256225586,
            0.0999901294708252,
            0.10148000717163086
        ],
        "average": 0.10101532936096191,
        "min": 0.0999901294708252,
        "max": 0.10255813598632812
    },
    "f06_startup": {
        "class": "F06",
        "include_startup": true,
        "runs": [
            0.10206007957458496,
            0.10181403160095215,
            0.1022498607635498,
            0.1023108959197998,
            0.10268402099609375,
            0.10112881660461426,
            0.1026449203491211,
            0.10320401191711426,
            0.10106492042541504,
            0.1018669605255127
        ],
        "average": 0.10210285186767579,
        "min": 0.10106492042541504,
        "max": 0.10320401191711426
    },
    "fin06": {
        "class": "FIn06",
        "include_startup": false,
        "runs": [
            0.10503005981445312,
            0.10310697555541992,
            0.10282683372497559,
            0.1029658317565918,
            0.10337090492248535,
            0.10243988037109375,
            0.10299420356750488,
            0.10566306114196777,
            0.10650777816772461,
            0.10467910766601562
        ],
        "average": 0.10395846366882325,
        "min": 0.10243988037109375,
        "max": 0.10650777816772461
    },
    "fin06_startup": {
        "class": "FIn06",
        "include_startup": true,
        "runs": [
            0.10052299499511719,
            0.0951850414276123,
            0.09496784210205078,
            0.09514594078063965,
            0.0967872142791748,
            0.10634899139404297,
            0.115325927734375,
            0.10405993461608887,
            0.10431194305419922,
            0.10444998741149902
        ],
        "average": 0.10171058177947997,
        "min": 0.09496784210205078,
        "max": 0.115325927734375
    },
    "p16": {
        "class": "P16",
        "include_startup": false,
        "runs": [
            14.018780946731567,
            13.040619134902954,
            14.129775047302246,
            14.045775890350342,
            14.66951298713684,
            14.157217025756836,
            14.079424142837524,
            14.090909957885742,
            14.009958982467651,
            14.065834045410156
        ],
        "average": 14.030780816078186,
        "min": 13.040619134902954,
        "max": 14.66951298713684
    },
    "p16_startup": {
        "class": "P16",
        "include_startup": true,
        "runs": [
            14.03394889831543,
            14.062044858932495,
            14.185525894165039,
            14.190541982650757,
            13.069533109664917,
            14.207229137420654,
            14.1075599193573,
            14.289995193481445,
            14.14333200454712,
            14.149158954620361
        ],
        "average": 14.043886995315551,
        "min": 13.069533109664917,
        "max": 14.289995193481445
    },
    "pin16": {
        "class": "PIn16",
        "include_startup": false,
        "runs": [
            14.248631000518799,
            14.480226039886475,
            14.224109888076782,
            14.252925872802734,
            14.192024946212769,
            14.289472103118896,
            14.293369054794312,
            14.492880821228027,
            14.881907224655151,
            13.134931802749634
        ],
        "average": 14.249047875404358,
        "min": 13.134931802749634,
        "max": 14.881907224655151
    },
    "pin16_startup": {
        "class": "PIn16",
        "include_startup": true,
        "runs": [
            14.282355070114136,
            14.17499303817749,
            14.276029109954834,
            14.358877182006836,
            14.360320806503296,
            14.232522010803223,
            14.293071031570435,
            14.277825117111206,
            14.29505705833435,
            14.199342966079712
        ],
        "average": 14.275039339065552,
        "min": 14.17499303817749,
        "max": 14.360320806503296
    }
}