{
    "f06": {
        "class": "F06",
        "include_startup": false,
        "runs": [
            0.0012629032135009766,
            0.0012538433074951172,
            0.0012710094451904297,
            0.0012722015380859375,
            0.0012598037719726562,
            0.0012309551239013672,
            0.0012669563293457031,
            0.0013210773468017578,
            0.0012919902801513672,
            0.001277923583984375
        ],
        "average": 0.0012708663940429687,
        "min": 0.0012309551239013672,
        "max": 0.0013210773468017578
    },
    "f06_startup": {
        "class": "F06",
        "include_startup": true,
        "runs": [
            0.001611948013305664,
            0.001352071762084961,
            0.0013170242309570312,
            0.0013079643249511719,
            0.0013689994812011719,
            0.00150299072265625,
            0.0013430118560791016,
            0.0013470649719238281,
            0.0013320446014404297,
            0.0013439655303955078
        ],
        "average": 0.0013827085494995117,
        "min": 0.0013079643249511719,
        "max": 0.001611948013305664
    },
    "fin06": {
        "class": "FIn06",
        "include_startup": false,
        "runs": [
            0.001241922378540039,
            0.0012581348419189453,
            0.0012600421905517578,
            0.0012350082397460938,
            0.0012569427490234375,
            0.0012869834899902344,
            0.0012850761413574219,
            0.0012569427490234375,
            0.0013079643249511719,
            0.0012450218200683594
        ],
        "average": 0.00126340389251709,
        "min": 0.0012350082397460938,
        "max": 0.0013079643249511719
    },
    "fin06_startup": {
        "class": "FIn06",
        "include_startup": true,
        "runs": [
            0.0015308856964111328,
            0.0012950897216796875,
            0.0014209747314453125,
            0.0013229846954345703,
            0.0012769699096679688,
            0.0012640953063964844,
            0.002026081085205078,
            0.0013370513916015625,
            0.0013020038604736328,
            0.0013191699981689453
        ],
        "average": 0.0014095306396484375,
        "min": 0.0012640953063964844,
        "max": 0.002026081085205078
    },
    "p16": {
        "class": "P16",
        "include_startup": false,
        "runs": [
            0.0010368824005126953,
            0.0010159015655517578,
            0.0010230541229248047,
            0.001016855239868164,
            0.0010390281677246094,
            0.0010268688201904297,
            0.0010380744934082031,
            0.0010249614715576172,
            0.0010390281677246094,
            0.00102996826171875
        ],
        "average": 0.001029062271118164,
        "min": 0.0010159015655517578,
        "max": 0.0010390281677246094
    },
    "p16_startup": {
        "class": "P16",
        "include_startup": true,
        "runs": [
            0.0012521743774414062,
            0.0010290145874023438,
            0.0011451244354248047,
            0.0010869503021240234,
            0.0010838508605957031,
            0.0010790824890136719,
            0.001081228256225586,
            0.0010879039764404297,
            0.0010731220245361328,
            0.0010709762573242188
        ],
        "average": 0.001098942756652832,
        "min": 0.0010290145874023438,
        "max": 0.0012521743774414062
    },
    "pin16": {
        "class": "PIn16",
        "include_startup": false,
        "runs": [
            0.0012159347534179688,
            0.0012540817260742188,
            0.0012660026550292969,
            0.0012271404266357422,
            0.0013039112091064453,
            0.001271963119506836,
            0.0012311935424804688,
            0.0012319087982177734,
            0.0013010501861572266,
            0.0012199878692626953
        ],
        "average": 0.0012523174285888673,
        "min": 0.0012159347534179688,
        "max": 0.0013039112091064453
    },
    "pin16_startup": {
        "class": "PIn16",
        "include_startup": true,
        "runs": [
            0.0015778541564941406,
            0.0013089179992675781,
            0.0013020038604736328,
            0.0013110637664794922,
            0.0013179779052734375,
            0.0012938976287841797,
            0.0013298988342285156,
            0.0012831687927246094,
            0.0012848377227783203,
            0.0012891292572021484
        ],
        "average": 0.0013298749923706054,
        "min": 0.0012831687927246094,
        "max": 0.0015778541564941406
    },
    "z26": {
        "class": "Z26",
        "include_startup": false,
        "runs": [
            0.0012259483337402344,
            0.0012459754943847656,
            0.0012469291687011719,
            0.0012471675872802734,
            0.0012547969818115234,
            0.0012469291687011719,
            0.0012819766998291016,
            0.0012581348419189453,
            0.0012440681457519531,
            0.0012409687042236328
        ],
        "average": 0.0012492895126342773,
        "min": 0.0012259483337402344,
        "max": 0.0012819766998291016
    },
    "z26_startup": {
        "class": "Z26",
        "include_startup": true,
        "runs": [
            0.0015249252319335938,
            0.001332998275756836,
            0.0013430118560791016,
            0.0013458728790283203,
            0.0013439655303955078,
            0.0013000965118408203,
            0.001466989517211914,
            0.0014209747314453125,
            0.0012969970703125,
            0.0013689994812011719
        ],
        "average": 0.0013744831085205078,
        "min": 0.0012969970703125,
        "max": 0.0015249252319335938
    },
    "zin26": {
        "class": "ZIn26",
        "include_startup": false,
        "runs": [
            0.0012769699096679688,
            0.001222848892211914,
            0.001226186752319336,
            0.0012929439544677734,
            0.0012440681457519531,
            0.0012450218200683594,
            0.001230001449584961,
            0.001291036605834961,
            0.001230001449584961,
            0.0012559890747070312
        ],
        "average": 0.0012515068054199218,
        "min": 0.001222848892211914,
        "max": 0.0012929439544677734
    },
    "zin26_startup": {
        "class": "ZIn26",
        "include_startup": true,
        "runs": [
            0.0015370845794677734,
            0.0012881755828857422,
            0.0013098716735839844,
            0.0012860298156738281,
            0.001291036605834961,
            0.0012440681457519531,
            0.0012440681457519531,
            0.0012748241424560547,
            0.0012850761413574219,
            0.0012619495391845703
        ],
        "average": 0.0013022184371948241,
        "min": 0.0012440681457519531,
        "max": 0.0015370845794677734
    }
}