{
    "f06": {
        "class": "F06",
        "include_startup": false,
        "runs": [
            0.0008118152618408203,
            0.0007920265197753906,
            0.0007848739624023438,
            0.0008029937744140625,
            0.0007941722869873047,
            0.00078582763671875,
            0.0007910728454589844,
            0.0007860660552978516,
            0.0007929801940917969,
            0.0007879734039306641
        ],
        "average": 0.0007929801940917969,
        "min": 0.0007848739624023438,
        "max": 0.0008118152618408203
    },
    "f06_startup": {
        "class": "F06",
        "include_startup": true,
        "runs": [
            0.0008230209350585938,
            0.0008180141448974609,
            0.0008139610290527344,
            0.0008411407470703125,
            0.0008230209350585938,
            0.0008020401000976562,
            0.0008180141448974609,
            0.0008308887481689453,
            0.0008161067962646484,
            0.0008149147033691406
        ],
        "average": 0.0008201122283935547,
        "min": 0.0008020401000976562,
        "max": 0.0008411407470703125
    },
    "fin06": {
        "class": "FIn06",
        "include_startup": false,
        "runs": [
            0.0006740093231201172,
            0.0006709098815917969,
            0.0006601810455322266,
            0.0006661415100097656,
            0.0006680488586425781,
            0.0006470680236816406,
            0.0006740093231201172,
            0.0006639957427978516,
            0.0006549358367919922,
            0.0006690025329589844
        ],
        "average": 0.000664830207824707,
        "min": 0.0006470680236816406,
        "max": 0.0006740093231201172
    },
    "fin06_startup": {
        "class": "FIn06",
        "include_startup": true,
        "runs": [
            0.0008420944213867188,
            0.0008080005645751953,
            0.0008080005645751953,
            0.0008120536804199219,
            0.0007889270782470703,
            0.0008101463317871094,
            0.0008008480072021484,
            0.0007929801940917969,
            0.0007879734039306641,
            0.000782012939453125
        ],
        "average": 0.0008033037185668946,
        "min": 0.000782012939453125,
        "max": 0.0008420944213867188
    },
    "p16": {
        "class": "P16",
        "include_startup": false,
        "runs": [
            0.0008511543273925781,
            0.000820159912109375,
            0.0008211135864257812,
            0.0008170604705810547,
            0.0008380413055419922,
            0.0008230209350585938,
            0.000823974609375,
            0.0008249282836914062,
            0.0008280277252197266,
            0.0007991790771484375
        ],
        "average": 0.0008246660232543946,
        "min": 0.0007991790771484375,
        "max": 0.0008511543273925781
    },
    "p16_startup": {
        "class": "P16",
        "include_startup": true,
        "runs": [
            0.0008299350738525391,
            0.0008308887481689453,
            0.0008189678192138672,
            0.0008039474487304688,
            0.0008251667022705078,
            0.0008220672607421875,
            0.0008058547973632812,
            0.0008158683776855469,
            0.0007929801940917969,
            0.0008158683776855469
        ],
        "average": 0.0008161544799804687,
        "min": 0.0007929801940917969,
        "max": 0.0008308887481689453
    },
    "pin16": {
        "class": "PIn16",
        "include_startup": false,
        "runs": [
            0.0007901191711425781,
            0.0007798671722412109,
            0.00080108642578125,
            0.0007929801940917969,
            0.0007901191711425781,
            0.0008170604705810547,
            0.0007648468017578125,
            0.0007841587066650391,
            0.0008139610290527344,
            0.0007908344268798828
        ],
        "average": 0.0007925033569335938,
        "min": 0.0007648468017578125,
        "max": 0.0008170604705810547
    },
    "pin16_startup": {
        "class": "PIn16",
        "include_startup": true,
        "runs": [
            0.001264810562133789,
            0.0011739730834960938,
            0.0011630058288574219,
            0.0011639595031738281,
            0.0012049674987792969,
            0.0011630058288574219,
            0.0011599063873291016,
            0.0011610984802246094,
            0.001157999038696289,
            0.0011889934539794922
        ],
        "average": 0.0011801719665527344,
        "min": 0.001157999038696289,
        "max": 0.001264810562133789
    },
    "z26": {
        "class": "Z26",
        "include_startup": false,
        "runs": [
            0.0008327960968017578,
            0.0008249282836914062,
            0.0007991790771484375,
            0.0008058547973632812,
            0.0008070468902587891,
            0.0008029937744140625,
            0.0008189678192138672,
            0.0007898807525634766,
            0.0008029937744140625,
            0.0008058547973632812
        ],
        "average": 0.0008090496063232422,
        "min": 0.0007898807525634766,
        "max": 0.0008327960968017578
    },
    "z26_startup": {
        "class": "Z26",
        "include_startup": true,
        "runs": [
            0.0007879734039306641,
            0.0010559558868408203,
            0.001096963882446289,
            0.0011548995971679688,
            0.0011658668518066406,
            0.001161813735961914,
            0.0011620521545410156,
            0.0011680126190185547,
            0.001177072525024414,
            0.0011720657348632812
        ],
        "average": 0.0011102676391601563,
        "min": 0.0007879734039306641,
        "max": 0.001177072525024414
    },
    "zin26": {
        "class": "ZIn26",
        "include_startup": false,
        "runs": [
            0.0007321834564208984,
            0.0006799697875976562,
            0.0006918907165527344,
            0.0006868839263916016,
            0.0006749629974365234,
            0.0006711483001708984,
            0.0006589889526367188,
            0.0006639957427978516,
            0.0006570816040039062,
            0.0006709098815917969
        ],
        "average": 0.0006788015365600586,
        "min": 0.0006570816040039062,
        "max": 0.0007321834564208984
    },
    "zin26_startup": {
        "class": "ZIn26",
        "include_startup": true,
        "runs": [
            0.0008440017700195312,
            0.0008111000061035156,
            0.0007989406585693359,
            0.0008761882781982422,
            0.0008130073547363281,
            0.0008330345153808594,
            0.0008120536804199219,
            0.0008189678192138672,
            0.0008149147033691406,
            0.000804901123046875
        ],
        "average": 0.0008227109909057617,
        "min": 0.0007989406585693359,
        "max": 0.0008761882781982422
    }
}