{
    "f06": {
        "class": "F06",
        "include_startup": false,
        "runs": [
            0.001438140869140625,
            0.001355886459350586,
            0.0013341903686523438,
            0.001338958740234375,
            0.0013320446014404297,
            0.0013360977172851562,
            0.0013628005981445312,
            0.001329183578491211,
            0.0013167858123779297,
            0.0013282299041748047
        ],
        "average": 0.0013472318649291992,
        "min": 0.0013167858123779297,
        "max": 0.001438140869140625
    },
    "f06_startup": {
        "class": "F06",
        "include_startup": true,
        "runs": [
            0.002287149429321289,
            0.001399993896484375,
            0.001416921615600586,
            0.0013937950134277344,
            0.0014119148254394531,
            0.0014011859893798828,
            0.0014100074768066406,
            0.0013859272003173828,
            0.0013880729675292969,
            0.001416921615600586
        ],
        "average": 0.0014911890029907227,
        "min": 0.0013859272003173828,
        "max": 0.002287149429321289
    },
    "p16": {
        "class": "P16",
        "include_startup": false,
        "runs": [
            0.0016138553619384766,
            0.00138092041015625,
            0.001383066177368164,
            0.0013849735260009766,
            0.0013890266418457031,
            0.0014009475708007812,
            0.0013539791107177734,
            0.0013899803161621094,
            0.0013649463653564453,
            0.0014050006866455078
        ],
        "average": 0.0014066696166992188,
        "min": 0.0013539791107177734,
        "max": 0.0016138553619384766
    },
    "p16_startup": {
        "class": "P16",
        "include_startup": true,
        "runs": [
            0.0022339820861816406,
            0.0014319419860839844,
            0.001399993896484375,
            0.0014190673828125,
            0.001455068588256836,
            0.001463174819946289,
            0.0014338493347167969,
            0.0014460086822509766,
            0.0014629364013671875,
            0.0014209747314453125
        ],
        "average": 0.0015166997909545898,
        "min": 0.001399993896484375,
        "max": 0.0022339820861816406
    },
    "z26": {
        "class": "Z26",
        "include_startup": false,
        "runs": [
            0.0015690326690673828,
            0.0013599395751953125,
            0.0013108253479003906,
            0.0013260841369628906,
            0.0013129711151123047,
            0.001344919204711914,
            0.0013480186462402344,
            0.0013279914855957031,
            0.0013239383697509766,
            0.0013210773468017578
        ],
        "average": 0.0013544797897338868,
        "min": 0.0013108253479003906,
        "max": 0.0015690326690673828
    },
    "z26_startup": {
        "class": "Z26",
        "include_startup": true,
        "runs": [
            0.001912832260131836,
            0.001226186752319336,
            0.001255035400390625,
            0.0012178421020507812,
            0.0012400150299072266,
            0.001222848892211914,
            0.0012218952178955078,
            0.0011990070343017578,
            0.0012500286102294922,
            0.0012140274047851562
        ],
        "average": 0.0012959718704223632,
        "min": 0.0011990070343017578,
        "max": 0.001912832260131836
    }
}