{
    "f06": {
        "class": "F06",
        "include_startup": false,
        "runs": [
            0.001394033432006836,
            0.0013990402221679688,
            0.0013470649719238281,
            0.0013718605041503906,
            0.0013430118560791016,
            0.0013461112976074219,
            0.0013399124145507812,
            0.0013461112976074219,
            0.0013477802276611328,
            0.0013370513916015625
        ],
        "average": 0.0013571977615356445,
        "min": 0.0013370513916015625,
        "max": 0.0013990402221679688
    },
    "f06_startup": {
        "class": "F06",
        "include_startup": true,
        "runs": [
            0.004495143890380859,
            0.002295970916748047,
            0.0020160675048828125,
            0.002034902572631836,
            0.0020051002502441406,
            0.0020110607147216797,
            0.001992940902709961,
            0.002312898635864258,
            0.002020120620727539,
            0.002025127410888672
        ],
        "average": 0.0023209333419799806,
        "min": 0.001992940902709961,
        "max": 0.004495143890380859
    },
    "fin06": {
        "class": "FIn06",
        "include_startup": false,
        "runs": [
            0.003873109817504883,
            0.0038909912109375,
            0.003906965255737305,
            0.0038421154022216797,
            0.004041910171508789,
            0.0038499832153320312,
            0.003859996795654297,
            0.0038819313049316406,
            0.0038499832153320312,
            0.003866910934448242
        ],
        "average": 0.00388638973236084,
        "min": 0.0038421154022216797,
        "max": 0.004041910171508789
    },
    "fin06_startup": {
        "class": "FIn06",
        "include_startup": true,
        "runs": [
            0.0051538944244384766,
            0.004420042037963867,
            0.004524946212768555,
            0.00449681282043457,
            0.004474163055419922,
            0.004528999328613281,
            0.004603862762451172,
            0.004554033279418945,
            0.0047130584716796875,
            0.004530906677246094
        ],
        "average": 0.004600071907043457,
        "min": 0.004420042037963867,
        "max": 0.0051538944244384766
    },
    "p16": {
        "class": "P16",
        "include_startup": false,
        "runs": [
            0.0014100074768066406,
            0.0013270378112792969,
            0.0013318061828613281,
            0.0013439655303955078,
            0.0013108253479003906,
            0.0012831687927246094,
            0.00133514404296875,
            0.00131988525390625,
            0.001486063003540039,
            0.0016050338745117188
        ],
        "average": 0.001375293731689453,
        "min": 0.0012831687927246094,
        "max": 0.0016050338745117188
    },
    "p16_startup": {
        "class": "P16",
        "include_startup": true,
        "runs": [
            0.0045659542083740234,
            0.003542184829711914,
            0.00356292724609375,
            0.0035359859466552734,
            0.0035600662231445312,
            0.003557920455932617,
            0.003582000732421875,
            0.0035851001739501953,
            0.003525972366333008,
            0.003545999526977539
        ],
        "average": 0.0036564111709594727,
        "min": 0.003525972366333008,
        "max": 0.0045659542083740234
    },
    "pin16": {
        "class": "PIn16",
        "include_startup": false,
        "runs": [
            0.0046939849853515625,
            0.0047168731689453125,
            0.00465703010559082,
            0.004658937454223633,
            0.0046291351318359375,
            0.004581928253173828,
            0.00459599494934082,
            0.004616975784301758,
            0.004534006118774414,
            0.004918098449707031
        ],
        "average": 0.004660296440124512,
        "min": 0.004534006118774414,
        "max": 0.004918098449707031
    },
    "pin16_startup": {
        "class": "PIn16",
        "include_startup": true,
        "runs": [
            0.0052988529205322266,
            0.00457000732421875,
            0.004488945007324219,
            0.0045778751373291016,
            0.004876136779785156,
            0.004594087600708008,
            0.004515886306762695,
            0.004494905471801758,
            0.004654884338378906,
            0.004602909088134766
        ],
        "average": 0.004667448997497559,
        "min": 0.004488945007324219,
        "max": 0.0052988529205322266
    },
    "z26": {
        "class": "Z26",
        "include_startup": false,
        "runs": [
            0.0013928413391113281,
            0.0013580322265625,
            0.0013310909271240234,
            0.001332998275756836,
            0.0013349056243896484,
            0.0013229846954345703,
            0.0013339519500732422,
            0.0013110637664794922,
            0.001461029052734375,
            0.0013799667358398438
        ],
        "average": 0.001355886459350586,
        "min": 0.0013110637664794922,
        "max": 0.001461029052734375
    },
    "z26_startup": {
        "class": "Z26",
        "include_startup": true,
        "runs": [
            0.0028400421142578125,
            0.002115964889526367,
            0.002067089080810547,
            0.0020859241485595703,
            0.0020780563354492188,
            0.0021009445190429688,
            0.002084970474243164,
            0.002062082290649414,
            0.0020589828491210938,
            0.002129077911376953
        ],
        "average": 0.002162313461303711,
        "min": 0.0020589828491210938,
        "max": 0.0028400421142578125
    },
    "zin26": {
        "class": "ZIn26",
        "include_startup": false,
        "runs": [
            0.0035200119018554688,
            0.003487110137939453,
            0.0035049915313720703,
            0.003473043441772461,
            0.003543853759765625,
            0.0035011768341064453,
            0.0035037994384765625,
            0.003498077392578125,
            0.0034990310668945312,
            0.0034711360931396484
        ],
        "average": 0.003500223159790039,
        "min": 0.0034711360931396484,
        "max": 0.003543853759765625
    },
    "zin26_startup": {
        "class": "ZIn26",
        "include_startup": true,
        "runs": [
            0.0056018829345703125,
            0.004677772521972656,
            0.0047969818115234375,
            0.004681110382080078,
            0.004641056060791016,
            0.004808902740478516,
            0.004891157150268555,
            0.005144834518432617,
            0.0051920413970947266,
            0.004893064498901367
        ],
        "average": 0.004932880401611328,
        "min": 0.004641056060791016,
        "max": 0.0056018829345703125
    }
}