{
    "f06": {
        "class": "F06",
        "include_startup": false,
        "runs": [
            1.932222843170166,
            3.5738751888275146,
            1.8996648788452148,
            3.542809009552002,
            3.54472279548645,
            3.5455799102783203,
            3.5459001064300537,
            3.579990863800049,
            3.603332996368408,
            3.5521318912506104
        ],
        "average": 3.2320230484008787,
        "min": 1.8996648788452148,
        "max": 3.603332996368408
    },
    "f06_startup": {
        "class": "F06",
        "include_startup": true,
        "runs": [
            3.5602359771728516,
            3.5483458042144775,
            3.49188494682312,
            3.5635530948638916,
            3.4923360347747803,
            3.517749786376953,
            3.5256221294403076,
            1.9370229244232178,
            3.600174903869629,
            1.9275310039520264
        ],
        "average": 3.2164456605911256,
        "min": 1.9275310039520264,
        "max": 3.600174903869629
    },
    "fin06": {
        "class": "FIn06",
        "include_startup": false,
        "runs": [
            1.9379689693450928,
            1.977949857711792,
            3.5108771324157715,
            3.590698003768921,
            3.55605411529541,
            3.5795631408691406,
            3.5109710693359375,
            3.5566160678863525,
            1.9532101154327393,
            3.59792423248291
        ],
        "average": 3.0771832704544066,
        "min": 1.9379689693450928,
        "max": 3.59792423248291
    },
    "fin06_startup": {
        "class": "FIn06",
        "include_startup": true,
        "runs": [
            3.553910970687866,
            3.5923750400543213,
            3.5707998275756836,
            3.563722848892212,
            1.9419820308685303,
            3.508826971054077,
            3.544394016265869,
            3.594675064086914,
            3.590461015701294,
            3.5502138137817383
        ],
        "average": 3.4011361598968506,
        "min": 1.9419820308685303,
        "max": 3.594675064086914
    }
}