{
    "f06": {
        "class": "F06",
        "include_startup": false,
        "runs": [
            0.3924679756164551,
            0.3937368392944336,
            0.3669140338897705,
            0.3963949680328369,
            0.3944571018218994,
            0.4052259922027588,
            0.3881239891052246,
            0.39818882942199707,
            0.40688514709472656,
            0.39260315895080566
        ],
        "average": 0.39349980354309083,
        "min": 0.3669140338897705,
        "max": 0.40688514709472656
    },
    "f06_startup": {
        "class": "F06",
        "include_startup": true,
        "runs": [
            0.3988339900970459,
            0.4548349380493164,
            0.41192102432250977,
            0.3582429885864258,
            0.4063239097595215,
            0.4004049301147461,
            0.3927490711212158,
            0.44519901275634766,
            0.43699002265930176,
            0.36004114151000977
        ],
        "average": 0.40655410289764404,
        "min": 0.3582429885864258,
        "max": 0.4548349380493164
    }
}