{
    "f06": {
        "class": "F06",
        "include_startup": false,
        "runs": [
            0.0008070468902587891,
            0.0007781982421875,
            0.0007710456848144531,
            0.0007791519165039062,
            0.0007600784301757812,
            0.0007648468017578125,
            0.0007691383361816406,
            0.0007619857788085938,
            0.000759124755859375,
            0.0007688999176025391
        ],
        "average": 0.0007719516754150391,
        "min": 0.000759124755859375,
        "max": 0.0008070468902587891
    },
    "f06_startup": {
        "class": "F06",
        "include_startup": true,
        "runs": [
            0.0008449554443359375,
            0.000804901123046875,
            0.0008001327514648438,
            0.000804901123046875,
            0.0008158683776855469,
            0.0008161067962646484,
            0.0008189678192138672,
            0.0008280277252197266,
            0.000820159912109375,
            0.0008058547973632812
        ],
        "average": 0.0008159875869750977,
        "min": 0.0008001327514648438,
        "max": 0.0008449554443359375
    },
    "fin06": {
        "class": "FIn06",
        "include_startup": false,
        "runs": [
            0.0007920265197753906,
            0.0007529258728027344,
            0.0007410049438476562,
            0.000762939453125,
            0.0007770061492919922,
            0.0007650852203369141,
            0.0007488727569580078,
            0.0007729530334472656,
            0.0007691383361816406,
            0.0007619857788085938
        ],
        "average": 0.0007643938064575195,
        "min": 0.0007410049438476562,
        "max": 0.0007920265197753906
    },
    "fin06_startup": {
        "class": "FIn06",
        "include_startup": true,
        "runs": [
            0.0008251667022705078,
            0.0007789134979248047,
            0.0007970333099365234,
            0.0007810592651367188,
            0.000782012939453125,
            0.0007898807525634766,
            0.0007719993591308594,
            0.0007829666137695312,
            0.0007789134979248047,
            0.0007860660552978516
        ],
        "average": 0.0007874011993408203,
        "min": 0.0007719993591308594,
        "max": 0.0008251667022705078
    },
    "p16": {
        "class": "P16",
        "include_startup": false,
        "runs": [
            0.0008502006530761719,
            0.00080108642578125,
            0.0008020401000976562,
            0.0011341571807861328,
            0.0007851123809814453,
            0.0007650852203369141,
            0.0007889270782470703,
            0.0007910728454589844,
            0.0008001327514648438,
            0.0007779598236083984
        ],
        "average": 0.0008295774459838867,
        "min": 0.0007650852203369141,
        "max": 0.0011341571807861328
    },
    "p16_startup": {
        "class": "P16",
        "include_startup": true,
        "runs": [
            0.0008738040924072266,
            0.0008189678192138672,
            0.0008399486541748047,
            0.0008039474487304688,
            0.0008008480072021484,
            0.0008060932159423828,
            0.000804901123046875,
            0.0008149147033691406,
            0.0008039474487304688,
            0.0007941722869873047
        ],
        "average": 0.0008161544799804687,
        "min": 0.0007941722869873047,
        "max": 0.0008738040924072266
    },
    "pin16": {
        "class": "PIn16",
        "include_startup": false,
        "runs": [
            0.0007169246673583984,
            0.0006680488586425781,
            0.0006310939788818359,
            0.0006368160247802734,
            0.0006589889526367188,
            0.0006318092346191406,
            0.0006630420684814453,
            0.0006601810455322266,
            0.0006461143493652344,
            0.0006561279296875
        ],
        "average": 0.0006569147109985352,
        "min": 0.0006310939788818359,
        "max": 0.0007169246673583984
    },
    "pin16_startup": {
        "class": "PIn16",
        "include_startup": true,
        "runs": [
            0.0008389949798583984,
            0.0008311271667480469,
            0.0008149147033691406,
            0.0008060932159423828,
            0.0008051395416259766,
            0.0008070468902587891,
            0.000804901123046875,
            0.0008230209350585938,
            0.0007982254028320312,
            0.0007898807525634766
        ],
        "average": 0.0008119344711303711,
        "min": 0.0007898807525634766,
        "max": 0.0008389949798583984
    },
    "z26": {
        "class": "Z26",
        "include_startup": false,
        "runs": [
            0.0008628368377685547,
            0.00084686279296875,
            0.0008509159088134766,
            0.0007970333099365234,
            0.0008480548858642578,
            0.0008521080017089844,
            0.0008459091186523438,
            0.0008549690246582031,
            0.0008139610290527344,
            0.0008339881896972656
        ],
        "average": 0.0008406639099121094,
        "min": 0.0007970333099365234,
        "max": 0.0008628368377685547
    },
    "z26_startup": {
        "class": "Z26",
        "include_startup": true,
        "runs": [
            0.0013990402221679688,
            0.0013020038604736328,
            0.0013279914855957031,
            0.0013148784637451172,
            0.0013148784637451172,
            0.00133514404296875,
            0.0013179779052734375,
            0.001322031021118164,
            0.0013430118560791016,
            0.0013170242309570312
        ],
        "average": 0.0013293981552124023,
        "min": 0.0013020038604736328,
        "max": 0.0013990402221679688
    },
    "zin26": {
        "class": "ZIn26",
        "include_startup": false,
        "runs": [
            0.0008230209350585938,
            0.0007810592651367188,
            0.0008060932159423828,
            0.0008018016815185547,
            0.0007989406585693359,
            0.0007960796356201172,
            0.000762939453125,
            0.0007879734039306641,
            0.0007889270782470703,
            0.0007901191711425781
        ],
        "average": 0.0007936954498291016,
        "min": 0.000762939453125,
        "max": 0.0008230209350585938
    },
    "zin26_startup": {
        "class": "ZIn26",
        "include_startup": true,
        "runs": [
            0.0008931159973144531,
            0.0008690357208251953,
            0.000843048095703125,
            0.0008718967437744141,
            0.0008969306945800781,
            0.0008671283721923828,
            0.0008761882781982422,
            0.0008840560913085938,
            0.0008711814880371094,
            0.0008940696716308594
        ],
        "average": 0.0008766651153564453,
        "min": 0.000843048095703125,
        "max": 0.0008969306945800781
    }
}