{
    "f06": {
        "class": "F06",
        "include_startup": false,
        "runs": [
            0.0014309883117675781,
            0.0007829666137695312,
            0.0007789134979248047,
            0.0007619857788085938,
            0.0007579326629638672,
            0.0007669925689697266,
            0.0007610321044921875,
            0.0007750988006591797,
            0.0007429122924804688,
            0.0007441043853759766
        ],
        "average": 0.0008302927017211914,
        "min": 0.0007429122924804688,
        "max": 0.0014309883117675781
    },
    "f06_startup": {
        "class": "F06",
        "include_startup": true,
        "runs": [
            0.0029039382934570312,
            0.0008859634399414062,
            0.0007998943328857422,
            0.0007910728454589844,
            0.0008080005645751953,
            0.0008111000061035156,
            0.0008258819580078125,
            0.0008251667022705078,
            0.0008039474487304688,
            0.0008141994476318359
        ],
        "average": 0.00102691650390625,
        "min": 0.0007910728454589844,
        "max": 0.0029039382934570312
    },
    "fin06": {
        "class": "FIn06",
        "include_startup": false,
        "runs": [
            0.0014522075653076172,
            0.0007719993591308594,
            0.0007760524749755859,
            0.0007658004760742188,
            0.0007631778717041016,
            0.0007507801055908203,
            0.0007641315460205078,
            0.0007760524749755859,
            0.0010027885437011719,
            0.0010669231414794922
        ],
        "average": 0.000888991355895996,
        "min": 0.0007507801055908203,
        "max": 0.0014522075653076172
    },
    "fin06_startup": {
        "class": "FIn06",
        "include_startup": true,
        "runs": [
            0.0027899742126464844,
            0.0007789134979248047,
            0.0007560253143310547,
            0.0008351802825927734,
            0.0008330345153808594,
            0.0008258819580078125,
            0.0007941722869873047,
            0.0008339881896972656,
            0.0008339881896972656,
            0.0008420944213867188
        ],
        "average": 0.0010123252868652344,
        "min": 0.0007560253143310547,
        "max": 0.0027899742126464844
    },
    "p16": {
        "class": "P16",
        "include_startup": false,
        "runs": [
            0.0014870166778564453,
            0.000804901123046875,
            0.0007920265197753906,
            0.0008230209350585938,
            0.0008070468902587891,
            0.0008089542388916016,
            0.0008091926574707031,
            0.0008008480072021484,
            0.0008111000061035156,
            0.0008008480072021484
        ],
        "average": 0.0008744955062866211,
        "min": 0.0007920265197753906,
        "max": 0.0014870166778564453
    },
    "p16_startup": {
        "class": "P16",
        "include_startup": true,
        "runs": [
            0.0028688907623291016,
            0.0008590221405029297,
            0.0008740425109863281,
            0.0008409023284912109,
            0.0008609294891357422,
            0.0008718967437744141,
            0.0008699893951416016,
            0.0008678436279296875,
            0.0008702278137207031,
            0.0008809566497802734
        ],
        "average": 0.0010664701461791993,
        "min": 0.0008409023284912109,
        "max": 0.0028688907623291016
    },
    "pin16": {
        "class": "PIn16",
        "include_startup": false,
        "runs": [
            0.0014851093292236328,
            0.0007710456848144531,
            0.0007729530334472656,
            0.0007579326629638672,
            0.0007681846618652344,
            0.0007510185241699219,
            0.0007669925689697266,
            0.0007770061492919922,
            0.0007770061492919922,
            0.0007750988006591797
        ],
        "average": 0.0008402347564697265,
        "min": 0.0007510185241699219,
        "max": 0.0014851093292236328
    },
    "pin16_startup": {
        "class": "PIn16",
        "include_startup": true,
        "runs": [
            0.0028371810913085938,
            0.0008521080017089844,
            0.0008509159088134766,
            0.0008680820465087891,
            0.0008499622344970703,
            0.0008540153503417969,
            0.0008211135864257812,
            0.0008640289306640625,
            0.0008950233459472656,
            0.0009050369262695312
        ],
        "average": 0.001059746742248535,
        "min": 0.0008211135864257812,
        "max": 0.0028371810913085938
    },
    "z26": {
        "class": "Z26",
        "include_startup": false,
        "runs": [
            0.0014998912811279297,
            0.0007700920104980469,
            0.0007441043853759766,
            0.0007600784301757812,
            0.0007600784301757812,
            0.0007441043853759766,
            0.0007507801055908203,
            0.00074005126953125,
            0.0007548332214355469,
            0.0007631778717041016
        ],
        "average": 0.0008287191390991211,
        "min": 0.00074005126953125,
        "max": 0.0014998912811279297
    },
    "z26_startup": {
        "class": "Z26",
        "include_startup": true,
        "runs": [
            0.0031280517578125,
            0.001055002212524414,
            0.0009379386901855469,
            0.0009629726409912109,
            0.0009479522705078125,
            0.0009260177612304688,
            0.0009360313415527344,
            0.00090789794921875,
            0.0009319782257080078,
            0.0009388923645019531
        ],
        "average": 0.0011672735214233398,
        "min": 0.00090789794921875,
        "max": 0.0031280517578125
    },
    "zin26": {
        "class": "ZIn26",
        "include_startup": false,
        "runs": [
            0.0015799999237060547,
            0.0007669925689697266,
            0.000782012939453125,
            0.0007669925689697266,
            0.0007641315460205078,
            0.00080108642578125,
            0.0007450580596923828,
            0.0007848739624023438,
            0.0007810592651367188,
            0.000782012939453125
        ],
        "average": 0.0008554220199584961,
        "min": 0.0007450580596923828,
        "max": 0.0015799999237060547
    },
    "zin26_startup": {
        "class": "ZIn26",
        "include_startup": true,
        "runs": [
            0.0029838085174560547,
            0.0009999275207519531,
            0.0009860992431640625,
            0.0009748935699462891,
            0.0009570121765136719,
            0.001024007797241211,
            0.0009839534759521484,
            0.000990152359008789,
            0.0009899139404296875,
            0.0009720325469970703
        ],
        "average": 0.0011861801147460937,
        "min": 0.0009570121765136719,
        "max": 0.0029838085174560547
    }
}