{
    "f06": {
        "class": "F06",
        "include_startup": false,
        "runs": [
            0.0017538070678710938,
            0.0016238689422607422,
            0.001580953598022461,
            0.0015909671783447266,
            0.0015671253204345703,
            0.0017359256744384766,
            0.0015690326690673828,
            0.0015711784362792969,
            0.0015549659729003906,
            0.0015528202056884766
        ],
        "average": 0.0016100645065307618,
        "min": 0.0015528202056884766,
        "max": 0.0017538070678710938
    },
    "f06_startup": {
        "class": "F06",
        "include_startup": true,
        "runs": [
            0.0031189918518066406,
            0.0017230510711669922,
            0.0017189979553222656,
            0.0016970634460449219,
            0.0017437934875488281,
            0.003155946731567383,
            0.0017540454864501953,
            0.0017430782318115234,
            0.0017380714416503906,
            0.0017240047454833984
        ],
        "average": 0.002011704444885254,
        "min": 0.0016970634460449219,
        "max": 0.003155946731567383
    },
    "fin06": {
        "class": "FIn06",
        "include_startup": false,
        "runs": [
            0.003108978271484375,
            0.0027899742126464844,
            0.0027840137481689453,
            0.0028209686279296875,
            0.0028121471405029297,
            0.0030939579010009766,
            0.002696990966796875,
            0.0026979446411132812,
            0.002732992172241211,
            0.0027570724487304688
        ],
        "average": 0.0028295040130615233,
        "min": 0.002696990966796875,
        "max": 0.003108978271484375
    },
    "fin06_startup": {
        "class": "FIn06",
        "include_startup": true,
        "runs": [
            0.002526998519897461,
            0.0014870166778564453,
            0.00146484375,
            0.0014688968658447266,
            0.001474142074584961,
            0.003041982650756836,
            0.0016660690307617188,
            0.0016131401062011719,
            0.0016338825225830078,
            0.0016541481018066406
        ],
        "average": 0.001803112030029297,
        "min": 0.00146484375,
        "max": 0.003041982650756836
    },
    "p16": {
        "class": "P16",
        "include_startup": false,
        "runs": [
            0.005362033843994141,
            0.0053560733795166016,
            0.005303859710693359,
            0.0052340030670166016,
            0.005235195159912109,
            0.0053479671478271484,
            0.005257129669189453,
            0.005335807800292969,
            0.00528407096862793,
            0.005377054214477539
        ],
        "average": 0.0053093194961547855,
        "min": 0.0052340030670166016,
        "max": 0.005377054214477539
    },
    "p16_startup": {
        "class": "P16",
        "include_startup": true,
        "runs": [
            0.006732940673828125,
            0.006752967834472656,
            0.006610870361328125,
            0.006652116775512695,
            0.006867170333862305,
            0.006658077239990234,
            0.005694150924682617,
            0.0069768428802490234,
            0.006772041320800781,
            0.006713151931762695
        ],
        "average": 0.006643033027648926,
        "min": 0.005694150924682617,
        "max": 0.0069768428802490234
    },
    "pin16": {
        "class": "PIn16",
        "include_startup": false,
        "runs": [
            0.0017998218536376953,
            0.0017788410186767578,
            0.0018050670623779297,
            0.0017690658569335938,
            0.0018429756164550781,
            0.0017609596252441406,
            0.0018239021301269531,
            0.0018498897552490234,
            0.001773834228515625,
            0.0015788078308105469
        ],
        "average": 0.0017783164978027344,
        "min": 0.0015788078308105469,
        "max": 0.0018498897552490234
    },
    "pin16_startup": {
        "class": "PIn16",
        "include_startup": true,
        "runs": [
            0.0031409263610839844,
            0.003492116928100586,
            0.003203153610229492,
            0.002593994140625,
            0.0026099681854248047,
            0.0031888484954833984,
            0.0032830238342285156,
            0.0033440589904785156,
            0.003136873245239258,
            0.005362987518310547
        ],
        "average": 0.00333559513092041,
        "min": 0.002593994140625,
        "max": 0.005362987518310547
    }
}