{
    "f06": {
        "class": "F06",
        "include_startup": false,
        "runs": [
            0.4040238857269287,
            0.4081299304962158,
            0.3985109329223633,
            0.40297508239746094,
            0.40726208686828613,
            0.40532803535461426,
            0.4019138813018799,
            0.4306511878967285,
            0.39682602882385254,
            0.40166211128234863
        ],
        "average": 0.40572831630706785,
        "min": 0.39682602882385254,
        "max": 0.4306511878967285
    },
    "f06_startup": {
        "class": "F06",
        "include_startup": true,
        "runs": [
            0.402454137802124,
            0.40207505226135254,
            0.3569209575653076,
            0.40502309799194336,
            0.40257692337036133,
            0.41091108322143555,
            0.4425051212310791,
            0.39673280715942383,
            0.4081740379333496,
            0.4120039939880371
        ],
        "average": 0.40393772125244143,
        "min": 0.3569209575653076,
        "max": 0.4425051212310791
    }
}