{
    "f06": {
        "class": "F06",
        "include_startup": false,
        "runs": [
            0.0008270740509033203,
            0.0009210109710693359,
            0.0008108615875244141,
            0.0008192062377929688,
            0.0008330345153808594,
            0.0008251667022705078,
            0.0008180141448974609,
            0.0007910728454589844,
            0.0008378028869628906,
            0.0008268356323242188
        ],
        "average": 0.0008310079574584961,
        "min": 0.0007910728454589844,
        "max": 0.0009210109710693359
    },
    "f06_startup": {
        "class": "F06",
        "include_startup": true,
        "runs": [
            0.002128124237060547,
            0.001764059066772461,
            0.0017399787902832031,
            0.0020439624786376953,
            0.0020949840545654297,
            0.002192974090576172,
            0.001856088638305664,
            0.0018341541290283203,
            0.0018439292907714844,
            0.0018169879913330078
        ],
        "average": 0.0019315242767333984,
        "min": 0.0017399787902832031,
        "max": 0.002192974090576172
    },
    "fin06": {
        "class": "FIn06",
        "include_startup": false,
        "runs": [
            0.0008339881896972656,
            0.0008380413055419922,
            0.0008490085601806641,
            0.0008289813995361328,
            0.0008349418640136719,
            0.0008301734924316406,
            0.0008480548858642578,
            0.000823974609375,
            0.000843048095703125,
            0.0008351802825927734
        ],
        "average": 0.0008365392684936523,
        "min": 0.000823974609375,
        "max": 0.0008490085601806641
    },
    "fin06_startup": {
        "class": "FIn06",
        "include_startup": true,
        "runs": [
            0.002185821533203125,
            0.0017900466918945312,
            0.001859903335571289,
            0.0017921924591064453,
            0.00179290771484375,
            0.0024979114532470703,
            0.0018279552459716797,
            0.001786947250366211,
            0.0017809867858886719,
            0.001734018325805664
        ],
        "average": 0.0019048690795898438,
        "min": 0.001734018325805664,
        "max": 0.0024979114532470703
    },
    "p16": {
        "class": "P16",
        "include_startup": false,
        "runs": [
            0.0008878707885742188,
            0.0008671283721923828,
            0.0008978843688964844,
            0.0008728504180908203,
            0.0008709430694580078,
            0.00086212158203125,
            0.0008599758148193359,
            0.0009009838104248047,
            0.0008819103240966797,
            0.0008540153503417969
        ],
        "average": 0.0008755683898925781,
        "min": 0.0008540153503417969,
        "max": 0.0009009838104248047
    },
    "p16_startup": {
        "class": "P16",
        "include_startup": true,
        "runs": [
            0.002173900604248047,
            0.002192974090576172,
            0.0022308826446533203,
            0.0038039684295654297,
            0.002274036407470703,
            0.002192974090576172,
            0.002271890640258789,
            0.0022301673889160156,
            0.002177000045776367,
            0.0022869110107421875
        ],
        "average": 0.0023834705352783203,
        "min": 0.002173900604248047,
        "max": 0.0038039684295654297
    },
    "pin16": {
        "class": "PIn16",
        "include_startup": false,
        "runs": [
            0.0008909702301025391,
            0.0008571147918701172,
            0.0009129047393798828,
            0.0007281303405761719,
            0.0008730888366699219,
            0.0008699893951416016,
            0.0008699893951416016,
            0.0007359981536865234,
            0.0008618831634521484,
            0.0008399486541748047
        ],
        "average": 0.0008440017700195312,
        "min": 0.0007281303405761719,
        "max": 0.0009129047393798828
    },
    "pin16_startup": {
        "class": "PIn16",
        "include_startup": true,
        "runs": [
            0.0023069381713867188,
            0.002302885055541992,
            0.0018570423126220703,
            0.0021708011627197266,
            0.0022521018981933594,
            0.0021278858184814453,
            0.0021390914916992188,
            0.0018188953399658203,
            0.0022001266479492188,
            0.0021920204162597656
        ],
        "average": 0.0021367788314819334,
        "min": 0.0018188953399658203,
        "max": 0.0023069381713867188
    }
}