{
    "f06": {
        "class": "F06",
        "include_startup": false,
        "runs": [
            0.07118988037109375,
            0.07055783271789551,
            0.07070398330688477,
            0.07066202163696289,
            0.07151198387145996,
            0.07016110420227051,
            0.07273578643798828,
            0.0702981948852539,
            0.07019209861755371,
            0.0702660083770752
        ],
        "average": 0.07082788944244385,
        "min": 0.07016110420227051,
        "max": 0.07273578643798828
    },
    "f06_startup": {
        "class": "F06",
        "include_startup": true,
        "runs": [
            0.07022881507873535,
            0.07195210456848145,
            0.0717771053314209,
            0.07310819625854492,
            0.07075381278991699,
            0.06899404525756836,
            0.07113409042358398,
            0.07001686096191406,
            0.07047605514526367,
            0.07201099395751953
        ],
        "average": 0.07104520797729492,
        "min": 0.06899404525756836,
        "max": 0.07310819625854492
    },
    "p16": {
        "class": "P16",
        "include_startup": false,
        "runs": [
            8.806863069534302,
            10.091485023498535,
            10.072020053863525,
            9.994003057479858,
            10.226233959197998,
            9.975991010665894,
            9.939466953277588,
            8.85180401802063,
            9.902179956436157,
            10.016025066375732
        ],
        "average": 9.787607216835022,
        "min": 8.806863069534302,
        "max": 10.226233959197998
    },
    "p16_startup": {
        "class": "P16",
        "include_startup": true,
        "runs": [
            8.823739051818848,
            9.812882900238037,
            9.993003129959106,
            10.134839057922363,
            9.944267988204956,
            9.854362964630127,
            9.98789095878601,
            9.917980194091797,
            10.12086296081543,
            9.932456970214844
        ],
        "average": 9.852228617668152,
        "min": 8.823739051818848,
        "max": 10.134839057922363
    }
}