{
    "f06": {
        "class": "F06",
        "include_startup": false,
        "runs": [
            0.0008409023284912109,
            0.0007910728454589844,
            0.0007579326629638672,
            0.0007870197296142578,
            0.0007679462432861328,
            0.0007700920104980469,
            0.0007488727569580078,
            0.0007510185241699219,
            0.0007588863372802734,
            0.0007891654968261719
        ],
        "average": 0.0007762908935546875,
        "min": 0.0007488727569580078,
        "max": 0.0008409023284912109
    },
    "f06_startup": {
        "class": "F06",
        "include_startup": true,
        "runs": [
            0.0019600391387939453,
            0.0008401870727539062,
            0.0008308887481689453,
            0.0008339881896972656,
            0.0008261203765869141,
            0.0008389949798583984,
            0.0008158683776855469,
            0.0008108615875244141,
            0.0008139610290527344,
            0.0008099079132080078
        ],
        "average": 0.0009380817413330078,
        "min": 0.0008099079132080078,
        "max": 0.0019600391387939453
    },
    "p16": {
        "class": "P16",
        "include_startup": false,
        "runs": [
            0.0009410381317138672,
            0.00084686279296875,
            0.0011470317840576172,
            0.0011959075927734375,
            0.0011739730834960938,
            0.0009329319000244141,
            0.0011620521545410156,
            0.0008368492126464844,
            0.0008020401000976562,
            0.0008008480072021484
        ],
        "average": 0.0009839534759521484,
        "min": 0.0008008480072021484,
        "max": 0.0011959075927734375
    },
    "p16_startup": {
        "class": "P16",
        "include_startup": true,
        "runs": [
            0.0020470619201660156,
            0.0008909702301025391,
            0.0008709430694580078,
            0.0008561611175537109,
            0.0008709430694580078,
            0.0008690357208251953,
            0.0008709430694580078,
            0.0008738040924072266,
            0.0008699893951416016,
            0.0008759498596191406
        ],
        "average": 0.0009895801544189454,
        "min": 0.0008561611175537109,
        "max": 0.0020470619201660156
    },
    "z26": {
        "class": "Z26",
        "include_startup": false,
        "runs": [
            0.0009810924530029297,
            0.0007829666137695312,
            0.0007929801940917969,
            0.0007679462432861328,
            0.0007860660552978516,
            0.0009438991546630859,
            0.0010881423950195312,
            0.0007910728454589844,
            0.000782012939453125,
            0.0007789134979248047
        ],
        "average": 0.0008495092391967773,
        "min": 0.0007679462432861328,
        "max": 0.0010881423950195312
    },
    "z26_startup": {
        "class": "Z26",
        "include_startup": true,
        "runs": [
            0.0021409988403320312,
            0.0009648799896240234,
            0.0009210109710693359,
            0.0009708404541015625,
            0.0009469985961914062,
            0.0009219646453857422,
            0.0009341239929199219,
            0.0009641647338867188,
            0.0009348392486572266,
            0.000982046127319336
        ],
        "average": 0.0010681867599487305,
        "min": 0.0009210109710693359,
        "max": 0.0021409988403320312
    }
}