{
    "f06": {
        "class": "F06",
        "include_startup": false,
        "runs": [
            0.6331348419189453,
            0.6322119235992432,
            0.6300599575042725,
            0.6303329467773438,
            0.6287150382995605,
            0.624373197555542,
            0.6186850070953369,
            0.6231720447540283,
            0.6228508949279785,
            0.6294229030609131
        ],
        "average": 0.6272958755493164,
        "min": 0.6186850070953369,
        "max": 0.6331348419189453
    },
    "f06_startup": {
        "class": "F06",
        "include_startup": true,
        "runs": [
            0.6531269550323486,
            0.6466190814971924,
            0.6430940628051758,
            0.6404879093170166,
            0.6411519050598145,
            0.6390109062194824,
            0.638120174407959,
            0.6384479999542236,
            0.6417999267578125,
            0.6356050968170166
        ],
        "average": 0.6417464017868042,
        "min": 0.6356050968170166,
        "max": 0.6531269550323486
    },
    "p16": {
        "class": "P16",
        "include_startup": false,
        "runs": [
            72.91499900817871,
            89.97008299827576,
            88.52502107620239,
            89.6526129245758,
            89.6698579788208,
            74.12821912765503,
            90.10240197181702,
            88.45697593688965,
            89.92348194122314,
            89.34797692298889
        ],
        "average": 86.26916298866271,
        "min": 72.91499900817871,
        "max": 90.10240197181702
    },
    "p16_startup": {
        "class": "P16",
        "include_startup": true,
        "runs": [
            88.97936391830444,
            88.84267997741699,
            90.35485005378723,
            89.33948588371277,
            89.32028889656067,
            90.76127696037292,
            73.61906099319458,
            89.93051290512085,
            89.4637200832367,
            89.64727592468262
        ],
        "average": 88.02585155963898,
        "min": 73.61906099319458,
        "max": 90.76127696037292
    }
}