{
    "f06": {
        "class": "F06",
        "include_startup": false,
        "runs": [
            0.0036678314208984375,
            0.003290891647338867,
            0.00603485107421875,
            0.006133079528808594,
            0.00615692138671875,
            0.002933979034423828,
            0.003139019012451172,
            0.0031228065490722656,
            0.0028939247131347656,
            0.002959012985229492
        ],
        "average": 0.004033231735229492,
        "min": 0.0028939247131347656,
        "max": 0.00615692138671875
    },
    "f06_startup": {
        "class": "F06",
        "include_startup": true,
        "runs": [
            0.004628896713256836,
            0.003471851348876953,
            0.003462076187133789,
            0.003400087356567383,
            0.0036318302154541016,
            0.00471806526184082,
            0.0034630298614501953,
            0.0034270286560058594,
            0.003429889678955078,
            0.0034890174865722656
        ],
        "average": 0.003712177276611328,
        "min": 0.003400087356567383,
        "max": 0.00471806526184082
    },
    "p16": {
        "class": "P16",
        "include_startup": false,
        "runs": [
            0.003671884536743164,
            0.0037491321563720703,
            0.0037491321563720703,
            0.00574493408203125,
            0.003019094467163086,
            0.0036361217498779297,
            0.0036110877990722656,
            0.0036270618438720703,
            0.0036580562591552734,
            0.0037789344787597656
        ],
        "average": 0.0038245439529418944,
        "min": 0.003019094467163086,
        "max": 0.00574493408203125
    },
    "p16_startup": {
        "class": "P16",
        "include_startup": true,
        "runs": [
            0.0047760009765625,
            0.0048029422760009766,
            0.004770040512084961,
            0.004724979400634766,
            0.004763126373291016,
            0.004720211029052734,
            0.0046539306640625,
            0.004809856414794922,
            0.00467991828918457,
            0.004821062088012695
        ],
        "average": 0.004752206802368164,
        "min": 0.0046539306640625,
        "max": 0.004821062088012695
    }
}