{
    "f06": {
        "class": "F06",
        "include_startup": false,
        "runs": [
            0.39932703971862793,
            0.4307839870452881,
            0.3958780765533447,
            0.40952587127685547,
            0.40651702880859375,
            0.40401697158813477,
            0.3350369930267334,
            0.4012339115142822,
            0.3995637893676758,
            0.4033839702606201
        ],
        "average": 0.3985267639160156,
        "min": 0.3350369930267334,
        "max": 0.4307839870452881
    },
    "f06_startup": {
        "class": "F06",
        "include_startup": true,
        "runs": [
            0.39658284187316895,
            0.4005410671234131,
            0.4011261463165283,
            0.3983418941497803,
            0.3954460620880127,
            0.3376650810241699,
            0.40339183807373047,
            0.40634799003601074,
            0.3399829864501953,
            0.3970928192138672
        ],
        "average": 0.3876518726348877,
        "min": 0.3376650810241699,
        "max": 0.40634799003601074
    },
    "fin06": {
        "class": "FIn06",
        "include_startup": false,
        "runs": [
            0.39551711082458496,
            0.37753796577453613,
            0.3735389709472656,
            0.3716130256652832,
            0.371920108795166,
            0.37366700172424316,
            0.3883800506591797,
            0.370452880859375,
            0.373445987701416,
            0.3780190944671631
        ],
        "average": 0.3774092197418213,
        "min": 0.370452880859375,
        "max": 0.39551711082458496
    },
    "fin06_startup": {
        "class": "FIn06",
        "include_startup": true,
        "runs": [
            0.3742661476135254,
            0.31548619270324707,
            0.3809049129486084,
            0.377349853515625,
            0.3710658550262451,
            0.36628198623657227,
            0.3778080940246582,
            0.37723493576049805,
            0.3729898929595947,
            0.3739449977874756
        ],
        "average": 0.368733286857605,
        "min": 0.31548619270324707,
        "max": 0.3809049129486084
    }
}