{
    "f06": {
        "class": "F06",
        "include_startup": false,
        "runs": [
            0.8600740432739258,
            0.728344202041626,
            0.8467810153961182,
            0.8521270751953125,
            0.8556971549987793,
            0.8503918647766113,
            0.8565568923950195,
            0.8483459949493408,
            0.7266349792480469,
            0.8601689338684082
        ],
        "average": 0.8285122156143189,
        "min": 0.7266349792480469,
        "max": 0.8601689338684082
    },
    "f06_startup": {
        "class": "F06",
        "include_startup": true,
        "runs": [
            0.87540602684021,
            0.8571891784667969,
            0.8678150177001953,
            0.8962149620056152,
            0.8466219902038574,
            0.8805179595947266,
            0.8578991889953613,
            0.8517489433288574,
            0.8635439872741699,
            0.8658721446990967
        ],
        "average": 0.8662829399108887,
        "min": 0.8466219902038574,
        "max": 0.8962149620056152
    },
    "fin06": {
        "class": "FIn06",
        "include_startup": false,
        "runs": [
            4.301911115646362,
            4.444159984588623,
            3.427485942840576,
            4.279433012008667,
            4.33560585975647,
            4.445230007171631,
            4.328402996063232,
            4.475671052932739,
            4.266729116439819,
            4.343952894210815
        ],
        "average": 4.264858198165894,
        "min": 3.427485942840576,
        "max": 4.475671052932739
    },
    "fin06_startup": {
        "class": "FIn06",
        "include_startup": true,
        "runs": [
            3.489712953567505,
            4.461230993270874,
            4.422809839248657,
            4.330162048339844,
            4.565134048461914,
            4.329771041870117,
            4.434551000595093,
            4.409381866455078,
            4.324005842208862,
            4.374114036560059
        ],
        "average": 4.3140873670578,
        "min": 3.489712953567505,
        "max": 4.565134048461914
    }
}