{
    "f06": {
        "class": "F06",
        "include_startup": false,
        "runs": [
            0.6664810180664062,
            0.6665289402008057,
            0.6727230548858643,
            0.6558399200439453,
            0.656425952911377,
            0.6502549648284912,
            0.663193941116333,
            0.654932975769043,
            0.6493430137634277,
            0.6557321548461914
        ],
        "average": 0.6591455936431885,
        "min": 0.6493430137634277,
        "max": 0.6727230548858643
    },
    "f06_startup": {
        "class": "F06",
        "include_startup": true,
        "runs": [
            0.561316967010498,
            0.6671109199523926,
            0.7066390514373779,
            0.6632568836212158,
            0.6648130416870117,
            0.6751699447631836,
            0.6617388725280762,
            0.6559882164001465,
            0.6610360145568848,
            0.6693651676177979
        ],
        "average": 0.6586435079574585,
        "min": 0.561316967010498,
        "max": 0.7066390514373779
    }
}