{
    "f06": {
        "class": "F06",
        "include_startup": false,
        "runs": [
            0.0037250518798828125,
            0.003284931182861328,
            0.0032138824462890625,
            0.0032851696014404297,
            0.0032379627227783203,
            0.003214120864868164,
            0.0032269954681396484,
            0.003214120864868164,
            0.003247976303100586,
            0.0032269954681396484
        ],
        "average": 0.0032877206802368166,
        "min": 0.0032138824462890625,
        "max": 0.0037250518798828125
    },
    "f06_startup": {
        "class": "F06",
        "include_startup": true,
        "runs": [
            0.0036780834197998047,
            0.00327301025390625,
            0.0032320022583007812,
            0.0032889842987060547,
            0.003256082534790039,
            0.0032389163970947266,
            0.003261089324951172,
            0.003248929977416992,
            0.003216981887817383,
            0.003309011459350586
        ],
        "average": 0.003300309181213379,
        "min": 0.003216981887817383,
        "max": 0.0036780834197998047
    },
    "fin06": {
        "class": "FIn06",
        "include_startup": false,
        "runs": [
            0.004044055938720703,
            0.003659963607788086,
            0.0037457942962646484,
            0.003660917282104492,
            0.003679990768432617,
            0.0037050247192382812,
            0.003657102584838867,
            0.0036890506744384766,
            0.0036818981170654297,
            0.0036559104919433594
        ],
        "average": 0.003717970848083496,
        "min": 0.0036559104919433594,
        "max": 0.004044055938720703
    },
    "fin06_startup": {
        "class": "FIn06",
        "include_startup": true,
        "runs": [
            0.0040819644927978516,
            0.0036711692810058594,
            0.003696918487548828,
            0.0037240982055664062,
            0.003756999969482422,
            0.0036520957946777344,
            0.003670930862426758,
            0.0036611557006835938,
            0.0038878917694091797,
            0.003696918487548828
        ],
        "average": 0.0037500143051147463,
        "min": 0.0036520957946777344,
        "max": 0.0040819644927978516
    },
    "p16": {
        "class": "P16",
        "include_startup": false,
        "runs": [
            0.0036149024963378906,
            0.003216981887817383,
            0.0031969547271728516,
            0.0033020973205566406,
            0.0032110214233398438,
            0.0032570362091064453,
            0.003247976303100586,
            0.0032279491424560547,
            0.003206968307495117,
            0.003245115280151367
        ],
        "average": 0.003272700309753418,
        "min": 0.0031969547271728516,
        "max": 0.0036149024963378906
    },
    "p16_startup": {
        "class": "P16",
        "include_startup": true,
        "runs": [
            0.0037140846252441406,
            0.0033380985260009766,
            0.0032629966735839844,
            0.0032570362091064453,
            0.0032570362091064453,
            0.0032439231872558594,
            0.0032329559326171875,
            0.0032651424407958984,
            0.0032269954681396484,
            0.003236055374145508
        ],
        "average": 0.0033034324645996095,
        "min": 0.0032269954681396484,
        "max": 0.0037140846252441406
    },
    "pin16": {
        "class": "PIn16",
        "include_startup": false,
        "runs": [
            0.004116058349609375,
            0.003701925277709961,
            0.0037450790405273438,
            0.0037178993225097656,
            0.0037279129028320312,
            0.0037381649017333984,
            0.0037598609924316406,
            0.0037229061126708984,
            0.003721952438354492,
            0.0037178993225097656
        ],
        "average": 0.003766965866088867,
        "min": 0.003701925277709961,
        "max": 0.004116058349609375
    },
    "pin16_startup": {
        "class": "PIn16",
        "include_startup": true,
        "runs": [
            0.004143953323364258,
            0.0036869049072265625,
            0.003698110580444336,
            0.0040438175201416016,
            0.00600886344909668,
            0.003683805465698242,
            0.0036940574645996094,
            0.0036649703979492188,
            0.0036690235137939453,
            0.003656148910522461
        ],
        "average": 0.003994965553283691,
        "min": 0.003656148910522461,
        "max": 0.00600886344909668
    },
    "z26": {
        "class": "Z26",
        "include_startup": false,
        "runs": [
            0.007436990737915039,
            0.0063629150390625,
            0.006613016128540039,
            0.006606101989746094,
            0.005409955978393555,
            0.0032279491424560547,
            0.0035610198974609375,
            0.0032529830932617188,
            0.0031909942626953125,
            0.003217935562133789
        ],
        "average": 0.004887986183166504,
        "min": 0.0031909942626953125,
        "max": 0.007436990737915039
    },
    "z26_startup": {
        "class": "Z26",
        "include_startup": true,
        "runs": [
            0.0036220550537109375,
            0.0032880306243896484,
            0.0032761096954345703,
            0.003220081329345703,
            0.0032498836517333984,
            0.0032570362091064453,
            0.0032939910888671875,
            0.0032961368560791016,
            0.0033109188079833984,
            0.0032629966735839844
        ],
        "average": 0.0033077239990234376,
        "min": 0.003220081329345703,
        "max": 0.0036220550537109375
    },
    "zin26": {
        "class": "ZIn26",
        "include_startup": false,
        "runs": [
            0.004030942916870117,
            0.003818035125732422,
            0.004125118255615234,
            0.0036399364471435547,
            0.003638029098510742,
            0.0036149024963378906,
            0.003648996353149414,
            0.0036170482635498047,
            0.0036499500274658203,
            0.006000041961669922
        ],
        "average": 0.003978300094604492,
        "min": 0.0036149024963378906,
        "max": 0.006000041961669922
    },
    "zin26_startup": {
        "class": "ZIn26",
        "include_startup": true,
        "runs": [
            0.004079103469848633,
            0.0036618709564208984,
            0.0036759376525878906,
            0.003660917282104492,
            0.0036339759826660156,
            0.003628969192504883,
            0.0036640167236328125,
            0.0037260055541992188,
            0.003696918487548828,
            0.0036160945892333984
        ],
        "average": 0.003704380989074707,
        "min": 0.0036160945892333984,
        "max": 0.004079103469848633
    }
}