{
    "f06": {
        "class": "F06",
        "include_startup": false,
        "runs": [
            0.29391980171203613,
            0.2933690547943115,
            0.2899758815765381,
            0.2886359691619873,
            0.26349806785583496,
            0.2918081283569336,
            0.2660679817199707,
            0.2965240478515625,
            0.29168105125427246,
            0.29175901412963867
        ],
        "average": 0.2867238998413086,
        "min": 0.26349806785583496,
        "max": 0.2965240478515625
    },
    "f06_startup": {
        "class": "F06",
        "include_startup": true,
        "runs": [
            0.2859530448913574,
            0.2946031093597412,
            0.2862210273742676,
            0.2929220199584961,
            0.28939199447631836,
            0.2885110378265381,
            0.2879791259765625,
            0.29491090774536133,
            0.2923309803009033,
            0.2858579158782959
        ],
        "average": 0.2898681163787842,
        "min": 0.2858579158782959,
        "max": 0.29491090774536133
    },
    "fin06": {
        "class": "FIn06",
        "include_startup": false,
        "runs": [
            0.2697460651397705,
            0.3120100498199463,
            0.28584790229797363,
            0.29001593589782715,
            0.2907888889312744,
            0.28634095191955566,
            0.28665614128112793,
            0.2847559452056885,
            0.29117298126220703,
            0.2915928363800049
        ],
        "average": 0.2888927698135376,
        "min": 0.2697460651397705,
        "max": 0.3120100498199463
    },
    "fin06_startup": {
        "class": "FIn06",
        "include_startup": true,
        "runs": [
            0.2587089538574219,
            0.2860739231109619,
            0.28143787384033203,
            0.28940582275390625,
            0.2645242214202881,
            0.28875112533569336,
            0.29508090019226074,
            0.2873709201812744,
            0.28603601455688477,
            0.281843900680542
        ],
        "average": 0.28192336559295655,
        "min": 0.2587089538574219,
        "max": 0.29508090019226074
    }
}