{
    "f06": {
        "class": "F06",
        "include_startup": false,
        "runs": [
            0.003782987594604492,
            0.0038459300994873047,
            0.0037751197814941406,
            0.003782987594604492,
            0.003756999969482422,
            0.0038089752197265625,
            0.0037741661071777344,
            0.0037658214569091797,
            0.0037851333618164062,
            0.003770112991333008
        ],
        "average": 0.0037848234176635744,
        "min": 0.003756999969482422,
        "max": 0.0038459300994873047
    },
    "f06_startup": {
        "class": "F06",
        "include_startup": true,
        "runs": [
            0.0040628910064697266,
            0.0040318965911865234,
            0.004029989242553711,
            0.0039288997650146484,
            0.003988027572631836,
            0.00397801399230957,
            0.003865957260131836,
            0.003871917724609375,
            0.0038399696350097656,
            0.0038580894470214844
        ],
        "average": 0.003945565223693848,
        "min": 0.0038399696350097656,
        "max": 0.0040628910064697266
    },
    "fin06": {
        "class": "FIn06",
        "include_startup": false,
        "runs": [
            0.003777027130126953,
            0.0038039684295654297,
            0.003770112991333008,
            0.003771066665649414,
            0.003740072250366211,
            0.003812074661254883,
            0.0037789344787597656,
            0.0038230419158935547,
            0.003793001174926758,
            0.0037889480590820312
        ],
        "average": 0.0037858247756958007,
        "min": 0.003740072250366211,
        "max": 0.0038230419158935547
    },
    "fin06_startup": {
        "class": "FIn06",
        "include_startup": true,
        "runs": [
            0.004112958908081055,
            0.003993034362792969,
            0.003974199295043945,
            0.003988027572631836,
            0.0039708614349365234,
            0.003973960876464844,
            0.0038559436798095703,
            0.003843069076538086,
            0.003854990005493164,
            0.0038449764251708984
        ],
        "average": 0.003941202163696289,
        "min": 0.003843069076538086,
        "max": 0.004112958908081055
    },
    "p16": {
        "class": "P16",
        "include_startup": false,
        "runs": [
            0.0038878917694091797,
            0.0035381317138671875,
            0.004001140594482422,
            0.003859996795654297,
            0.003787994384765625,
            0.003942966461181641,
            0.0033838748931884766,
            0.004235982894897461,
            0.003879070281982422,
            0.003854990005493164
        ],
        "average": 0.0038372039794921874,
        "min": 0.0033838748931884766,
        "max": 0.004235982894897461
    },
    "p16_startup": {
        "class": "P16",
        "include_startup": true,
        "runs": [
            0.0039861202239990234,
            0.004069805145263672,
            0.003638029098510742,
            0.004094839096069336,
            0.00412297248840332,
            0.00398707389831543,
            0.004010915756225586,
            0.0042629241943359375,
            0.004023075103759766,
            0.004019975662231445
        ],
        "average": 0.004021573066711426,
        "min": 0.003638029098510742,
        "max": 0.0042629241943359375
    },
    "pin16": {
        "class": "PIn16",
        "include_startup": false,
        "runs": [
            0.0037088394165039062,
            0.003793954849243164,
            0.0039861202239990234,
            0.003824949264526367,
            0.003821134567260742,
            0.0038750171661376953,
            0.0038042068481445312,
            0.0038390159606933594,
            0.003962993621826172,
            0.0038449764251708984
        ],
        "average": 0.0038461208343505858,
        "min": 0.0037088394165039062,
        "max": 0.0039861202239990234
    },
    "pin16_startup": {
        "class": "PIn16",
        "include_startup": true,
        "runs": [
            0.00406193733215332,
            0.0041980743408203125,
            0.003949880599975586,
            0.003995180130004883,
            0.004100799560546875,
            0.004003047943115234,
            0.0037119388580322266,
            0.0040400028228759766,
            0.004096031188964844,
            0.0037050247192382812
        ],
        "average": 0.003986191749572754,
        "min": 0.0037050247192382812,
        "max": 0.0041980743408203125
    }
}