{
    "f06": {
        "class": "F06",
        "include_startup": false,
        "runs": [
            0.0006070137023925781,
            0.0005791187286376953,
            0.0005791187286376953,
            0.0005769729614257812,
            0.0005710124969482422,
            0.0006380081176757812,
            0.0006060600280761719,
            0.0005800724029541016,
            0.0005948543548583984,
            0.0005960464477539062
        ],
        "average": 0.0005928277969360352,
        "min": 0.0005710124969482422,
        "max": 0.0006380081176757812
    },
    "f06_startup": {
        "class": "F06",
        "include_startup": true,
        "runs": [
            0.0006051063537597656,
            0.0006110668182373047,
            0.0006020069122314453,
            0.0006339550018310547,
            0.0005850791931152344,
            0.0004870891571044922,
            0.0005447864532470703,
            0.0004878044128417969,
            0.0004749298095703125,
            0.0004639625549316406
        ],
        "average": 0.0005495786666870117,
        "min": 0.0004639625549316406,
        "max": 0.0006339550018310547
    },
    "p16": {
        "class": "P16",
        "include_startup": false,
        "runs": [
            0.000598907470703125,
            0.0006380081176757812,
            0.00061798095703125,
            0.0006539821624755859,
            0.0007009506225585938,
            0.0004961490631103516,
            0.0006711483001708984,
            0.0006160736083984375,
            0.0006020069122314453,
            0.0006330013275146484
        ],
        "average": 0.0006228208541870118,
        "min": 0.0004961490631103516,
        "max": 0.0007009506225585938
    },
    "p16_startup": {
        "class": "P16",
        "include_startup": true,
        "runs": [
            0.0006079673767089844,
            0.0005898475646972656,
            0.0006330013275146484,
            0.0004820823669433594,
            0.0005807876586914062,
            0.0006189346313476562,
            0.0006189346313476562,
            0.0006091594696044922,
            0.0006320476531982422,
            0.0006260871887207031
        ],
        "average": 0.0005998849868774414,
        "min": 0.0004820823669433594,
        "max": 0.0006330013275146484
    }
}