{
    "f06": {
        "class": "F06",
        "include_startup": false,
        "runs": [
            0.0012969970703125,
            0.0009319782257080078,
            0.00092315673828125,
            0.0008289813995361328,
            0.0008330345153808594,
            0.0008370876312255859,
            0.0008249282836914062,
            0.0008301734924316406,
            0.0008330345153808594,
            0.0008149147033691406
        ],
        "average": 0.0008954286575317382,
        "min": 0.0008149147033691406,
        "max": 0.0012969970703125
    },
    "f06_startup": {
        "class": "F06",
        "include_startup": true,
        "runs": [
            0.0031280517578125,
            0.0008809566497802734,
            0.0008897781372070312,
            0.000885009765625,
            0.0008909702301025391,
            0.0008809566497802734,
            0.0011060237884521484,
            0.0009169578552246094,
            0.0008978843688964844,
            0.0008459091186523438
        ],
        "average": 0.0011322498321533203,
        "min": 0.0008459091186523438,
        "max": 0.0031280517578125
    },
    "p16": {
        "class": "P16",
        "include_startup": false,
        "runs": [
            0.0014100074768066406,
            0.0007650852203369141,
            0.0008580684661865234,
            0.0008399486541748047,
            0.0008220672607421875,
            0.0008270740509033203,
            0.0008330345153808594,
            0.0008280277252197266,
            0.0008211135864257812,
            0.0008249282836914062
        ],
        "average": 0.0008829355239868164,
        "min": 0.0007650852203369141,
        "max": 0.0014100074768066406
    },
    "p16_startup": {
        "class": "P16",
        "include_startup": true,
        "runs": [
            0.0032041072845458984,
            0.0009319782257080078,
            0.0009160041809082031,
            0.0009150505065917969,
            0.0009140968322753906,
            0.0009250640869140625,
            0.0008969306945800781,
            0.0009169578552246094,
            0.0009148120880126953,
            0.0008950233459472656
        ],
        "average": 0.0011430025100708009,
        "min": 0.0008950233459472656,
        "max": 0.0032041072845458984
    },
    "z26": {
        "class": "Z26",
        "include_startup": false,
        "runs": [
            0.0010478496551513672,
            0.0006361007690429688,
            0.0006670951843261719,
            0.0006527900695800781,
            0.0006349086761474609,
            0.0006389617919921875,
            0.0006430149078369141,
            0.0006320476531982422,
            0.000637054443359375,
            0.0006427764892578125
        ],
        "average": 0.0006832599639892579,
        "min": 0.0006320476531982422,
        "max": 0.0010478496551513672
    },
    "z26_startup": {
        "class": "Z26",
        "include_startup": true,
        "runs": [
            0.0032501220703125,
            0.0010800361633300781,
            0.0009801387786865234,
            0.0009539127349853516,
            0.0009660720825195312,
            0.0009751319885253906,
            0.0009241104125976562,
            0.0009539127349853516,
            0.0009400844573974609,
            0.0009701251983642578
        ],
        "average": 0.0011993646621704102,
        "min": 0.0009241104125976562,
        "max": 0.0032501220703125
    }
}