{
    "f06": {
        "class": "F06",
        "include_startup": false,
        "runs": [
            0.10011911392211914,
            0.1022040843963623,
            0.09975099563598633,
            0.10020279884338379,
            0.10013890266418457,
            0.10277700424194336,
            0.11693596839904785,
            0.10580110549926758,
            0.10389184951782227,
            0.1040489673614502
        ],
        "average": 0.10358707904815674,
        "min": 0.09975099563598633,
        "max": 0.11693596839904785
    },
    "f06_startup": {
        "class": "F06",
        "include_startup": true,
        "runs": [
            0.11614584922790527,
            0.10489583015441895,
            0.10001301765441895,
            0.09936809539794922,
            0.10495281219482422,
            0.09896087646484375,
            0.10094189643859863,
            0.10097384452819824,
            0.09990382194519043,
            0.09927511215209961
        ],
        "average": 0.10254311561584473,
        "min": 0.09896087646484375,
        "max": 0.11614584922790527
    },
    "fin06": {
        "class": "FIn06",
        "include_startup": false,
        "runs": [
            0.09961795806884766,
            0.10508108139038086,
            0.09798407554626465,
            0.09833812713623047,
            0.09891295433044434,
            0.10314297676086426,
            0.09830784797668457,
            0.09911084175109863,
            0.09877586364746094,
            0.09938883781433105
        ],
        "average": 0.09986605644226074,
        "min": 0.09798407554626465,
        "max": 0.10508108139038086
    },
    "fin06_startup": {
        "class": "FIn06",
        "include_startup": true,
        "runs": [
            0.0990757942199707,
            0.10153698921203613,
            0.09909701347351074,
            0.10001993179321289,
            0.10080695152282715,
            0.10287904739379883,
            0.1048128604888916,
            0.10091209411621094,
            0.10454082489013672,
            0.10369706153869629
        ],
        "average": 0.1017378568649292,
        "min": 0.0990757942199707,
        "max": 0.1048128604888916
    },
    "p16": {
        "class": "P16",
        "include_startup": false,
        "runs": [
            13.803895950317383,
            13.760380983352661,
            13.619556903839111,
            13.164859056472778,
            13.744462966918945,
            13.589087009429932,
            13.858489036560059,
            14.107267141342163,
            13.682658910751343,
            13.725838899612427
        ],
        "average": 13.70564968585968,
        "min": 13.164859056472778,
        "max": 14.107267141342163
    },
    "p16_startup": {
        "class": "P16",
        "include_startup": true,
        "runs": [
            13.74076795578003,
            13.652607917785645,
            13.756532907485962,
            13.69283390045166,
            13.746437072753906,
            13.654251098632812,
            13.644053936004639,
            13.77655291557312,
            13.663585901260376,
            13.709388017654419
        ],
        "average": 13.703701162338257,
        "min": 13.644053936004639,
        "max": 13.77655291557312
    },
    "pin16": {
        "class": "PIn16",
        "include_startup": false,
        "runs": [
            13.709809064865112,
            13.164552927017212,
            13.951884984970093,
            13.842246055603027,
            13.754357099533081,
            13.78007197380066,
            13.715157985687256,
            13.704122066497803,
            13.731508016586304,
            13.740010023117065
        ],
        "average": 13.70937201976776,
        "min": 13.164552927017212,
        "max": 13.951884984970093
    },
    "pin16_startup": {
        "class": "PIn16",
        "include_startup": true,
        "runs": [
            13.85023307800293,
            13.807770013809204,
            13.716048955917358,
            13.799432039260864,
            13.788709163665771,
            13.801769018173218,
            13.815991878509521,
            13.818171977996826,
            13.699282884597778,
            13.790349006652832
        ],
        "average": 13.78877580165863,
        "min": 13.699282884597778,
        "max": 13.85023307800293
    }
}