{
    "f06": {
        "class": "F06",
        "include_startup": false,
        "runs": [
            0.0011820793151855469,
            0.0012111663818359375,
            0.0012099742889404297,
            0.0011820793151855469,
            0.0011899471282958984,
            0.0012199878692626953,
            0.0011799335479736328,
            0.0012159347534179688,
            0.0012040138244628906,
            0.0012218952178955078
        ],
        "average": 0.0012017011642456055,
        "min": 0.0011799335479736328,
        "max": 0.0012218952178955078
    },
    "f06_startup": {
        "class": "F06",
        "include_startup": true,
        "runs": [
            0.001519918441772461,
            0.0012500286102294922,
            0.0012919902801513672,
            0.0012519359588623047,
            0.0012650489807128906,
            0.0012369155883789062,
            0.0012710094451904297,
            0.0012478828430175781,
            0.0012600421905517578,
            0.0012171268463134766
        ],
        "average": 0.0012811899185180664,
        "min": 0.0012171268463134766,
        "max": 0.001519918441772461
    },
    "fin06": {
        "class": "FIn06",
        "include_startup": false,
        "runs": [
            0.0011610984802246094,
            0.0012080669403076172,
            0.0012230873107910156,
            0.0012311935424804688,
            0.001216888427734375,
            0.0012259483337402344,
            0.0012409687042236328,
            0.0011968612670898438,
            0.0012171268463134766,
            0.0012340545654296875
        ],
        "average": 0.0012155294418334961,
        "min": 0.0011610984802246094,
        "max": 0.0012409687042236328
    },
    "fin06_startup": {
        "class": "FIn06",
        "include_startup": true,
        "runs": [
            0.002599954605102539,
            0.0022668838500976562,
            0.0022859573364257812,
            0.0022590160369873047,
            0.002285003662109375,
            0.0019080638885498047,
            0.0012819766998291016,
            0.0012538433074951172,
            0.0012521743774414062,
            0.0019698143005371094
        ],
        "average": 0.0019362688064575196,
        "min": 0.0012521743774414062,
        "max": 0.002599954605102539
    },
    "p16": {
        "class": "P16",
        "include_startup": false,
        "runs": [
            0.001207113265991211,
            0.001233816146850586,
            0.0012199878692626953,
            0.001233816146850586,
            0.0012099742889404297,
            0.0012810230255126953,
            0.0012218952178955078,
            0.001249074935913086,
            0.00121307373046875,
            0.0012538433074951172
        ],
        "average": 0.0012323617935180663,
        "min": 0.001207113265991211,
        "max": 0.0012810230255126953
    },
    "p16_startup": {
        "class": "P16",
        "include_startup": true,
        "runs": [
            0.001561880111694336,
            0.0013208389282226562,
            0.0013201236724853516,
            0.0012731552124023438,
            0.001294851303100586,
            0.0013289451599121094,
            0.0012829303741455078,
            0.0012907981872558594,
            0.00131988525390625,
            0.0012922286987304688
        ],
        "average": 0.0013285636901855468,
        "min": 0.0012731552124023438,
        "max": 0.001561880111694336
    },
    "pin16": {
        "class": "PIn16",
        "include_startup": false,
        "runs": [
            0.0011591911315917969,
            0.0011949539184570312,
            0.0011789798736572266,
            0.0011970996856689453,
            0.001191854476928711,
            0.0012149810791015625,
            0.0012149810791015625,
            0.0011868476867675781,
            0.0011899471282958984,
            0.001990795135498047
        ],
        "average": 0.001271963119506836,
        "min": 0.0011591911315917969,
        "max": 0.001990795135498047
    },
    "pin16_startup": {
        "class": "PIn16",
        "include_startup": true,
        "runs": [
            0.00152587890625,
            0.0012569427490234375,
            0.0012431144714355469,
            0.0012660026550292969,
            0.0012440681457519531,
            0.0012679100036621094,
            0.0012459754943847656,
            0.0012650489807128906,
            0.0012700557708740234,
            0.0012688636779785156
        ],
        "average": 0.001285386085510254,
        "min": 0.0012431144714355469,
        "max": 0.00152587890625
    },
    "z26": {
        "class": "Z26",
        "include_startup": false,
        "runs": [
            0.0011768341064453125,
            0.0011868476867675781,
            0.0012121200561523438,
            0.0011889934539794922,
            0.001188039779663086,
            0.0011730194091796875,
            0.0012099742889404297,
            0.0011870861053466797,
            0.0011839866638183594,
            0.0011799335479736328
        ],
        "average": 0.0011886835098266601,
        "min": 0.0011730194091796875,
        "max": 0.0012121200561523438
    },
    "z26_startup": {
        "class": "Z26",
        "include_startup": true,
        "runs": [
            0.0020799636840820312,
            0.0018351078033447266,
            0.001825094223022461,
            0.0018520355224609375,
            0.0018489360809326172,
            0.0019061565399169922,
            0.0018870830535888672,
            0.0016739368438720703,
            0.0018341541290283203,
            0.0018138885498046875
        ],
        "average": 0.0018556356430053712,
        "min": 0.0016739368438720703,
        "max": 0.0020799636840820312
    },
    "zin26": {
        "class": "ZIn26",
        "include_startup": false,
        "runs": [
            0.001194000244140625,
            0.001199960708618164,
            0.0011789798736572266,
            0.0011868476867675781,
            0.0019578933715820312,
            0.0011870861053466797,
            0.001194000244140625,
            0.001180887222290039,
            0.0011789798736572266,
            0.0011839866638183594
        ],
        "average": 0.0012642621994018554,
        "min": 0.0011789798736572266,
        "max": 0.0019578933715820312
    },
    "zin26_startup": {
        "class": "ZIn26",
        "include_startup": true,
        "runs": [
            0.001542806625366211,
            0.001283884048461914,
            0.001271963119506836,
            0.0012431144714355469,
            0.0012359619140625,
            0.0012478828430175781,
            0.0012679100036621094,
            0.0012469291687011719,
            0.001249074935913086,
            0.0012369155883789062
        ],
        "average": 0.001282644271850586,
        "min": 0.0012359619140625,
        "max": 0.001542806625366211
    }
}