{
    "f06": {
        "class": "F06",
        "include_startup": false,
        "runs": [
            0.0014531612396240234,
            0.00138092041015625,
            0.0013320446014404297,
            0.0013270378112792969,
            0.001336812973022461,
            0.001332998275756836,
            0.0013380050659179688,
            0.0013620853424072266,
            0.0013399124145507812,
            0.0013480186462402344
        ],
        "average": 0.0013550996780395507,
        "min": 0.0013270378112792969,
        "max": 0.0014531612396240234
    },
    "f06_startup": {
        "class": "F06",
        "include_startup": true,
        "runs": [
            0.0017499923706054688,
            0.0011110305786132812,
            0.0011229515075683594,
            0.0010890960693359375,
            0.0011019706726074219,
            0.0010941028594970703,
            0.001096963882446289,
            0.0010859966278076172,
            0.0010921955108642578,
            0.0010981559753417969
        ],
        "average": 0.00116424560546875,
        "min": 0.0010859966278076172,
        "max": 0.0017499923706054688
    },
    "p16": {
        "class": "P16",
        "include_startup": false,
        "runs": [
            0.0015680789947509766,
            0.001399993896484375,
            0.0013980865478515625,
            0.0014050006866455078,
            0.0013878345489501953,
            0.0014011859893798828,
            0.001405954360961914,
            0.00138092041015625,
            0.0013899803161621094,
            0.0013911724090576172
        ],
        "average": 0.001412820816040039,
        "min": 0.00138092041015625,
        "max": 0.0015680789947509766
    },
    "p16_startup": {
        "class": "P16",
        "include_startup": true,
        "runs": [
            0.0023698806762695312,
            0.0015230178833007812,
            0.0014560222625732422,
            0.0014491081237792969,
            0.001422882080078125,
            0.0014710426330566406,
            0.0014209747314453125,
            0.0014460086822509766,
            0.0014660358428955078,
            0.0014400482177734375
        ],
        "average": 0.0015465021133422852,
        "min": 0.0014209747314453125,
        "max": 0.0023698806762695312
    },
    "z26": {
        "class": "Z26",
        "include_startup": false,
        "runs": [
            0.0016188621520996094,
            0.0014538764953613281,
            0.0013849735260009766,
            0.0013439655303955078,
            0.0013680458068847656,
            0.0013580322265625,
            0.002043008804321289,
            0.0013599395751953125,
            0.001344919204711914,
            0.0013551712036132812
        ],
        "average": 0.0014630794525146485,
        "min": 0.0013439655303955078,
        "max": 0.002043008804321289
    },
    "z26_startup": {
        "class": "Z26",
        "include_startup": true,
        "runs": [
            0.002357959747314453,
            0.0015130043029785156,
            0.0015480518341064453,
            0.0015249252319335938,
            0.0015110969543457031,
            0.0015261173248291016,
            0.0015339851379394531,
            0.0018529891967773438,
            0.0015599727630615234,
            0.0015521049499511719
        ],
        "average": 0.0016480207443237305,
        "min": 0.0015110969543457031,
        "max": 0.002357959747314453
    }
}