{
    "f06": {
        "class": "F06",
        "include_startup": false,
        "runs": [
            0.0014159679412841797,
            0.0013790130615234375,
            0.0013689994812011719,
            0.0013799667358398438,
            0.0013599395751953125,
            0.001361846923828125,
            0.001377105712890625,
            0.0013499259948730469,
            0.0013630390167236328,
            0.0013568401336669922
        ],
        "average": 0.0013712644577026367,
        "min": 0.0013499259948730469,
        "max": 0.0014159679412841797
    },
    "f06_startup": {
        "class": "F06",
        "include_startup": true,
        "runs": [
            0.0028400421142578125,
            0.002104043960571289,
            0.0020759105682373047,
            0.0020589828491210938,
            0.002065896987915039,
            0.0020630359649658203,
            0.0020689964294433594,
            0.002065896987915039,
            0.0020759105682373047,
            0.002164125442504883
        ],
        "average": 0.0021582841873168945,
        "min": 0.0020589828491210938,
        "max": 0.0028400421142578125
    },
    "fin06": {
        "class": "FIn06",
        "include_startup": false,
        "runs": [
            0.003815889358520508,
            0.003822803497314453,
            0.0037589073181152344,
            0.0037360191345214844,
            0.003782987594604492,
            0.0038139820098876953,
            0.0037610530853271484,
            0.003782987594604492,
            0.003741025924682617,
            0.003796815872192383
        ],
        "average": 0.003781247138977051,
        "min": 0.0037360191345214844,
        "max": 0.003822803497314453
    },
    "fin06_startup": {
        "class": "FIn06",
        "include_startup": true,
        "runs": [
            0.0053060054779052734,
            0.004481077194213867,
            0.0046617984771728516,
            0.004745006561279297,
            0.004590034484863281,
            0.004868030548095703,
            0.004533052444458008,
            0.0073621273040771484,
            0.005263805389404297,
            0.004553079605102539
        ],
        "average": 0.005036401748657227,
        "min": 0.004481077194213867,
        "max": 0.0073621273040771484
    },
    "p16": {
        "class": "P16",
        "include_startup": false,
        "runs": [
            0.0013980865478515625,
            0.0013980865478515625,
            0.0013780593872070312,
            0.0013568401336669922,
            0.0013859272003173828,
            0.0013871192932128906,
            0.0013699531555175781,
            0.0014069080352783203,
            0.0013611316680908203,
            0.0013759136199951172
        ],
        "average": 0.0013818025588989257,
        "min": 0.0013568401336669922,
        "max": 0.0014069080352783203
    },
    "p16_startup": {
        "class": "P16",
        "include_startup": true,
        "runs": [
            0.0028281211853027344,
            0.0020999908447265625,
            0.002071857452392578,
            0.002088785171508789,
            0.0021209716796875,
            0.002090930938720703,
            0.0021178722381591797,
            0.0021071434020996094,
            0.002110004425048828,
            0.002067089080810547
        ],
        "average": 0.002170276641845703,
        "min": 0.002067089080810547,
        "max": 0.0028281211853027344
    },
    "pin16": {
        "class": "PIn16",
        "include_startup": false,
        "runs": [
            0.003537893295288086,
            0.003933906555175781,
            0.0034949779510498047,
            0.0035049915313720703,
            0.003534078598022461,
            0.0035691261291503906,
            0.003492116928100586,
            0.0034601688385009766,
            0.003490924835205078,
            0.0034520626068115234
        ],
        "average": 0.0035470247268676756,
        "min": 0.0034520626068115234,
        "max": 0.003933906555175781
    },
    "pin16_startup": {
        "class": "PIn16",
        "include_startup": true,
        "runs": [
            0.004797935485839844,
            0.004163026809692383,
            0.004112958908081055,
            0.0040547847747802734,
            0.004303932189941406,
            0.004114866256713867,
            0.004105806350708008,
            0.004125118255615234,
            0.0041751861572265625,
            0.004199028015136719
        ],
        "average": 0.004215264320373535,
        "min": 0.0040547847747802734,
        "max": 0.004797935485839844
    },
    "z26": {
        "class": "Z26",
        "include_startup": false,
        "runs": [
            0.0014507770538330078,
            0.0013880729675292969,
            0.0013859272003173828,
            0.0013628005981445312,
            0.0013728141784667969,
            0.0013802051544189453,
            0.0013768672943115234,
            0.0013780593872070312,
            0.0013849735260009766,
            0.0013768672943115234
        ],
        "average": 0.0013857364654541015,
        "min": 0.0013628005981445312,
        "max": 0.0014507770538330078
    },
    "z26_startup": {
        "class": "Z26",
        "include_startup": true,
        "runs": [
            0.002368927001953125,
            0.0017490386962890625,
            0.00173187255859375,
            0.001705169677734375,
            0.0016798973083496094,
            0.0016970634460449219,
            0.0017118453979492188,
            0.001680135726928711,
            0.001692056655883789,
            0.0017008781433105469
        ],
        "average": 0.001771688461303711,
        "min": 0.0016798973083496094,
        "max": 0.002368927001953125
    },
    "zin26": {
        "class": "ZIn26",
        "include_startup": false,
        "runs": [
            0.0038919448852539062,
            0.0038340091705322266,
            0.003847837448120117,
            0.003898143768310547,
            0.0037899017333984375,
            0.0037860870361328125,
            0.0037839412689208984,
            0.0038449764251708984,
            0.0037720203399658203,
            0.0037899017333984375
        ],
        "average": 0.00382387638092041,
        "min": 0.0037720203399658203,
        "max": 0.003898143768310547
    },
    "zin26_startup": {
        "class": "ZIn26",
        "include_startup": true,
        "runs": [
            0.005421876907348633,
            0.0045909881591796875,
            0.004580020904541016,
            0.005691051483154297,
            0.00539398193359375,
            0.004584074020385742,
            0.004662036895751953,
            0.004553079605102539,
            0.004659891128540039,
            0.004502058029174805
        ],
        "average": 0.004863905906677246,
        "min": 0.004502058029174805,
        "max": 0.005691051483154297
    }
}