{
    "f06": {
        "class": "F06",
        "include_startup": false,
        "runs": [
            0.0008459091186523438,
            0.0008151531219482422,
            0.0007841587066650391,
            0.0008139610290527344,
            0.0007991790771484375,
            0.0008111000061035156,
            0.0008060932159423828,
            0.0008120536804199219,
            0.0007817745208740234,
            0.0008060932159423828
        ],
        "average": 0.0008075475692749023,
        "min": 0.0007817745208740234,
        "max": 0.0008459091186523438
    },
    "f06_startup": {
        "class": "F06",
        "include_startup": true,
        "runs": [
            0.0007500648498535156,
            0.0008251667022705078,
            0.0008258819580078125,
            0.0010228157043457031,
            0.0007979869842529297,
            0.0007948875427246094,
            0.0007700920104980469,
            0.0008039474487304688,
            0.0008008480072021484,
            0.0008001327514648438
        ],
        "average": 0.0008191823959350586,
        "min": 0.0007500648498535156,
        "max": 0.0010228157043457031
    },
    "fin06": {
        "class": "FIn06",
        "include_startup": false,
        "runs": [
            0.0011489391326904297,
            0.0011429786682128906,
            0.0011420249938964844,
            0.0011410713195800781,
            0.0011749267578125,
            0.0011401176452636719,
            0.0011451244354248047,
            0.0011379718780517578,
            0.0011320114135742188,
            0.0011279582977294922
        ],
        "average": 0.0011433124542236327,
        "min": 0.0011279582977294922,
        "max": 0.0011749267578125
    },
    "fin06_startup": {
        "class": "FIn06",
        "include_startup": true,
        "runs": [
            0.0008330345153808594,
            0.0008120536804199219,
            0.0007960796356201172,
            0.0008170604705810547,
            0.0008089542388916016,
            0.0008111000061035156,
            0.0008101463317871094,
            0.0008168220520019531,
            0.0007970333099365234,
            0.0008068084716796875
        ],
        "average": 0.0008109092712402343,
        "min": 0.0007960796356201172,
        "max": 0.0008330345153808594
    },
    "p16": {
        "class": "P16",
        "include_startup": false,
        "runs": [
            0.0008499622344970703,
            0.0008349418640136719,
            0.000823974609375,
            0.0008120536804199219,
            0.000820159912109375,
            0.0008289813995361328,
            0.0008289813995361328,
            0.0008358955383300781,
            0.0008211135864257812,
            0.0008180141448974609
        ],
        "average": 0.0008274078369140625,
        "min": 0.0008120536804199219,
        "max": 0.0008499622344970703
    },
    "p16_startup": {
        "class": "P16",
        "include_startup": true,
        "runs": [
            0.0008192062377929688,
            0.0007789134979248047,
            0.0010371208190917969,
            0.0011699199676513672,
            0.0011260509490966797,
            0.0011298656463623047,
            0.0008788108825683594,
            0.0007929801940917969,
            0.0007741451263427734,
            0.0007829666137695312
        ],
        "average": 0.0009289979934692383,
        "min": 0.0007741451263427734,
        "max": 0.0011699199676513672
    },
    "pin16": {
        "class": "PIn16",
        "include_startup": false,
        "runs": [
            0.0010271072387695312,
            0.0011250972747802734,
            0.0011792182922363281,
            0.0011470317840576172,
            0.0008950233459472656,
            0.0007569789886474609,
            0.0007870197296142578,
            0.0007889270782470703,
            0.0007910728454589844,
            0.0007810592651367188
        ],
        "average": 0.0009278535842895507,
        "min": 0.0007569789886474609,
        "max": 0.0011792182922363281
    },
    "pin16_startup": {
        "class": "PIn16",
        "include_startup": true,
        "runs": [
            0.0008308887481689453,
            0.0007958412170410156,
            0.0008211135864257812,
            0.0008139610290527344,
            0.0008459091186523438,
            0.0008170604705810547,
            0.0010960102081298828,
            0.0011408329010009766,
            0.0011260509490966797,
            0.0009109973907470703
        ],
        "average": 0.0009198665618896484,
        "min": 0.0007958412170410156,
        "max": 0.0011408329010009766
    },
    "z26": {
        "class": "Z26",
        "include_startup": false,
        "runs": [
            0.0008339881896972656,
            0.0007948875427246094,
            0.0007898807525634766,
            0.0007920265197753906,
            0.0007750988006591797,
            0.0007910728454589844,
            0.0007910728454589844,
            0.0007829666137695312,
            0.0007839202880859375,
            0.0007691383361816406
        ],
        "average": 0.0007904052734375,
        "min": 0.0007691383361816406,
        "max": 0.0008339881896972656
    },
    "z26_startup": {
        "class": "Z26",
        "include_startup": true,
        "runs": [
            0.0008790493011474609,
            0.0008080005645751953,
            0.00080108642578125,
            0.0008089542388916016,
            0.0007989406585693359,
            0.0007741451263427734,
            0.0007939338684082031,
            0.0008120536804199219,
            0.0008218288421630859,
            0.0008029937744140625
        ],
        "average": 0.0008100986480712891,
        "min": 0.0007741451263427734,
        "max": 0.0008790493011474609
    },
    "zin26": {
        "class": "ZIn26",
        "include_startup": false,
        "runs": [
            0.0008127689361572266,
            0.0007789134979248047,
            0.0007951259613037109,
            0.0007970333099365234,
            0.0007920265197753906,
            0.0007958412170410156,
            0.0007719993591308594,
            0.000782012939453125,
            0.0007739067077636719,
            0.0007889270782470703
        ],
        "average": 0.0007888555526733398,
        "min": 0.0007719993591308594,
        "max": 0.0008127689361572266
    },
    "zin26_startup": {
        "class": "ZIn26",
        "include_startup": true,
        "runs": [
            0.0008368492126464844,
            0.0008261203765869141,
            0.0008270740509033203,
            0.0008151531219482422,
            0.0008358955383300781,
            0.0008111000061035156,
            0.0008130073547363281,
            0.0008261203765869141,
            0.0008149147033691406,
            0.0008170604705810547
        ],
        "average": 0.0008223295211791992,
        "min": 0.0008111000061035156,
        "max": 0.0008368492126464844
    }
}