{
    "f06": {
        "class": "F06",
        "include_startup": false,
        "runs": [
            0.3396182060241699,
            0.3435511589050293,
            0.34726595878601074,
            0.3467428684234619,
            0.30145692825317383,
            0.30516982078552246,
            0.3416428565979004,
            0.3037741184234619,
            0.35482001304626465,
            0.3376429080963135
        ],
        "average": 0.3321684837341309,
        "min": 0.30145692825317383,
        "max": 0.35482001304626465
    },
    "f06_startup": {
        "class": "F06",
        "include_startup": true,
        "runs": [
            0.37633204460144043,
            0.37808680534362793,
            0.37560582160949707,
            0.37407517433166504,
            0.375978946685791,
            0.3864459991455078,
            0.37717700004577637,
            0.37731099128723145,
            0.37288403511047363,
            0.37538695335388184
        ],
        "average": 0.37692837715148925,
        "min": 0.37288403511047363,
        "max": 0.3864459991455078
    }
}