{
    "f06": {
        "class": "F06",
        "include_startup": false,
        "runs": [
            3.5400049686431885,
            3.5455849170684814,
            3.4596660137176514,
            3.502484083175659,
            3.441192865371704,
            3.4823570251464844,
            3.5220141410827637,
            3.4659600257873535,
            3.478527069091797,
            3.4884519577026367
        ],
        "average": 3.492624306678772,
        "min": 3.441192865371704,
        "max": 3.5455849170684814
    },
    "f06_startup": {
        "class": "F06",
        "include_startup": true,
        "runs": [
            3.5240440368652344,
            3.5043349266052246,
            3.5174331665039062,
            3.478541135787964,
            3.4279909133911133,
            3.5123260021209717,
            3.510045051574707,
            3.5006470680236816,
            3.569765090942383,
            3.5294911861419678
        ],
        "average": 3.5074618577957155,
        "min": 3.4279909133911133,
        "max": 3.569765090942383
    },
    "fin06": {
        "class": "FIn06",
        "include_startup": false,
        "runs": [
            1.9446098804473877,
            3.552126169204712,
            3.5320730209350586,
            3.5277719497680664,
            1.952131986618042,
            3.492042064666748,
            3.5868239402770996,
            3.5333218574523926,
            3.478332042694092,
            3.473310947418213
        ],
        "average": 3.2072543859481812,
        "min": 1.9446098804473877,
        "max": 3.5868239402770996
    },
    "fin06_startup": {
        "class": "FIn06",
        "include_startup": true,
        "runs": [
            3.540839910507202,
            3.520542860031128,
            3.5547330379486084,
            3.5193932056427,
            3.5169789791107178,
            3.522817850112915,
            3.3970370292663574,
            3.611003875732422,
            3.5445590019226074,
            3.565782070159912
        ],
        "average": 3.529368782043457,
        "min": 3.3970370292663574,
        "max": 3.611003875732422
    }
}