{
    "f06": {
        "class": "F06",
        "include_startup": false,
        "runs": [
            0.0007359981536865234,
            0.000720977783203125,
            0.0007338523864746094,
            0.0007541179656982422,
            0.0007519721984863281,
            0.0007228851318359375,
            0.0007197856903076172,
            0.000720977783203125,
            0.0007510185241699219,
            0.0007069110870361328
        ],
        "average": 0.0007318496704101562,
        "min": 0.0007069110870361328,
        "max": 0.0007541179656982422
    },
    "f06_startup": {
        "class": "F06",
        "include_startup": true,
        "runs": [
            0.0006361007690429688,
            0.0006358623504638672,
            0.0006299018859863281,
            0.0006160736083984375,
            0.0006291866302490234,
            0.0006151199340820312,
            0.0006270408630371094,
            0.0006299018859863281,
            0.0006229877471923828,
            0.0006208419799804688
        ],
        "average": 0.0006263017654418946,
        "min": 0.0006151199340820312,
        "max": 0.0006361007690429688
    },
    "fin06": {
        "class": "FIn06",
        "include_startup": false,
        "runs": [
            0.0013051033020019531,
            0.0012509822845458984,
            0.0012400150299072266,
            0.0012760162353515625,
            0.001249074935913086,
            0.0012390613555908203,
            0.0012590885162353516,
            0.0013070106506347656,
            0.001241922378540039,
            0.0011990070343017578
        ],
        "average": 0.0012567281723022462,
        "min": 0.0011990070343017578,
        "max": 0.0013070106506347656
    },
    "fin06_startup": {
        "class": "FIn06",
        "include_startup": true,
        "runs": [
            0.0008649826049804688,
            0.0008120536804199219,
            0.0008339881896972656,
            0.0008909702301025391,
            0.0008139610290527344,
            0.0008251667022705078,
            0.00078582763671875,
            0.0008351802825927734,
            0.0007932186126708984,
            0.0008289813995361328
        ],
        "average": 0.0008284330368041992,
        "min": 0.00078582763671875,
        "max": 0.0008909702301025391
    },
    "p16": {
        "class": "P16",
        "include_startup": false,
        "runs": [
            0.0008020401000976562,
            0.0007719993591308594,
            0.0007741451263427734,
            0.0007638931274414062,
            0.0007510185241699219,
            0.0007841587066650391,
            0.0007851123809814453,
            0.0007510185241699219,
            0.0007660388946533203,
            0.0007441043853759766
        ],
        "average": 0.000769352912902832,
        "min": 0.0007441043853759766,
        "max": 0.0008020401000976562
    },
    "p16_startup": {
        "class": "P16",
        "include_startup": true,
        "runs": [
            0.0008180141448974609,
            0.000698089599609375,
            0.0006918907165527344,
            0.0006830692291259766,
            0.0006959438323974609,
            0.00067901611328125,
            0.0010378360748291016,
            0.0009639263153076172,
            0.0006899833679199219,
            0.0006840229034423828
        ],
        "average": 0.0007641792297363281,
        "min": 0.00067901611328125,
        "max": 0.0010378360748291016
    },
    "pin16": {
        "class": "PIn16",
        "include_startup": false,
        "runs": [
            0.0008080005645751953,
            0.0007581710815429688,
            0.00078582763671875,
            0.0007679462432861328,
            0.0007598400115966797,
            0.0007691383361816406,
            0.0007510185241699219,
            0.0007610321044921875,
            0.0007789134979248047,
            0.0007538795471191406
        ],
        "average": 0.0007693767547607422,
        "min": 0.0007510185241699219,
        "max": 0.0008080005645751953
    },
    "pin16_startup": {
        "class": "PIn16",
        "include_startup": true,
        "runs": [
            0.00131988525390625,
            0.0009558200836181641,
            0.0006890296936035156,
            0.0007691383361816406,
            0.0007488727569580078,
            0.0007359981536865234,
            0.0007278919219970703,
            0.0007569789886474609,
            0.000720977783203125,
            0.0007529258728027344
        ],
        "average": 0.0008177518844604492,
        "min": 0.0006890296936035156,
        "max": 0.00131988525390625
    },
    "z26": {
        "class": "Z26",
        "include_startup": false,
        "runs": [
            0.0007641315460205078,
            0.0007510185241699219,
            0.0007679462432861328,
            0.0007641315460205078,
            0.0007328987121582031,
            0.0007278919219970703,
            0.0007340908050537109,
            0.0007250308990478516,
            0.0007359981536865234,
            0.0007469654083251953
        ],
        "average": 0.0007450103759765625,
        "min": 0.0007250308990478516,
        "max": 0.0007679462432861328
    },
    "z26_startup": {
        "class": "Z26",
        "include_startup": true,
        "runs": [
            0.0007150173187255859,
            0.0006730556488037109,
            0.0006690025329589844,
            0.0006988048553466797,
            0.0006730556488037109,
            0.0006589889526367188,
            0.0006690025329589844,
            0.0006809234619140625,
            0.0006799697875976562,
            0.0007181167602539062
        ],
        "average": 0.00068359375,
        "min": 0.0006589889526367188,
        "max": 0.0007181167602539062
    },
    "zin26": {
        "class": "ZIn26",
        "include_startup": false,
        "runs": [
            0.0008118152618408203,
            0.000720977783203125,
            0.0007379055023193359,
            0.0007488727569580078,
            0.0007519721984863281,
            0.0007760524749755859,
            0.0007619857788085938,
            0.0007390975952148438,
            0.0007429122924804688,
            0.0007410049438476562
        ],
        "average": 0.0007532596588134766,
        "min": 0.000720977783203125,
        "max": 0.0008118152618408203
    },
    "zin26_startup": {
        "class": "ZIn26",
        "include_startup": true,
        "runs": [
            0.000759124755859375,
            0.0007719993591308594,
            0.0007870197296142578,
            0.0007688999176025391,
            0.0007779598236083984,
            0.0007801055908203125,
            0.0007958412170410156,
            0.0007870197296142578,
            0.0007481575012207031,
            0.0007498264312744141
        ],
        "average": 0.0007725954055786133,
        "min": 0.0007481575012207031,
        "max": 0.0007958412170410156
    }
}