{
    "f06": {
        "class": "F06",
        "include_startup": false,
        "runs": [
            0.0014190673828125,
            0.0007641315460205078,
            0.0007829666137695312,
            0.0007450580596923828,
            0.0007679462432861328,
            0.0007719993591308594,
            0.0007679462432861328,
            0.0007569789886474609,
            0.0007688999176025391,
            0.0007719993591308594
        ],
        "average": 0.0008316993713378906,
        "min": 0.0007450580596923828,
        "max": 0.0014190673828125
    },
    "f06_startup": {
        "class": "F06",
        "include_startup": true,
        "runs": [
            0.0027799606323242188,
            0.0008020401000976562,
            0.0007848739624023438,
            0.0008001327514648438,
            0.0007691383361816406,
            0.0008029937744140625,
            0.0007960796356201172,
            0.0007860660552978516,
            0.0007839202880859375,
            0.0007770061492919922
        ],
        "average": 0.0009882211685180663,
        "min": 0.0007691383361816406,
        "max": 0.0027799606323242188
    },
    "fin06": {
        "class": "FIn06",
        "include_startup": false,
        "runs": [
            0.0011639595031738281,
            0.0006158351898193359,
            0.0006151199340820312,
            0.0005891323089599609,
            0.0006029605865478516,
            0.0005919933319091797,
            0.0005979537963867188,
            0.0006000995635986328,
            0.0005908012390136719,
            0.0006020069122314453
        ],
        "average": 0.0006569862365722656,
        "min": 0.0005891323089599609,
        "max": 0.0011639595031738281
    },
    "fin06_startup": {
        "class": "FIn06",
        "include_startup": true,
        "runs": [
            0.004416227340698242,
            0.0012159347534179688,
            0.0012090206146240234,
            0.0012199878692626953,
            0.0012180805206298828,
            0.0012378692626953125,
            0.0012080669403076172,
            0.0012121200561523438,
            0.0012149810791015625,
            0.0012249946594238281
        ],
        "average": 0.0015377283096313476,
        "min": 0.0012080669403076172,
        "max": 0.004416227340698242
    },
    "p16": {
        "class": "P16",
        "include_startup": false,
        "runs": [
            0.0014579296112060547,
            0.0007648468017578125,
            0.0007638931274414062,
            0.00074005126953125,
            0.000762939453125,
            0.0007579326629638672,
            0.0007510185241699219,
            0.00074005126953125,
            0.0007619857788085938,
            0.0007510185241699219
        ],
        "average": 0.0008251667022705078,
        "min": 0.00074005126953125,
        "max": 0.0014579296112060547
    },
    "p16_startup": {
        "class": "P16",
        "include_startup": true,
        "runs": [
            0.002743959426879883,
            0.0008618831634521484,
            0.0008881092071533203,
            0.0008740425109863281,
            0.0008521080017089844,
            0.0008718967437744141,
            0.000885009765625,
            0.0008611679077148438,
            0.0008702278137207031,
            0.0008788108825683594
        ],
        "average": 0.0010587215423583985,
        "min": 0.0008521080017089844,
        "max": 0.002743959426879883
    },
    "pin16": {
        "class": "PIn16",
        "include_startup": false,
        "runs": [
            0.0015139579772949219,
            0.0007688999176025391,
            0.0007510185241699219,
            0.0008380413055419922,
            0.0007641315460205078,
            0.0007560253143310547,
            0.000743865966796875,
            0.0007660388946533203,
            0.0007770061492919922,
            0.0007641315460205078
        ],
        "average": 0.0008443117141723633,
        "min": 0.000743865966796875,
        "max": 0.0015139579772949219
    },
    "pin16_startup": {
        "class": "PIn16",
        "include_startup": true,
        "runs": [
            0.002933979034423828,
            0.0009090900421142578,
            0.0008890628814697266,
            0.0009260177612304688,
            0.0009379386901855469,
            0.0008778572082519531,
            0.0009059906005859375,
            0.0008969306945800781,
            0.0008990764617919922,
            0.0008959770202636719
        ],
        "average": 0.001107192039489746,
        "min": 0.0008778572082519531,
        "max": 0.002933979034423828
    },
    "z26": {
        "class": "Z26",
        "include_startup": false,
        "runs": [
            0.001483917236328125,
            0.0007619857788085938,
            0.0007410049438476562,
            0.0007259845733642578,
            0.0007619857788085938,
            0.0006940364837646484,
            0.0007669925689697266,
            0.0007328987121582031,
            0.0007841587066650391,
            0.000759124755859375
        ],
        "average": 0.0008212089538574219,
        "min": 0.0006940364837646484,
        "max": 0.001483917236328125
    },
    "z26_startup": {
        "class": "Z26",
        "include_startup": true,
        "runs": [
            0.0028591156005859375,
            0.0010161399841308594,
            0.0008800029754638672,
            0.0009119510650634766,
            0.0009000301361083984,
            0.0009200572967529297,
            0.0008928775787353516,
            0.0010859966278076172,
            0.0012581348419189453,
            0.0012469291687011719
        ],
        "average": 0.0011971235275268556,
        "min": 0.0008800029754638672,
        "max": 0.0028591156005859375
    },
    "zin26": {
        "class": "ZIn26",
        "include_startup": false,
        "runs": [
            0.0015261173248291016,
            0.0007960796356201172,
            0.0007460117340087891,
            0.00074005126953125,
            0.0007419586181640625,
            0.0007510185241699219,
            0.0007500648498535156,
            0.0007479190826416016,
            0.0007460117340087891,
            0.0007672309875488281
        ],
        "average": 0.0008312463760375977,
        "min": 0.00074005126953125,
        "max": 0.0015261173248291016
    },
    "zin26_startup": {
        "class": "ZIn26",
        "include_startup": true,
        "runs": [
            0.002880096435546875,
            0.0009469985961914062,
            0.0009458065032958984,
            0.0009648799896240234,
            0.0009491443634033203,
            0.0009489059448242188,
            0.0009529590606689453,
            0.0009548664093017578,
            0.0009450912475585938,
            0.0009529590606689453
        ],
        "average": 0.0011441707611083984,
        "min": 0.0009450912475585938,
        "max": 0.002880096435546875
    }
}