{
    "f06": {
        "class": "F06",
        "include_startup": false,
        "runs": [
            0.0018351078033447266,
            0.0016529560089111328,
            0.0016520023345947266,
            0.0016069412231445312,
            0.0016431808471679688,
            0.0015001296997070312,
            0.0013780593872070312,
            0.001363992691040039,
            0.0013821125030517578,
            0.0013670921325683594
        ],
        "average": 0.0015381574630737305,
        "min": 0.001363992691040039,
        "max": 0.0018351078033447266
    },
    "f06_startup": {
        "class": "F06",
        "include_startup": true,
        "runs": [
            0.004565000534057617,
            0.001734018325805664,
            0.0016710758209228516,
            0.0016849040985107422,
            0.0016889572143554688,
            0.0031938552856445312,
            0.0017409324645996094,
            0.0017540454864501953,
            0.0017440319061279297,
            0.0017440319061279297
        ],
        "average": 0.002152085304260254,
        "min": 0.0016710758209228516,
        "max": 0.004565000534057617
    },
    "fin06": {
        "class": "FIn06",
        "include_startup": false,
        "runs": [
            0.0019469261169433594,
            0.0016369819641113281,
            0.0015780925750732422,
            0.001583099365234375,
            0.0015840530395507812,
            0.0017130374908447266,
            0.0015301704406738281,
            0.0016379356384277344,
            0.0016269683837890625,
            0.0015869140625
        ],
        "average": 0.0016424179077148438,
        "min": 0.0015301704406738281,
        "max": 0.0019469261169433594
    },
    "fin06_startup": {
        "class": "FIn06",
        "include_startup": true,
        "runs": [
            0.0031211376190185547,
            0.0017039775848388672,
            0.0017459392547607422,
            0.0016911029815673828,
            0.001708984375,
            0.0032389163970947266,
            0.0017209053039550781,
            0.0018038749694824219,
            0.0018279552459716797,
            0.0017380714416503906
        ],
        "average": 0.002030086517333984,
        "min": 0.0016911029815673828,
        "max": 0.0032389163970947266
    },
    "p16": {
        "class": "P16",
        "include_startup": false,
        "runs": [
            0.0053920745849609375,
            0.006849050521850586,
            0.005462169647216797,
            0.00544285774230957,
            0.005442142486572266,
            0.005439043045043945,
            0.006532907485961914,
            0.0046651363372802734,
            0.005424976348876953,
            0.01055288314819336
        ],
        "average": 0.00612032413482666,
        "min": 0.0046651363372802734,
        "max": 0.01055288314819336
    },
    "p16_startup": {
        "class": "P16",
        "include_startup": true,
        "runs": [
            0.007303953170776367,
            0.006982088088989258,
            0.0068700313568115234,
            0.006955862045288086,
            0.006876945495605469,
            0.00728297233581543,
            0.006869077682495117,
            0.006818056106567383,
            0.006910085678100586,
            0.0075299739837646484
        ],
        "average": 0.007039904594421387,
        "min": 0.006818056106567383,
        "max": 0.0075299739837646484
    },
    "pin16": {
        "class": "PIn16",
        "include_startup": false,
        "runs": [
            0.003298044204711914,
            0.0018150806427001953,
            0.001795053482055664,
            0.0018000602722167969,
            0.00222015380859375,
            0.0018079280853271484,
            0.0018010139465332031,
            0.0018842220306396484,
            0.0018260478973388672,
            0.0018150806427001953
        ],
        "average": 0.002006268501281738,
        "min": 0.001795053482055664,
        "max": 0.003298044204711914
    },
    "pin16_startup": {
        "class": "PIn16",
        "include_startup": true,
        "runs": [
            0.0033261775970458984,
            0.0032911300659179688,
            0.003276824951171875,
            0.002669811248779297,
            0.00410008430480957,
            0.0031769275665283203,
            0.0031578540802001953,
            0.003332853317260742,
            0.0038568973541259766,
            0.004158973693847656
        ],
        "average": 0.00343475341796875,
        "min": 0.002669811248779297,
        "max": 0.004158973693847656
    }
}