{
    "f06": {
        "class": "F06",
        "include_startup": false,
        "runs": [
            0.39964890480041504,
            0.40569496154785156,
            0.4132719039916992,
            0.4161820411682129,
            0.35729289054870605,
            0.4068160057067871,
            0.36577701568603516,
            0.3623321056365967,
            0.4079720973968506,
            0.4061770439147949
        ],
        "average": 0.3941164970397949,
        "min": 0.35729289054870605,
        "max": 0.4161820411682129
    },
    "f06_startup": {
        "class": "F06",
        "include_startup": true,
        "runs": [
            0.4062769412994385,
            0.4205000400543213,
            0.4081430435180664,
            0.36432409286499023,
            0.4024651050567627,
            0.40637707710266113,
            0.40836215019226074,
            0.41812586784362793,
            0.3997650146484375,
            0.3998219966888428
        ],
        "average": 0.4034161329269409,
        "min": 0.36432409286499023,
        "max": 0.4205000400543213
    }
}