{
    "f06": {
        "class": "F06",
        "include_startup": false,
        "runs": [
            0.0007088184356689453,
            0.0006859302520751953,
            0.000701904296875,
            0.0006871223449707031,
            0.0006730556488037109,
            0.0008289813995361328,
            0.0008418560028076172,
            0.0007669925689697266,
            0.0008780956268310547,
            0.0008220672607421875
        ],
        "average": 0.0007594823837280273,
        "min": 0.0006730556488037109,
        "max": 0.0008780956268310547
    },
    "f06_startup": {
        "class": "F06",
        "include_startup": true,
        "runs": [
            0.0022377967834472656,
            0.0018270015716552734,
            0.0018398761749267578,
            0.00197601318359375,
            0.0030930042266845703,
            0.002167940139770508,
            0.001837015151977539,
            0.0018379688262939453,
            0.0018010139465332031,
            0.0018260478973388672
        ],
        "average": 0.002044367790222168,
        "min": 0.0018010139465332031,
        "max": 0.0030930042266845703
    },
    "fin06": {
        "class": "FIn06",
        "include_startup": false,
        "runs": [
            0.0008330345153808594,
            0.0008161067962646484,
            0.0008039474487304688,
            0.0008041858673095703,
            0.0008401870727539062,
            0.0014300346374511719,
            0.001332998275756836,
            0.001338958740234375,
            0.0013689994812011719,
            0.0013339519500732422
        ],
        "average": 0.001090240478515625,
        "min": 0.0008039474487304688,
        "max": 0.0014300346374511719
    },
    "fin06_startup": {
        "class": "FIn06",
        "include_startup": true,
        "runs": [
            0.0021810531616210938,
            0.0018200874328613281,
            0.001825094223022461,
            0.001828908920288086,
            0.0018620491027832031,
            0.0022029876708984375,
            0.0018448829650878906,
            0.0018329620361328125,
            0.0018529891967773438,
            0.0018439292907714844
        ],
        "average": 0.001909494400024414,
        "min": 0.0018200874328613281,
        "max": 0.0022029876708984375
    },
    "p16": {
        "class": "P16",
        "include_startup": false,
        "runs": [
            0.0009160041809082031,
            0.0007679462432861328,
            0.0008358955383300781,
            0.0008740425109863281,
            0.0008871555328369141,
            0.0008058547973632812,
            0.0007870197296142578,
            0.0008609294891357422,
            0.0008521080017089844,
            0.0008769035339355469
        ],
        "average": 0.0008463859558105469,
        "min": 0.0007679462432861328,
        "max": 0.0009160041809082031
    },
    "p16_startup": {
        "class": "P16",
        "include_startup": true,
        "runs": [
            0.00222015380859375,
            0.002276897430419922,
            0.002235889434814453,
            0.002257108688354492,
            0.0022449493408203125,
            0.0022089481353759766,
            0.0025069713592529297,
            0.0019490718841552734,
            0.002179861068725586,
            0.002154827117919922
        ],
        "average": 0.0022234678268432616,
        "min": 0.0019490718841552734,
        "max": 0.0025069713592529297
    },
    "pin16": {
        "class": "PIn16",
        "include_startup": false,
        "runs": [
            0.0007510185241699219,
            0.00086212158203125,
            0.0009400844573974609,
            0.0008509159088134766,
            0.0008819103240966797,
            0.000843048095703125,
            0.0008618831634521484,
            0.0008780956268310547,
            0.0008740425109863281,
            0.0008521080017089844
        ],
        "average": 0.000859522819519043,
        "min": 0.0007510185241699219,
        "max": 0.0009400844573974609
    },
    "pin16_startup": {
        "class": "PIn16",
        "include_startup": true,
        "runs": [
            0.002206087112426758,
            0.002256155014038086,
            0.0021948814392089844,
            0.002249002456665039,
            0.0022280216217041016,
            0.0022139549255371094,
            0.002228975296020508,
            0.002283811569213867,
            0.002207040786743164,
            0.002727031707763672
        ],
        "average": 0.002279496192932129,
        "min": 0.0021948814392089844,
        "max": 0.002727031707763672
    }
}