{
    "f06": {
        "class": "F06",
        "include_startup": false,
        "runs": [
            0.07163214683532715,
            0.07197999954223633,
            0.07165312767028809,
            0.07227706909179688,
            0.07276010513305664,
            0.08179402351379395,
            0.07088994979858398,
            0.0725409984588623,
            0.07064986228942871,
            0.07929110527038574
        ],
        "average": 0.07354683876037597,
        "min": 0.07064986228942871,
        "max": 0.08179402351379395
    },
    "f06_startup": {
        "class": "F06",
        "include_startup": true,
        "runs": [
            0.07093691825866699,
            0.07224702835083008,
            0.07157278060913086,
            0.07189106941223145,
            0.07270097732543945,
            0.07327103614807129,
            0.0726630687713623,
            0.07240986824035645,
            0.07212615013122559,
            0.07269001007080078
        ],
        "average": 0.07225089073181153,
        "min": 0.07093691825866699,
        "max": 0.07327103614807129
    },
    "p16": {
        "class": "P16",
        "include_startup": false,
        "runs": [
            10.248775005340576,
            10.155694961547852,
            10.181732177734375,
            10.238512992858887,
            10.19860291481018,
            8.948761940002441,
            10.275564193725586,
            10.164644002914429,
            8.963799953460693,
            10.31794810295105
        ],
        "average": 9.969403624534607,
        "min": 8.948761940002441,
        "max": 10.31794810295105
    },
    "p16_startup": {
        "class": "P16",
        "include_startup": true,
        "runs": [
            10.128505945205688,
            10.712830066680908,
            10.103111982345581,
            10.216329097747803,
            10.260539054870605,
            10.273770093917847,
            10.390954971313477,
            10.163045883178711,
            10.211751937866211,
            10.49099588394165
        ],
        "average": 10.295183491706847,
        "min": 10.103111982345581,
        "max": 10.712830066680908
    }
}