{
    "f06": {
        "class": "F06",
        "include_startup": false,
        "runs": [
            0.0007221698760986328,
            0.0006749629974365234,
            0.0006589889526367188,
            0.0006718635559082031,
            0.0006809234619140625,
            0.0006570816040039062,
            0.0006639957427978516,
            0.0006818771362304688,
            0.0006978511810302734,
            0.0006830692291259766
        ],
        "average": 0.0006792783737182617,
        "min": 0.0006570816040039062,
        "max": 0.0007221698760986328
    },
    "f06_startup": {
        "class": "F06",
        "include_startup": true,
        "runs": [
            0.002023935317993164,
            0.0008668899536132812,
            0.0008440017700195312,
            0.0008649826049804688,
            0.0008471012115478516,
            0.0008389949798583984,
            0.0008461475372314453,
            0.0008409023284912109,
            0.00084686279296875,
            0.0008330345153808594
        ],
        "average": 0.000965285301208496,
        "min": 0.0008330345153808594,
        "max": 0.002023935317993164
    },
    "p16": {
        "class": "P16",
        "include_startup": false,
        "runs": [
            0.0009889602661132812,
            0.0008108615875244141,
            0.0008149147033691406,
            0.0007760524749755859,
            0.0007851123809814453,
            0.0008080005645751953,
            0.0008249282836914062,
            0.0008130073547363281,
            0.0008039474487304688,
            0.0007719993591308594
        ],
        "average": 0.0008197784423828125,
        "min": 0.0007719993591308594,
        "max": 0.0009889602661132812
    },
    "p16_startup": {
        "class": "P16",
        "include_startup": true,
        "runs": [
            0.001967906951904297,
            0.0008718967437744141,
            0.0008530616760253906,
            0.0008671283721923828,
            0.0010960102081298828,
            0.0009179115295410156,
            0.0008640289306640625,
            0.0009050369262695312,
            0.0008759498596191406,
            0.0008599758148193359
        ],
        "average": 0.0010078907012939452,
        "min": 0.0008530616760253906,
        "max": 0.001967906951904297
    },
    "z26": {
        "class": "Z26",
        "include_startup": false,
        "runs": [
            0.0009829998016357422,
            0.0007939338684082031,
            0.0007929801940917969,
            0.0007798671722412109,
            0.0007801055908203125,
            0.0007719993591308594,
            0.000782012939453125,
            0.0007860660552978516,
            0.0007839202880859375,
            0.0007801055908203125
        ],
        "average": 0.0008033990859985351,
        "min": 0.0007719993591308594,
        "max": 0.0009829998016357422
    },
    "z26_startup": {
        "class": "Z26",
        "include_startup": true,
        "runs": [
            0.003242015838623047,
            0.0015368461608886719,
            0.001506805419921875,
            0.001544952392578125,
            0.0015690326690673828,
            0.001538991928100586,
            0.0015420913696289062,
            0.0015540122985839844,
            0.001567840576171875,
            0.0015540122985839844
        ],
        "average": 0.0017156600952148438,
        "min": 0.001506805419921875,
        "max": 0.003242015838623047
    }
}