{
    "f06": {
        "class": "F06",
        "include_startup": false,
        "runs": [
            0.0036029815673828125,
            0.003390073776245117,
            0.003426074981689453,
            0.0034148693084716797,
            0.0033681392669677734,
            0.0037810802459716797,
            0.0034589767456054688,
            0.003359079360961914,
            0.0034961700439453125,
            0.0036590099334716797
        ],
        "average": 0.003495645523071289,
        "min": 0.003359079360961914,
        "max": 0.0037810802459716797
    },
    "f06_startup": {
        "class": "F06",
        "include_startup": true,
        "runs": [
            0.005505084991455078,
            0.0035991668701171875,
            0.0036690235137939453,
            0.0036780834197998047,
            0.003662109375,
            0.005012035369873047,
            0.0037279129028320312,
            0.003741025924682617,
            0.003695964813232422,
            0.003693103790283203
        ],
        "average": 0.003998351097106933,
        "min": 0.0035991668701171875,
        "max": 0.005505084991455078
    },
    "p16": {
        "class": "P16",
        "include_startup": false,
        "runs": [
            0.003961086273193359,
            0.0038390159606933594,
            0.0037908554077148438,
            0.0038161277770996094,
            0.0038270950317382812,
            0.0038039684295654297,
            0.0038161277770996094,
            0.003857851028442383,
            0.0038909912109375,
            0.003020048141479492
        ],
        "average": 0.0037623167037963865,
        "min": 0.003020048141479492,
        "max": 0.003961086273193359
    },
    "p16_startup": {
        "class": "P16",
        "include_startup": true,
        "runs": [
            0.004757881164550781,
            0.0047380924224853516,
            0.004899024963378906,
            0.005056858062744141,
            0.00479578971862793,
            0.003913164138793945,
            0.003983020782470703,
            0.004796028137207031,
            0.008382081985473633,
            0.00492405891418457
        ],
        "average": 0.005024600028991699,
        "min": 0.003913164138793945,
        "max": 0.008382081985473633
    }
}