{
    "f06": {
        "class": "F06",
        "include_startup": false,
        "runs": [
            0.6463139057159424,
            0.6413278579711914,
            0.6396138668060303,
            0.6405658721923828,
            0.6434769630432129,
            0.6411609649658203,
            0.6332759857177734,
            0.635706901550293,
            0.6385400295257568,
            0.6394128799438477
        ],
        "average": 0.6399395227432251,
        "min": 0.6332759857177734,
        "max": 0.6463139057159424
    },
    "f06_startup": {
        "class": "F06",
        "include_startup": true,
        "runs": [
            0.6440989971160889,
            0.6427040100097656,
            0.6446290016174316,
            0.6490108966827393,
            0.6537089347839355,
            0.6513969898223877,
            0.6427788734436035,
            0.641956090927124,
            0.644071102142334,
            0.641840934753418
        ],
        "average": 0.6456195831298828,
        "min": 0.641840934753418,
        "max": 0.6537089347839355
    },
    "p16": {
        "class": "P16",
        "include_startup": false,
        "runs": [
            89.7062578201294,
            91.08470392227173,
            89.79454112052917,
            93.37206196784973,
            90.30406093597412,
            90.78203701972961,
            73.07015800476074,
            91.09476208686829,
            90.2066330909729,
            89.66711401939392
        ],
        "average": 88.90823299884796,
        "min": 73.07015800476074,
        "max": 93.37206196784973
    },
    "p16_startup": {
        "class": "P16",
        "include_startup": true,
        "runs": [
            88.92677903175354,
            90.13659000396729,
            91.29637503623962,
            90.82934498786926,
            91.44262099266052,
            91.01312208175659,
            91.45931911468506,
            89.78786611557007,
            91.2076518535614,
            91.09999990463257
        ],
        "average": 90.7199669122696,
        "min": 88.92677903175354,
        "max": 91.45931911468506
    }
}