{
    "f06": {
        "class": "F06",
        "include_startup": false,
        "runs": [
            0.4114549160003662,
            0.40301513671875,
            0.4097130298614502,
            0.4117910861968994,
            0.41382908821105957,
            0.40450382232666016,
            0.4076089859008789,
            0.4355299472808838,
            0.4068460464477539,
            0.40752315521240234
        ],
        "average": 0.41118152141571046,
        "min": 0.40301513671875,
        "max": 0.4355299472808838
    },
    "f06_startup": {
        "class": "F06",
        "include_startup": true,
        "runs": [
            0.4154081344604492,
            0.40791893005371094,
            0.41974616050720215,
            0.40749311447143555,
            0.40563201904296875,
            0.4117729663848877,
            0.36228108406066895,
            0.42636990547180176,
            0.4179959297180176,
            0.4081728458404541
        ],
        "average": 0.40827910900115966,
        "min": 0.36228108406066895,
        "max": 0.42636990547180176
    },
    "fin06": {
        "class": "FIn06",
        "include_startup": false,
        "runs": [
            0.3821680545806885,
            0.37566208839416504,
            0.37901806831359863,
            0.38120412826538086,
            0.38418102264404297,
            0.3816258907318115,
            0.37538790702819824,
            0.3804008960723877,
            0.3780529499053955,
            0.3811171054840088
        ],
        "average": 0.3798818111419678,
        "min": 0.37538790702819824,
        "max": 0.38418102264404297
    },
    "fin06_startup": {
        "class": "FIn06",
        "include_startup": true,
        "runs": [
            0.41033291816711426,
            0.4556159973144531,
            0.3410952091217041,
            0.3754110336303711,
            0.3773980140686035,
            0.38286399841308594,
            0.384443998336792,
            0.3913459777832031,
            0.38251304626464844,
            0.379180908203125
        ],
        "average": 0.38802011013031007,
        "min": 0.3410952091217041,
        "max": 0.4556159973144531
    }
}