{
    "f06": {
        "class": "F06",
        "include_startup": false,
        "runs": [
            0.6680550575256348,
            0.6696720123291016,
            0.6619260311126709,
            0.6774258613586426,
            0.6703460216522217,
            0.6541459560394287,
            0.658087968826294,
            0.6756720542907715,
            0.66298508644104,
            0.5574250221252441
        ],
        "average": 0.655574107170105,
        "min": 0.5574250221252441,
        "max": 0.6774258613586426
    },
    "f06_startup": {
        "class": "F06",
        "include_startup": true,
        "runs": [
            0.6654410362243652,
            0.6679589748382568,
            0.6630301475524902,
            0.661707878112793,
            0.6618459224700928,
            0.6604950428009033,
            0.6816549301147461,
            0.6686770915985107,
            0.6698219776153564,
            0.6689460277557373
        ],
        "average": 0.6669579029083252,
        "min": 0.6604950428009033,
        "max": 0.6816549301147461
    }
}