{
    "f06": {
        "class": "F06",
        "include_startup": false,
        "runs": [
            0.8549509048461914,
            0.8639309406280518,
            0.8544948101043701,
            0.9200758934020996,
            0.8562350273132324,
            0.7024691104888916,
            0.8587968349456787,
            0.8637359142303467,
            0.8600060939788818,
            0.8523118495941162
        ],
        "average": 0.848700737953186,
        "min": 0.7024691104888916,
        "max": 0.9200758934020996
    },
    "f06_startup": {
        "class": "F06",
        "include_startup": true,
        "runs": [
            0.8525700569152832,
            0.8671050071716309,
            0.8597631454467773,
            0.7090060710906982,
            0.9506850242614746,
            0.8557949066162109,
            0.7042779922485352,
            0.914592981338501,
            0.8768579959869385,
            0.6954760551452637
        ],
        "average": 0.8286129236221313,
        "min": 0.6954760551452637,
        "max": 0.9506850242614746
    },
    "fin06": {
        "class": "FIn06",
        "include_startup": false,
        "runs": [
            4.363987922668457,
            4.343937873840332,
            4.322993993759155,
            4.419648170471191,
            4.550789833068848,
            4.472393989562988,
            4.374373912811279,
            3.499882936477661,
            4.461282968521118,
            3.4059460163116455
        ],
        "average": 4.221523761749268,
        "min": 3.4059460163116455,
        "max": 4.550789833068848
    },
    "fin06_startup": {
        "class": "FIn06",
        "include_startup": true,
        "runs": [
            4.268558025360107,
            4.323770999908447,
            4.423501968383789,
            4.422636985778809,
            4.345197916030884,
            4.357213973999023,
            4.48282790184021,
            4.413233041763306,
            4.369580984115601,
            4.397094011306763
        ],
        "average": 4.380361580848694,
        "min": 4.268558025360107,
        "max": 4.48282790184021
    }
}