{
    "f06": {
        "class": "F06",
        "include_startup": false,
        "runs": [
            0.0037322044372558594,
            0.0033600330352783203,
            0.0033791065216064453,
            0.0033478736877441406,
            0.0033779144287109375,
            0.0033330917358398438,
            0.0033419132232666016,
            0.0032961368560791016,
            0.0033140182495117188,
            0.0033500194549560547
        ],
        "average": 0.003383231163024902,
        "min": 0.0032961368560791016,
        "max": 0.0037322044372558594
    },
    "f06_startup": {
        "class": "F06",
        "include_startup": true,
        "runs": [
            0.0033059120178222656,
            0.002910137176513672,
            0.0028901100158691406,
            0.0028798580169677734,
            0.0028908252716064453,
            0.002889871597290039,
            0.002877950668334961,
            0.002872943878173828,
            0.0028679370880126953,
            0.002866983413696289
        ],
        "average": 0.002925252914428711,
        "min": 0.002866983413696289,
        "max": 0.0033059120178222656
    },
    "fin06": {
        "class": "FIn06",
        "include_startup": false,
        "runs": [
            0.0040950775146484375,
            0.0036878585815429688,
            0.003660917282104492,
            0.003667116165161133,
            0.0036840438842773438,
            0.0036308765411376953,
            0.003625154495239258,
            0.00362396240234375,
            0.0036330223083496094,
            0.003662109375
        ],
        "average": 0.0036970138549804687,
        "min": 0.00362396240234375,
        "max": 0.0040950775146484375
    },
    "fin06_startup": {
        "class": "FIn06",
        "include_startup": true,
        "runs": [
            0.004117012023925781,
            0.003801107406616211,
            0.003763914108276367,
            0.0037589073181152344,
            0.0037751197814941406,
            0.0037529468536376953,
            0.0037331581115722656,
            0.003737926483154297,
            0.006051063537597656,
            0.003983020782470703
        ],
        "average": 0.004047417640686035,
        "min": 0.0037331581115722656,
        "max": 0.006051063537597656
    },
    "p16": {
        "class": "P16",
        "include_startup": false,
        "runs": [
            0.003762960433959961,
            0.004065990447998047,
            0.006651878356933594,
            0.006712198257446289,
            0.0066568851470947266,
            0.0067899227142333984,
            0.00680994987487793,
            0.0063478946685791016,
            0.0034868717193603516,
            0.0033631324768066406
        ],
        "average": 0.005464768409729004,
        "min": 0.0033631324768066406,
        "max": 0.00680994987487793
    },
    "p16_startup": {
        "class": "P16",
        "include_startup": true,
        "runs": [
            0.003880023956298828,
            0.003453969955444336,
            0.003451824188232422,
            0.003409147262573242,
            0.003429889678955078,
            0.0034580230712890625,
            0.0034208297729492188,
            0.0035240650177001953,
            0.0034008026123046875,
            0.0033838748931884766
        ],
        "average": 0.0034812450408935546,
        "min": 0.0033838748931884766,
        "max": 0.003880023956298828
    },
    "pin16": {
        "class": "PIn16",
        "include_startup": false,
        "runs": [
            0.003612995147705078,
            0.0032439231872558594,
            0.003316164016723633,
            0.0032498836517333984,
            0.0032329559326171875,
            0.003239870071411133,
            0.0032241344451904297,
            0.003231048583984375,
            0.004683017730712891,
            0.007102012634277344
        ],
        "average": 0.0038136005401611327,
        "min": 0.0032241344451904297,
        "max": 0.007102012634277344
    },
    "pin16_startup": {
        "class": "PIn16",
        "include_startup": true,
        "runs": [
            0.003625154495239258,
            0.0032448768615722656,
            0.003225088119506836,
            0.003278970718383789,
            0.0032210350036621094,
            0.0032460689544677734,
            0.0032150745391845703,
            0.003204822540283203,
            0.003206968307495117,
            0.003217935562133789
        ],
        "average": 0.003268599510192871,
        "min": 0.003204822540283203,
        "max": 0.003625154495239258
    },
    "z26": {
        "class": "Z26",
        "include_startup": false,
        "runs": [
            0.0037310123443603516,
            0.003345012664794922,
            0.0032939910888671875,
            0.0033028125762939453,
            0.0033431053161621094,
            0.0033860206604003906,
            0.004617929458618164,
            0.003384113311767578,
            0.0034151077270507812,
            0.0034449100494384766
        ],
        "average": 0.0035264015197753905,
        "min": 0.0032939910888671875,
        "max": 0.004617929458618164
    },
    "z26_startup": {
        "class": "Z26",
        "include_startup": true,
        "runs": [
            0.003751039505004883,
            0.00335693359375,
            0.0034630298614501953,
            0.0033800601959228516,
            0.0033860206604003906,
            0.0033521652221679688,
            0.003409862518310547,
            0.00333404541015625,
            0.0033600330352783203,
            0.0034151077270507812
        ],
        "average": 0.0034208297729492188,
        "min": 0.00333404541015625,
        "max": 0.003751039505004883
    },
    "zin26": {
        "class": "ZIn26",
        "include_startup": false,
        "runs": [
            0.003651857376098633,
            0.003317117691040039,
            0.0032880306243896484,
            0.0032629966735839844,
            0.0032739639282226562,
            0.0034668445587158203,
            0.003265857696533203,
            0.00327301025390625,
            0.003281116485595703,
            0.0032720565795898438
        ],
        "average": 0.0033352851867675783,
        "min": 0.0032629966735839844,
        "max": 0.003651857376098633
    },
    "zin26_startup": {
        "class": "ZIn26",
        "include_startup": true,
        "runs": [
            0.004289150238037109,
            0.0038220882415771484,
            0.0038399696350097656,
            0.004003047943115234,
            0.003837108612060547,
            0.0038979053497314453,
            0.0038688182830810547,
            0.003849029541015625,
            0.0038530826568603516,
            0.003843069076538086
        ],
        "average": 0.003910326957702636,
        "min": 0.0038220882415771484,
        "max": 0.004289150238037109
    }
}