{
    "f06": {
        "class": "F06",
        "include_startup": false,
        "runs": [
            0.003459930419921875,
            0.0034699440002441406,
            0.003437042236328125,
            0.0034258365631103516,
            0.0034329891204833984,
            0.004633903503417969,
            0.004072904586791992,
            0.004310131072998047,
            0.0052220821380615234,
            0.004082918167114258
        ],
        "average": 0.003954768180847168,
        "min": 0.0034258365631103516,
        "max": 0.0052220821380615234
    },
    "f06_startup": {
        "class": "F06",
        "include_startup": true,
        "runs": [
            0.008152961730957031,
            0.008305072784423828,
            0.008220911026000977,
            0.00822591781616211,
            0.008218050003051758,
            0.0042989253997802734,
            0.0042150020599365234,
            0.007117033004760742,
            0.00487208366394043,
            0.004230976104736328
        ],
        "average": 0.006585693359375,
        "min": 0.0042150020599365234,
        "max": 0.008305072784423828
    },
    "fin06": {
        "class": "FIn06",
        "include_startup": false,
        "runs": [
            0.004173994064331055,
            0.004171133041381836,
            0.0044019222259521484,
            0.004225969314575195,
            0.0042572021484375,
            0.0034940242767333984,
            0.0034570693969726562,
            0.0034530162811279297,
            0.003465890884399414,
            0.0034399032592773438
        ],
        "average": 0.0038540124893188476,
        "min": 0.0034399032592773438,
        "max": 0.0044019222259521484
    },
    "fin06_startup": {
        "class": "FIn06",
        "include_startup": true,
        "runs": [
            0.00421905517578125,
            0.004158973693847656,
            0.004125118255615234,
            0.005539894104003906,
            0.004522085189819336,
            0.004307985305786133,
            0.004191160202026367,
            0.004149913787841797,
            0.004199028015136719,
            0.004208087921142578
        ],
        "average": 0.004362130165100097,
        "min": 0.004125118255615234,
        "max": 0.005539894104003906
    },
    "p16": {
        "class": "P16",
        "include_startup": false,
        "runs": [
            0.004102945327758789,
            0.004728078842163086,
            0.004107952117919922,
            0.004147052764892578,
            0.0035948753356933594,
            0.004144191741943359,
            0.004157066345214844,
            0.0040721893310546875,
            0.006360054016113281,
            0.0040929317474365234
        ],
        "average": 0.004350733757019043,
        "min": 0.0035948753356933594,
        "max": 0.006360054016113281
    },
    "p16_startup": {
        "class": "P16",
        "include_startup": true,
        "runs": [
            0.004364013671875,
            0.004333972930908203,
            0.004873991012573242,
            0.004461050033569336,
            0.004479885101318359,
            0.0037012100219726562,
            0.004601001739501953,
            0.0036721229553222656,
            0.004458904266357422,
            0.004348039627075195
        ],
        "average": 0.004329419136047364,
        "min": 0.0036721229553222656,
        "max": 0.004873991012573242
    },
    "pin16": {
        "class": "PIn16",
        "include_startup": false,
        "runs": [
            0.004157066345214844,
            0.004099130630493164,
            0.0040988922119140625,
            0.004129886627197266,
            0.004106044769287109,
            0.004081010818481445,
            0.0036771297454833984,
            0.008048057556152344,
            0.004112958908081055,
            0.004113912582397461
        ],
        "average": 0.004462409019470215,
        "min": 0.0036771297454833984,
        "max": 0.008048057556152344
    },
    "pin16_startup": {
        "class": "PIn16",
        "include_startup": true,
        "runs": [
            0.0043070316314697266,
            0.00430607795715332,
            0.0043370723724365234,
            0.004312992095947266,
            0.0043408870697021484,
            0.004352092742919922,
            0.00820302963256836,
            0.004777193069458008,
            0.004302978515625,
            0.004273176193237305
        ],
        "average": 0.004751253128051758,
        "min": 0.004273176193237305,
        "max": 0.00820302963256836
    }
}