{
    "f06": {
        "class": "F06",
        "include_startup": false,
        "runs": [
            0.2626199722290039,
            0.28940486907958984,
            0.28968286514282227,
            0.3045060634613037,
            0.2929539680480957,
            0.276386022567749,
            0.3039889335632324,
            0.29218292236328125,
            0.2957921028137207,
            0.29378509521484375
        ],
        "average": 0.2901302814483643,
        "min": 0.2626199722290039,
        "max": 0.3045060634613037
    },
    "f06_startup": {
        "class": "F06",
        "include_startup": true,
        "runs": [
            0.28961706161499023,
            0.290632963180542,
            0.28911781311035156,
            0.29221296310424805,
            0.29195594787597656,
            0.29977989196777344,
            0.29173803329467773,
            0.30440688133239746,
            0.2906949520111084,
            0.2892169952392578
        ],
        "average": 0.29293735027313234,
        "min": 0.28911781311035156,
        "max": 0.30440688133239746
    },
    "fin06": {
        "class": "FIn06",
        "include_startup": false,
        "runs": [
            0.3024330139160156,
            0.28780198097229004,
            0.2973039150238037,
            0.3016989231109619,
            0.29674506187438965,
            0.29327893257141113,
            0.2926781177520752,
            0.30000901222229004,
            0.29201412200927734,
            0.2960329055786133
        ],
        "average": 0.2959995985031128,
        "min": 0.28780198097229004,
        "max": 0.3024330139160156
    },
    "fin06_startup": {
        "class": "FIn06",
        "include_startup": true,
        "runs": [
            0.2935349941253662,
            0.29326295852661133,
            0.29776501655578613,
            0.2922530174255371,
            0.2636079788208008,
            0.29068899154663086,
            0.28323888778686523,
            0.29950809478759766,
            0.29036402702331543,
            0.2984480857849121
        ],
        "average": 0.29026720523834226,
        "min": 0.2636079788208008,
        "max": 0.29950809478759766
    }
}