{
    "f06": {
        "class": "F06",
        "include_startup": false,
        "runs": [
            0.0007691383361816406,
            0.0006270408630371094,
            0.0006070137023925781,
            0.0006079673767089844,
            0.0006377696990966797,
            0.0005860328674316406,
            0.0005838871002197266,
            0.0005660057067871094,
            0.0005800724029541016,
            0.0005879402160644531
        ],
        "average": 0.0006152868270874023,
        "min": 0.0005660057067871094,
        "max": 0.0007691383361816406
    },
    "f06_startup": {
        "class": "F06",
        "include_startup": true,
        "runs": [
            0.0006260871887207031,
            0.0006070137023925781,
            0.0006268024444580078,
            0.0005948543548583984,
            0.0006010532379150391,
            0.0006098747253417969,
            0.0005769729614257812,
            0.000576019287109375,
            0.0005769729614257812,
            0.0005970001220703125
        ],
        "average": 0.0005992650985717773,
        "min": 0.000576019287109375,
        "max": 0.0006268024444580078
    },
    "p16": {
        "class": "P16",
        "include_startup": false,
        "runs": [
            0.0006330013275146484,
            0.0007090568542480469,
            0.0006260871887207031,
            0.0005738735198974609,
            0.0008790493011474609,
            0.0006351470947265625,
            0.0006310939788818359,
            0.0006148815155029297,
            0.0006010532379150391,
            0.0006530284881591797
        ],
        "average": 0.0006556272506713867,
        "min": 0.0005738735198974609,
        "max": 0.0008790493011474609
    },
    "p16_startup": {
        "class": "P16",
        "include_startup": true,
        "runs": [
            0.000614166259765625,
            0.0006158351898193359,
            0.0006430149078369141,
            0.0006318092346191406,
            0.0006399154663085938,
            0.0006048679351806641,
            0.0005719661712646484,
            0.0006349086761474609,
            0.0006089210510253906,
            0.0004878044128417969
        ],
        "average": 0.000605320930480957,
        "min": 0.0004878044128417969,
        "max": 0.0006430149078369141
    }
}