{
    "f06": {
        "class": "F06",
        "include_startup": false,
        "runs": [
            0.001210927963256836,
            0.0007719993591308594,
            0.0007870197296142578,
            0.0007898807525634766,
            0.0007770061492919922,
            0.0007700920104980469,
            0.0007669925689697266,
            0.0007741451263427734,
            0.0007932186126708984,
            0.0008032321929931641
        ],
        "average": 0.0008244514465332031,
        "min": 0.0007669925689697266,
        "max": 0.001210927963256836
    },
    "f06_startup": {
        "class": "F06",
        "include_startup": true,
        "runs": [
            0.0031850337982177734,
            0.0008878707885742188,
            0.0008878707885742188,
            0.0008831024169921875,
            0.0008699893951416016,
            0.0008702278137207031,
            0.0008769035339355469,
            0.0008602142333984375,
            0.0008749961853027344,
            0.0008740425109863281
        ],
        "average": 0.001107025146484375,
        "min": 0.0008602142333984375,
        "max": 0.0031850337982177734
    },
    "p16": {
        "class": "P16",
        "include_startup": false,
        "runs": [
            0.0012309551239013672,
            0.0008268356323242188,
            0.0008320808410644531,
            0.0007750988006591797,
            0.0007967948913574219,
            0.0008020401000976562,
            0.0008471012115478516,
            0.0007989406585693359,
            0.0008149147033691406,
            0.0007801055908203125
        ],
        "average": 0.0008504867553710937,
        "min": 0.0007750988006591797,
        "max": 0.0012309551239013672
    },
    "p16_startup": {
        "class": "P16",
        "include_startup": true,
        "runs": [
            0.005116939544677734,
            0.0014030933380126953,
            0.0014150142669677734,
            0.0014371871948242188,
            0.0014109611511230469,
            0.0014181137084960938,
            0.0013980865478515625,
            0.0014081001281738281,
            0.0014309883117675781,
            0.0014138221740722656
        ],
        "average": 0.0017852306365966797,
        "min": 0.0013980865478515625,
        "max": 0.005116939544677734
    },
    "z26": {
        "class": "Z26",
        "include_startup": false,
        "runs": [
            0.0012669563293457031,
            0.0008139610290527344,
            0.000804901123046875,
            0.0007839202880859375,
            0.0008020401000976562,
            0.0008051395416259766,
            0.0007958412170410156,
            0.0007941722869873047,
            0.0007810592651367188,
            0.00080108642578125
        ],
        "average": 0.0008449077606201172,
        "min": 0.0007810592651367188,
        "max": 0.0012669563293457031
    },
    "z26_startup": {
        "class": "Z26",
        "include_startup": true,
        "runs": [
            0.0031969547271728516,
            0.00096893310546875,
            0.0009949207305908203,
            0.0009570121765136719,
            0.0009539127349853516,
            0.0009639263153076172,
            0.0009481906890869141,
            0.0009899139404296875,
            0.0009579658508300781,
            0.0009567737579345703
        ],
        "average": 0.0011888504028320312,
        "min": 0.0009481906890869141,
        "max": 0.0031969547271728516
    }
}