{
    "f06": {
        "class": "F06",
        "include_startup": false,
        "runs": [
            0.0009949207305908203,
            0.0010581016540527344,
            0.0010311603546142578,
            0.0010230541229248047,
            0.0010578632354736328,
            0.0010509490966796875,
            0.0010330677032470703,
            0.0010230541229248047,
            0.0010271072387695312,
            0.001027822494506836
        ],
        "average": 0.001032710075378418,
        "min": 0.0009949207305908203,
        "max": 0.0010581016540527344
    },
    "f06_startup": {
        "class": "F06",
        "include_startup": true,
        "runs": [
            0.0015950202941894531,
            0.0013129711151123047,
            0.001310110092163086,
            0.0012950897216796875,
            0.0013248920440673828,
            0.0013270378112792969,
            0.0012929439544677734,
            0.0013370513916015625,
            0.0013189315795898438,
            0.0013110637664794922
        ],
        "average": 0.0013425111770629882,
        "min": 0.0012929439544677734,
        "max": 0.0015950202941894531
    },
    "fin06": {
        "class": "FIn06",
        "include_startup": false,
        "runs": [
            0.0012400150299072266,
            0.0012900829315185547,
            0.0012249946594238281,
            0.001233816146850586,
            0.0012569427490234375,
            0.001249074935913086,
            0.0012750625610351562,
            0.0012531280517578125,
            0.0012218952178955078,
            0.001271963119506836
        ],
        "average": 0.0012516975402832031,
        "min": 0.0012218952178955078,
        "max": 0.0012900829315185547
    },
    "fin06_startup": {
        "class": "FIn06",
        "include_startup": true,
        "runs": [
            0.001767873764038086,
            0.0013210773468017578,
            0.0013289451599121094,
            0.0013418197631835938,
            0.0013480186462402344,
            0.0013988018035888672,
            0.0013499259948730469,
            0.0012919902801513672,
            0.0012998580932617188,
            0.0012998580932617188
        ],
        "average": 0.00137481689453125,
        "min": 0.0012919902801513672,
        "max": 0.001767873764038086
    },
    "p16": {
        "class": "P16",
        "include_startup": false,
        "runs": [
            0.0012969970703125,
            0.0012941360473632812,
            0.0012860298156738281,
            0.001280069351196289,
            0.0013260841369628906,
            0.0012769699096679688,
            0.00177001953125,
            0.0013189315795898438,
            0.0012691020965576172,
            0.0012891292572021484
        ],
        "average": 0.0013407468795776367,
        "min": 0.0012691020965576172,
        "max": 0.00177001953125
    },
    "p16_startup": {
        "class": "P16",
        "include_startup": true,
        "runs": [
            0.0016281604766845703,
            0.0013251304626464844,
            0.0013861656188964844,
            0.001325845718383789,
            0.0013489723205566406,
            0.0013568401336669922,
            0.0013360977172851562,
            0.0013630390167236328,
            0.0013232231140136719,
            0.0013408660888671875
        ],
        "average": 0.001373434066772461,
        "min": 0.0013232231140136719,
        "max": 0.0016281604766845703
    },
    "pin16": {
        "class": "PIn16",
        "include_startup": false,
        "runs": [
            0.0012099742889404297,
            0.001264810562133789,
            0.0012080669403076172,
            0.0012259483337402344,
            0.001230001449584961,
            0.0012240409851074219,
            0.0012919902801513672,
            0.0012178421020507812,
            0.001238107681274414,
            0.0012359619140625
        ],
        "average": 0.0012346744537353516,
        "min": 0.0012080669403076172,
        "max": 0.0012919902801513672
    },
    "pin16_startup": {
        "class": "PIn16",
        "include_startup": true,
        "runs": [
            0.0015439987182617188,
            0.0012679100036621094,
            0.0013179779052734375,
            0.0012850761413574219,
            0.0012710094451904297,
            0.0012781620025634766,
            0.0012738704681396484,
            0.001280069351196289,
            0.0012860298156738281,
            0.0012688636779785156
        ],
        "average": 0.0013072967529296875,
        "min": 0.0012679100036621094,
        "max": 0.0015439987182617188
    },
    "z26": {
        "class": "Z26",
        "include_startup": false,
        "runs": [
            0.001219034194946289,
            0.0012111663818359375,
            0.001216888427734375,
            0.0012331008911132812,
            0.0012078285217285156,
            0.001199960708618164,
            0.0012331008911132812,
            0.0012118816375732422,
            0.0011949539184570312,
            0.0012400150299072266
        ],
        "average": 0.0012167930603027345,
        "min": 0.0011949539184570312,
        "max": 0.0012400150299072266
    },
    "z26_startup": {
        "class": "Z26",
        "include_startup": true,
        "runs": [
            0.001641988754272461,
            0.0013918876647949219,
            0.0013620853424072266,
            0.0013630390167236328,
            0.001363992691040039,
            0.0013649463653564453,
            0.0015959739685058594,
            0.00138092041015625,
            0.001363992691040039,
            0.0013480186462402344
        ],
        "average": 0.001417684555053711,
        "min": 0.0013480186462402344,
        "max": 0.001641988754272461
    },
    "zin26": {
        "class": "ZIn26",
        "include_startup": false,
        "runs": [
            0.002257108688354492,
            0.0022029876708984375,
            0.0022051334381103516,
            0.002187013626098633,
            0.0022780895233154297,
            0.0016231536865234375,
            0.0012700557708740234,
            0.0012359619140625,
            0.0012440681457519531,
            0.0012509822845458984
        ],
        "average": 0.0017754554748535157,
        "min": 0.0012359619140625,
        "max": 0.0022780895233154297
    },
    "zin26_startup": {
        "class": "ZIn26",
        "include_startup": true,
        "runs": [
            0.001638174057006836,
            0.0013689994812011719,
            0.001338958740234375,
            0.0013339519500732422,
            0.0013530254364013672,
            0.001352071762084961,
            0.0013790130615234375,
            0.0013310909271240234,
            0.0013959407806396484,
            0.0013968944549560547
        ],
        "average": 0.0013888120651245118,
        "min": 0.0013310909271240234,
        "max": 0.001638174057006836
    }
}