{
    "f06": {
        "class": "F06",
        "include_startup": false,
        "runs": [
            0.1015310287475586,
            0.10364389419555664,
            0.11374092102050781,
            0.09986281394958496,
            0.10027503967285156,
            0.10272693634033203,
            0.10078907012939453,
            0.10177898406982422,
            0.10083699226379395,
            0.10150504112243652
        ],
        "average": 0.10266907215118408,
        "min": 0.09986281394958496,
        "max": 0.11374092102050781
    },
    "f06_startup": {
        "class": "F06",
        "include_startup": true,
        "runs": [
            0.10115408897399902,
            0.09972786903381348,
            0.10167694091796875,
            0.10065698623657227,
            0.10016798973083496,
            0.0998539924621582,
            0.10321593284606934,
            0.1010439395904541,
            0.10146188735961914,
            0.10054302215576172
        ],
        "average": 0.10095026493072509,
        "min": 0.09972786903381348,
        "max": 0.10321593284606934
    },
    "fin06": {
        "class": "FIn06",
        "include_startup": false,
        "runs": [
            0.1152961254119873,
            0.10136890411376953,
            0.10138702392578125,
            0.10148310661315918,
            0.10152482986450195,
            0.1049809455871582,
            0.1033179759979248,
            0.1032569408416748,
            0.10332393646240234,
            0.10298585891723633
        ],
        "average": 0.10389256477355957,
        "min": 0.10136890411376953,
        "max": 0.1152961254119873
    },
    "fin06_startup": {
        "class": "FIn06",
        "include_startup": true,
        "runs": [
            0.12047696113586426,
            0.10259509086608887,
            0.10381317138671875,
            0.10804080963134766,
            0.10362410545349121,
            0.10106396675109863,
            0.10133886337280273,
            0.10145306587219238,
            0.10166120529174805,
            0.10249590873718262
        ],
        "average": 0.10465631484985352,
        "min": 0.10106396675109863,
        "max": 0.12047696113586426
    },
    "p16": {
        "class": "P16",
        "include_startup": false,
        "runs": [
            14.14992880821228,
            13.04312515258789,
            14.045619010925293,
            14.058120965957642,
            14.041074991226196,
            14.090975046157837,
            13.056115865707397,
            14.102097988128662,
            13.13902497291565,
            14.090217113494873
        ],
        "average": 13.781629991531371,
        "min": 13.04312515258789,
        "max": 14.14992880821228
    },
    "p16_startup": {
        "class": "P16",
        "include_startup": true,
        "runs": [
            14.084012031555176,
            14.372936010360718,
            14.236870050430298,
            14.110995054244995,
            14.116729021072388,
            14.052158117294312,
            14.009131908416748,
            14.107022047042847,
            14.009106159210205,
            13.977827072143555
        ],
        "average": 14.107678747177124,
        "min": 13.977827072143555,
        "max": 14.372936010360718
    },
    "pin16": {
        "class": "PIn16",
        "include_startup": false,
        "runs": [
            14.119852066040039,
            14.078009128570557,
            14.119488954544067,
            14.212098121643066,
            14.166047096252441,
            14.10728907585144,
            14.068286895751953,
            14.119040966033936,
            14.274773836135864,
            14.121794939041138
        ],
        "average": 14.138668107986451,
        "min": 14.068286895751953,
        "max": 14.274773836135864
    },
    "pin16_startup": {
        "class": "PIn16",
        "include_startup": true,
        "runs": [
            14.083235025405884,
            14.258803844451904,
            14.161087036132812,
            14.232938051223755,
            15.16130805015564,
            14.160274982452393,
            14.303354024887085,
            14.188381910324097,
            14.143518924713135,
            14.008894920349121
        ],
        "average": 14.270179677009583,
        "min": 14.008894920349121,
        "max": 15.16130805015564
    }
}