{
    "f06": {
        "class": "F06",
        "include_startup": false,
        "runs": [
            0.0014491081237792969,
            0.0013511180877685547,
            0.0013370513916015625,
            0.0013320446014404297,
            0.001344919204711914,
            0.0014929771423339844,
            0.0021431446075439453,
            0.002228975296020508,
            0.002249002456665039,
            0.0022521018981933594
        ],
        "average": 0.0017180442810058594,
        "min": 0.0013320446014404297,
        "max": 0.0022521018981933594
    },
    "f06_startup": {
        "class": "F06",
        "include_startup": true,
        "runs": [
            0.0022029876708984375,
            0.0013871192932128906,
            0.0014300346374511719,
            0.0013878345489501953,
            0.0013861656188964844,
            0.0014591217041015625,
            0.0014159679412841797,
            0.0014011859893798828,
            0.0013880729675292969,
            0.0013928413391113281
        ],
        "average": 0.001485133171081543,
        "min": 0.0013861656188964844,
        "max": 0.0022029876708984375
    },
    "p16": {
        "class": "P16",
        "include_startup": false,
        "runs": [
            0.0015819072723388672,
            0.0013768672943115234,
            0.0013408660888671875,
            0.0014231204986572266,
            0.0013689994812011719,
            0.0013539791107177734,
            0.0013780593872070312,
            0.0013480186462402344,
            0.001316070556640625,
            0.0013570785522460938
        ],
        "average": 0.0013844966888427734,
        "min": 0.001316070556640625,
        "max": 0.0015819072723388672
    },
    "p16_startup": {
        "class": "P16",
        "include_startup": true,
        "runs": [
            0.0026121139526367188,
            0.0014758110046386719,
            0.0014948844909667969,
            0.0014410018920898438,
            0.0014748573303222656,
            0.0014531612396240234,
            0.0014870166778564453,
            0.0014491081237792969,
            0.0014469623565673828,
            0.0014331340789794922
        ],
        "average": 0.0015768051147460938,
        "min": 0.0014331340789794922,
        "max": 0.0026121139526367188
    },
    "z26": {
        "class": "Z26",
        "include_startup": false,
        "runs": [
            0.0015869140625,
            0.001352071762084961,
            0.0013580322265625,
            0.0013401508331298828,
            0.0013349056243896484,
            0.0013439655303955078,
            0.0013408660888671875,
            0.001341104507446289,
            0.0013380050659179688,
            0.0013358592987060547
        ],
        "average": 0.0013671875,
        "min": 0.0013349056243896484,
        "max": 0.0015869140625
    },
    "z26_startup": {
        "class": "Z26",
        "include_startup": true,
        "runs": [
            0.0024080276489257812,
            0.0015149116516113281,
            0.0015299320220947266,
            0.0015060901641845703,
            0.0014829635620117188,
            0.002437114715576172,
            0.0015151500701904297,
            0.0014810562133789062,
            0.0014829635620117188,
            0.001477956771850586
        ],
        "average": 0.0016836166381835938,
        "min": 0.001477956771850586,
        "max": 0.002437114715576172
    }
}