{
    "f06": {
        "class": "F06",
        "include_startup": false,
        "runs": [
            0.0008151531219482422,
            0.0008070468902587891,
            0.0007851123809814453,
            0.0007948875427246094,
            0.0008020401000976562,
            0.0007929801940917969,
            0.0007917881011962891,
            0.0007798671722412109,
            0.000804901123046875,
            0.0007970333099365234
        ],
        "average": 0.0007970809936523437,
        "min": 0.0007798671722412109,
        "max": 0.0008151531219482422
    },
    "f06_startup": {
        "class": "F06",
        "include_startup": true,
        "runs": [
            0.0011458396911621094,
            0.001155853271484375,
            0.0011630058288574219,
            0.0011630058288574219,
            0.0011448860168457031,
            0.0011501312255859375,
            0.0011701583862304688,
            0.001190185546875,
            0.001168966293334961,
            0.0011601448059082031
        ],
        "average": 0.0011612176895141602,
        "min": 0.0011448860168457031,
        "max": 0.001190185546875
    },
    "fin06": {
        "class": "FIn06",
        "include_startup": false,
        "runs": [
            0.0007848739624023438,
            0.0008080005645751953,
            0.0008249282836914062,
            0.000804901123046875,
            0.0007929801940917969,
            0.0007908344268798828,
            0.0008120536804199219,
            0.0008108615875244141,
            0.0008070468902587891,
            0.00080108642578125
        ],
        "average": 0.0008037567138671875,
        "min": 0.0007848739624023438,
        "max": 0.0008249282836914062
    },
    "fin06_startup": {
        "class": "FIn06",
        "include_startup": true,
        "runs": [
            0.0008149147033691406,
            0.0008091926574707031,
            0.000782012939453125,
            0.0007898807525634766,
            0.0007910728454589844,
            0.0007660388946533203,
            0.0007851123809814453,
            0.0007839202880859375,
            0.0007801055908203125,
            0.0007698535919189453
        ],
        "average": 0.0007872104644775391,
        "min": 0.0007660388946533203,
        "max": 0.0008149147033691406
    },
    "p16": {
        "class": "P16",
        "include_startup": false,
        "runs": [
            0.0009920597076416016,
            0.00096893310546875,
            0.0009000301361083984,
            0.0008878707885742188,
            0.0009250640869140625,
            0.0009260177612304688,
            0.0009028911590576172,
            0.0008821487426757812,
            0.0008878707885742188,
            0.0008349418640136719
        ],
        "average": 0.0009107828140258789,
        "min": 0.0008349418640136719,
        "max": 0.0009920597076416016
    },
    "p16_startup": {
        "class": "P16",
        "include_startup": true,
        "runs": [
            0.0008001327514648438,
            0.0008020401000976562,
            0.000804901123046875,
            0.0008058547973632812,
            0.0008039474487304688,
            0.0007929801940917969,
            0.0008001327514648438,
            0.0008149147033691406,
            0.0008080005645751953,
            0.0008041858673095703
        ],
        "average": 0.0008037090301513672,
        "min": 0.0007929801940917969,
        "max": 0.0008149147033691406
    },
    "pin16": {
        "class": "PIn16",
        "include_startup": false,
        "runs": [
            0.0007219314575195312,
            0.0006680488586425781,
            0.0006709098815917969,
            0.0006818771362304688,
            0.0006279945373535156,
            0.0006809234619140625,
            0.0006840229034423828,
            0.0006618499755859375,
            0.0006659030914306641,
            0.0006690025329589844
        ],
        "average": 0.0006732463836669922,
        "min": 0.0006279945373535156,
        "max": 0.0007219314575195312
    },
    "pin16_startup": {
        "class": "PIn16",
        "include_startup": true,
        "runs": [
            0.0008358955383300781,
            0.0007939338684082031,
            0.0008080005645751953,
            0.0008189678192138672,
            0.000804901123046875,
            0.0007951259613037109,
            0.0007908344268798828,
            0.0007970333099365234,
            0.0008039474487304688,
            0.0007901191711425781
        ],
        "average": 0.0008038759231567382,
        "min": 0.0007901191711425781,
        "max": 0.0008358955383300781
    },
    "z26": {
        "class": "Z26",
        "include_startup": false,
        "runs": [
            0.0009388923645019531,
            0.0008220672607421875,
            0.0008060932159423828,
            0.0007970333099365234,
            0.000782012939453125,
            0.0007867813110351562,
            0.0007798671722412109,
            0.0007989406585693359,
            0.0007851123809814453,
            0.0007829666137695312
        ],
        "average": 0.0008079767227172852,
        "min": 0.0007798671722412109,
        "max": 0.0009388923645019531
    },
    "z26_startup": {
        "class": "Z26",
        "include_startup": true,
        "runs": [
            0.0008289813995361328,
            0.0008490085601806641,
            0.0008189678192138672,
            0.0008199214935302734,
            0.0008261203765869141,
            0.0008490085601806641,
            0.0008218288421630859,
            0.00080108642578125,
            0.0008161067962646484,
            0.0008318424224853516
        ],
        "average": 0.0008262872695922851,
        "min": 0.00080108642578125,
        "max": 0.0008490085601806641
    },
    "zin26": {
        "class": "ZIn26",
        "include_startup": false,
        "runs": [
            0.0007700920104980469,
            0.0007431507110595703,
            0.0008029937744140625,
            0.0008120536804199219,
            0.0007898807525634766,
            0.0007970333099365234,
            0.0007789134979248047,
            0.0007910728454589844,
            0.0008039474487304688,
            0.0007801055908203125
        ],
        "average": 0.0007869243621826172,
        "min": 0.0007431507110595703,
        "max": 0.0008120536804199219
    },
    "zin26_startup": {
        "class": "ZIn26",
        "include_startup": true,
        "runs": [
            0.0008101463317871094,
            0.0007970333099365234,
            0.0008130073547363281,
            0.0008089542388916016,
            0.0007970333099365234,
            0.0007870197296142578,
            0.0008120536804199219,
            0.0008618831634521484,
            0.0007960796356201172,
            0.0008258819580078125
        ],
        "average": 0.0008109092712402343,
        "min": 0.0007870197296142578,
        "max": 0.0008618831634521484
    }
}