{
    "f06": {
        "class": "F06",
        "include_startup": false,
        "runs": [
            0.0014019012451171875,
            0.0013608932495117188,
            0.0014278888702392578,
            0.0014050006866455078,
            0.0017571449279785156,
            0.0014500617980957031,
            0.0013790130615234375,
            0.0013420581817626953,
            0.0013480186462402344,
            0.0013470649719238281
        ],
        "average": 0.0014219045639038085,
        "min": 0.0013420581817626953,
        "max": 0.0017571449279785156
    },
    "f06_startup": {
        "class": "F06",
        "include_startup": true,
        "runs": [
            0.0028281211853027344,
            0.002090930938720703,
            0.0020589828491210938,
            0.0021021366119384766,
            0.002092123031616211,
            0.0020198822021484375,
            0.002045154571533203,
            0.0021009445190429688,
            0.002053976058959961,
            0.002048969268798828
        ],
        "average": 0.002144122123718262,
        "min": 0.0020198822021484375,
        "max": 0.0028281211853027344
    },
    "fin06": {
        "class": "FIn06",
        "include_startup": false,
        "runs": [
            0.003910064697265625,
            0.0038819313049316406,
            0.0038421154022216797,
            0.003911018371582031,
            0.0038678646087646484,
            0.003857135772705078,
            0.003863096237182617,
            0.0038259029388427734,
            0.0038471221923828125,
            0.003837108612060547
        ],
        "average": 0.0038643360137939455,
        "min": 0.0038259029388427734,
        "max": 0.003911018371582031
    },
    "fin06_startup": {
        "class": "FIn06",
        "include_startup": true,
        "runs": [
            0.005357980728149414,
            0.005033016204833984,
            0.004601001739501953,
            0.0045969486236572266,
            0.004589080810546875,
            0.00464320182800293,
            0.004606008529663086,
            0.004904985427856445,
            0.0046918392181396484,
            0.004611015319824219
        ],
        "average": 0.004763507843017578,
        "min": 0.004589080810546875,
        "max": 0.005357980728149414
    },
    "p16": {
        "class": "P16",
        "include_startup": false,
        "runs": [
            0.0015780925750732422,
            0.0021359920501708984,
            0.0022149085998535156,
            0.002190113067626953,
            0.002198934555053711,
            0.0021970272064208984,
            0.0022020339965820312,
            0.0022051334381103516,
            0.002209186553955078,
            0.002198934555053711
        ],
        "average": 0.002133035659790039,
        "min": 0.0015780925750732422,
        "max": 0.0022149085998535156
    },
    "p16_startup": {
        "class": "P16",
        "include_startup": true,
        "runs": [
            0.0027730464935302734,
            0.0020689964294433594,
            0.0020301342010498047,
            0.0020351409912109375,
            0.0020461082458496094,
            0.0020580291748046875,
            0.002065896987915039,
            0.0020639896392822266,
            0.002073049545288086,
            0.002259969711303711
        ],
        "average": 0.0021474361419677734,
        "min": 0.0020301342010498047,
        "max": 0.0027730464935302734
    },
    "pin16": {
        "class": "PIn16",
        "include_startup": false,
        "runs": [
            0.004032135009765625,
            0.004049062728881836,
            0.003988027572631836,
            0.003968000411987305,
            0.003968954086303711,
            0.0039920806884765625,
            0.0039370059967041016,
            0.004006862640380859,
            0.004022121429443359,
            0.003940105438232422
        ],
        "average": 0.003990435600280761,
        "min": 0.0039370059967041016,
        "max": 0.004049062728881836
    },
    "pin16_startup": {
        "class": "PIn16",
        "include_startup": true,
        "runs": [
            0.0053789615631103516,
            0.004766941070556641,
            0.0046749114990234375,
            0.0045931339263916016,
            0.004592180252075195,
            0.004858970642089844,
            0.0046539306640625,
            0.004658937454223633,
            0.004801034927368164,
            0.004702091217041016
        ],
        "average": 0.004768109321594239,
        "min": 0.004592180252075195,
        "max": 0.0053789615631103516
    },
    "z26": {
        "class": "Z26",
        "include_startup": false,
        "runs": [
            0.0013890266418457031,
            0.0013320446014404297,
            0.001371145248413086,
            0.0013620853424072266,
            0.001361846923828125,
            0.0013370513916015625,
            0.001352071762084961,
            0.0013380050659179688,
            0.0013408660888671875,
            0.0013511180877685547
        ],
        "average": 0.0013535261154174806,
        "min": 0.0013320446014404297,
        "max": 0.0013890266418457031
    },
    "z26_startup": {
        "class": "Z26",
        "include_startup": true,
        "runs": [
            0.0028200149536132812,
            0.0020880699157714844,
            0.0020270347595214844,
            0.0021560192108154297,
            0.002067089080810547,
            0.0020329952239990234,
            0.0020771026611328125,
            0.002789020538330078,
            0.002061128616333008,
            0.0020508766174316406
        ],
        "average": 0.002216935157775879,
        "min": 0.0020270347595214844,
        "max": 0.0028200149536132812
    },
    "zin26": {
        "class": "ZIn26",
        "include_startup": false,
        "runs": [
            0.003935813903808594,
            0.003930807113647461,
            0.003906965255737305,
            0.003883838653564453,
            0.00392913818359375,
            0.004132986068725586,
            0.00406193733215332,
            0.003824949264526367,
            0.0038459300994873047,
            0.003847837448120117
        ],
        "average": 0.003930020332336426,
        "min": 0.003824949264526367,
        "max": 0.004132986068725586
    },
    "zin26_startup": {
        "class": "ZIn26",
        "include_startup": true,
        "runs": [
            0.005391836166381836,
            0.004656791687011719,
            0.0046160221099853516,
            0.004596233367919922,
            0.00456690788269043,
            0.004556179046630859,
            0.004547119140625,
            0.004622936248779297,
            0.004654884338378906,
            0.004646778106689453
        ],
        "average": 0.0046855688095092775,
        "min": 0.004547119140625,
        "max": 0.005391836166381836
    }
}