{
    "f06": {
        "class": "F06",
        "include_startup": false,
        "runs": [
            0.39321208000183105,
            0.3889768123626709,
            0.39121198654174805,
            0.3986330032348633,
            0.35428905487060547,
            0.3942999839782715,
            0.39316797256469727,
            0.3583040237426758,
            0.40054798126220703,
            0.39714884757995605
        ],
        "average": 0.38697917461395265,
        "min": 0.35428905487060547,
        "max": 0.40054798126220703
    },
    "f06_startup": {
        "class": "F06",
        "include_startup": true,
        "runs": [
            0.3961970806121826,
            0.39608001708984375,
            0.40604400634765625,
            0.36980295181274414,
            0.40749216079711914,
            0.4234659671783447,
            0.3962419033050537,
            0.3991730213165283,
            0.39617395401000977,
            0.4011850357055664
        ],
        "average": 0.3991856098175049,
        "min": 0.36980295181274414,
        "max": 0.4234659671783447
    }
}