{
    "f06": {
        "class": "F06",
        "include_startup": false,
        "runs": [
            3.525320053100586,
            3.4856228828430176,
            3.488147020339966,
            1.9175260066986084,
            1.9229779243469238,
            3.486161947250366,
            3.517084836959839,
            1.9284789562225342,
            3.4829180240631104,
            3.5018348693847656
        ],
        "average": 3.0256072521209716,
        "min": 1.9175260066986084,
        "max": 3.525320053100586
    },
    "f06_startup": {
        "class": "F06",
        "include_startup": true,
        "runs": [
            3.4991650581359863,
            3.459881067276001,
            3.469376802444458,
            3.48625111579895,
            3.5090279579162598,
            3.4967689514160156,
            3.4863131046295166,
            3.576472043991089,
            3.5542519092559814,
            3.487154006958008
        ],
        "average": 3.5024662017822266,
        "min": 3.459881067276001,
        "max": 3.576472043991089
    },
    "fin06": {
        "class": "FIn06",
        "include_startup": false,
        "runs": [
            3.514056921005249,
            3.5397560596466064,
            3.4760489463806152,
            3.487799882888794,
            3.5756471157073975,
            3.540539026260376,
            1.9490840435028076,
            3.4684548377990723,
            3.5449061393737793,
            3.4896068572998047
        ],
        "average": 3.3585899829864503,
        "min": 1.9490840435028076,
        "max": 3.5756471157073975
    },
    "fin06_startup": {
        "class": "FIn06",
        "include_startup": true,
        "runs": [
            3.5225958824157715,
            3.5367720127105713,
            1.938565969467163,
            3.6349830627441406,
            1.930595874786377,
            1.9442899227142334,
            3.575700044631958,
            3.5248169898986816,
            3.502126932144165,
            3.515333890914917
        ],
        "average": 3.062578058242798,
        "min": 1.930595874786377,
        "max": 3.6349830627441406
    }
}