{
    "f06": {
        "class": "F06",
        "include_startup": false,
        "runs": [
            0.0008020401000976562,
            0.0007669925689697266,
            0.0007810592651367188,
            0.0007870197296142578,
            0.0007588863372802734,
            0.0007610321044921875,
            0.0007710456848144531,
            0.0007731914520263672,
            0.0007948875427246094,
            0.0007750988006591797
        ],
        "average": 0.000777125358581543,
        "min": 0.0007588863372802734,
        "max": 0.0008020401000976562
    },
    "f06_startup": {
        "class": "F06",
        "include_startup": true,
        "runs": [
            0.0007998943328857422,
            0.0007748603820800781,
            0.0007839202880859375,
            0.0010478496551513672,
            0.0007660388946533203,
            0.0008199214935302734,
            0.0007960796356201172,
            0.0007948875427246094,
            0.0007939338684082031,
            0.0007719993591308594
        ],
        "average": 0.0008149385452270508,
        "min": 0.0007660388946533203,
        "max": 0.0010478496551513672
    },
    "fin06": {
        "class": "FIn06",
        "include_startup": false,
        "runs": [
            0.001291036605834961,
            0.0012941360473632812,
            0.0013339519500732422,
            0.001283884048461914,
            0.001299142837524414,
            0.0013229846954345703,
            0.0012960433959960938,
            0.0013229846954345703,
            0.0013232231140136719,
            0.0012841224670410156
        ],
        "average": 0.0013051509857177734,
        "min": 0.001283884048461914,
        "max": 0.0013339519500732422
    },
    "fin06_startup": {
        "class": "FIn06",
        "include_startup": true,
        "runs": [
            0.0007748603820800781,
            0.0007698535919189453,
            0.0007691383361816406,
            0.0007798671722412109,
            0.0007650852203369141,
            0.000759124755859375,
            0.000762939453125,
            0.0007641315460205078,
            0.0007848739624023438,
            0.0011031627655029297
        ],
        "average": 0.0008033037185668946,
        "min": 0.000759124755859375,
        "max": 0.0011031627655029297
    },
    "p16": {
        "class": "P16",
        "include_startup": false,
        "runs": [
            0.0008020401000976562,
            0.0007538795471191406,
            0.0007779598236083984,
            0.0007960796356201172,
            0.0007538795471191406,
            0.0007669925689697266,
            0.00080108642578125,
            0.0007679462432861328,
            0.0007569789886474609,
            0.0007719993591308594
        ],
        "average": 0.0007748842239379883,
        "min": 0.0007538795471191406,
        "max": 0.0008020401000976562
    },
    "p16_startup": {
        "class": "P16",
        "include_startup": true,
        "runs": [
            0.000820159912109375,
            0.0007970333099365234,
            0.0007719993591308594,
            0.0007979869842529297,
            0.0010249614715576172,
            0.0007958412170410156,
            0.0007920265197753906,
            0.000782012939453125,
            0.0007798671722412109,
            0.0007731914520263672
        ],
        "average": 0.0008135080337524414,
        "min": 0.0007719993591308594,
        "max": 0.0010249614715576172
    },
    "pin16": {
        "class": "PIn16",
        "include_startup": false,
        "runs": [
            0.0008440017700195312,
            0.0007841587066650391,
            0.0007560253143310547,
            0.0007851123809814453,
            0.0007739067077636719,
            0.0007779598236083984,
            0.0007719993591308594,
            0.0007648468017578125,
            0.0007760524749755859,
            0.0007870197296142578
        ],
        "average": 0.0007821083068847656,
        "min": 0.0007560253143310547,
        "max": 0.0008440017700195312
    },
    "pin16_startup": {
        "class": "PIn16",
        "include_startup": true,
        "runs": [
            0.0007910728454589844,
            0.0008120536804199219,
            0.0008108615875244141,
            0.0008211135864257812,
            0.0007688999176025391,
            0.0007841587066650391,
            0.0007889270782470703,
            0.0007750988006591797,
            0.0008170604705810547,
            0.0007679462432861328
        ],
        "average": 0.0007937192916870117,
        "min": 0.0007679462432861328,
        "max": 0.0008211135864257812
    },
    "z26": {
        "class": "Z26",
        "include_startup": false,
        "runs": [
            0.0008630752563476562,
            0.0008640289306640625,
            0.0008490085601806641,
            0.00086212158203125,
            0.0008480548858642578,
            0.0008578300476074219,
            0.0008199214935302734,
            0.0008571147918701172,
            0.0008318424224853516,
            0.0009632110595703125
        ],
        "average": 0.0008616209030151367,
        "min": 0.0008199214935302734,
        "max": 0.0009632110595703125
    },
    "z26_startup": {
        "class": "Z26",
        "include_startup": true,
        "runs": [
            0.0008029937744140625,
            0.0009169578552246094,
            0.0008418560028076172,
            0.0008602142333984375,
            0.0008339881896972656,
            0.0008349418640136719,
            0.0008280277252197266,
            0.0008409023284912109,
            0.0008499622344970703,
            0.0008308887481689453
        ],
        "average": 0.0008440732955932618,
        "min": 0.0008029937744140625,
        "max": 0.0009169578552246094
    },
    "zin26": {
        "class": "ZIn26",
        "include_startup": false,
        "runs": [
            0.0007860660552978516,
            0.0007729530334472656,
            0.0007641315460205078,
            0.0007648468017578125,
            0.0007541179656982422,
            0.0007548332214355469,
            0.0007631778717041016,
            0.0007500648498535156,
            0.0007638931274414062,
            0.0007650852203369141
        ],
        "average": 0.0007639169692993164,
        "min": 0.0007500648498535156,
        "max": 0.0007860660552978516
    },
    "zin26_startup": {
        "class": "ZIn26",
        "include_startup": true,
        "runs": [
            0.0008618831634521484,
            0.0008068084716796875,
            0.0007700920104980469,
            0.0007851123809814453,
            0.0008058547973632812,
            0.0007891654968261719,
            0.0007739067077636719,
            0.0007848739624023438,
            0.0007860660552978516,
            0.0007989406585693359
        ],
        "average": 0.0007962703704833985,
        "min": 0.0007700920104980469,
        "max": 0.0008618831634521484
    }
}