{
    "f06": {
        "class": "F06",
        "include_startup": false,
        "runs": [
            0.0014040470123291016,
            0.000782012939453125,
            0.0007770061492919922,
            0.0007679462432861328,
            0.0007779598236083984,
            0.0007510185241699219,
            0.0007658004760742188,
            0.000762939453125,
            0.0007688999176025391,
            0.0007610321044921875
        ],
        "average": 0.0008318662643432617,
        "min": 0.0007510185241699219,
        "max": 0.0014040470123291016
    },
    "f06_startup": {
        "class": "F06",
        "include_startup": true,
        "runs": [
            0.0027570724487304688,
            0.0008351802825927734,
            0.0008208751678466797,
            0.0008039474487304688,
            0.0008089542388916016,
            0.0008070468902587891,
            0.0008020401000976562,
            0.0008120536804199219,
            0.0007939338684082031,
            0.0007958412170410156
        ],
        "average": 0.0010036945343017579,
        "min": 0.0007939338684082031,
        "max": 0.0027570724487304688
    },
    "fin06": {
        "class": "FIn06",
        "include_startup": false,
        "runs": [
            0.0014579296112060547,
            0.0007810592651367188,
            0.0007619857788085938,
            0.0007748603820800781,
            0.0007650852203369141,
            0.0007729530334472656,
            0.0007638931274414062,
            0.0007870197296142578,
            0.0007879734039306641,
            0.0007719993591308594
        ],
        "average": 0.0008424758911132812,
        "min": 0.0007619857788085938,
        "max": 0.0014579296112060547
    },
    "fin06_startup": {
        "class": "FIn06",
        "include_startup": true,
        "runs": [
            0.002153158187866211,
            0.0007119178771972656,
            0.0006659030914306641,
            0.0006809234619140625,
            0.0006659030914306641,
            0.0006549358367919922,
            0.0006780624389648438,
            0.0006699562072753906,
            0.0006611347198486328,
            0.0006699562072753906
        ],
        "average": 0.0008211851119995118,
        "min": 0.0006549358367919922,
        "max": 0.002153158187866211
    },
    "p16": {
        "class": "P16",
        "include_startup": false,
        "runs": [
            0.0014801025390625,
            0.0007798671722412109,
            0.000782012939453125,
            0.00080108642578125,
            0.000782012939453125,
            0.0007619857788085938,
            0.000759124755859375,
            0.0007660388946533203,
            0.0007729530334472656,
            0.0007741451263427734
        ],
        "average": 0.0008459329605102539,
        "min": 0.000759124755859375,
        "max": 0.0014801025390625
    },
    "p16_startup": {
        "class": "P16",
        "include_startup": true,
        "runs": [
            0.0028269290924072266,
            0.0008881092071533203,
            0.0008530616760253906,
            0.0008549690246582031,
            0.0008170604705810547,
            0.0008249282836914062,
            0.0008549690246582031,
            0.0008358955383300781,
            0.0008339881896972656,
            0.0008640289306640625
        ],
        "average": 0.001045393943786621,
        "min": 0.0008170604705810547,
        "max": 0.0028269290924072266
    },
    "pin16": {
        "class": "PIn16",
        "include_startup": false,
        "runs": [
            0.0015060901641845703,
            0.0007488727569580078,
            0.0007708072662353516,
            0.0007719993591308594,
            0.0007939338684082031,
            0.0007529258728027344,
            0.0007619857788085938,
            0.0007641315460205078,
            0.0007369518280029297,
            0.0007519721984863281
        ],
        "average": 0.0008359670639038086,
        "min": 0.0007369518280029297,
        "max": 0.0015060901641845703
    },
    "pin16_startup": {
        "class": "PIn16",
        "include_startup": true,
        "runs": [
            0.004343986511230469,
            0.0013370513916015625,
            0.001336812973022461,
            0.0013689994812011719,
            0.0014078617095947266,
            0.0013611316680908203,
            0.0012950897216796875,
            0.0013408660888671875,
            0.001332998275756836,
            0.0013229846954345703
        ],
        "average": 0.0016447782516479492,
        "min": 0.0012950897216796875,
        "max": 0.004343986511230469
    },
    "z26": {
        "class": "Z26",
        "include_startup": false,
        "runs": [
            0.002012014389038086,
            0.0009989738464355469,
            0.0010399818420410156,
            0.000982046127319336,
            0.0008831024169921875,
            0.0009319782257080078,
            0.0009741783142089844,
            0.0009779930114746094,
            0.0006091594696044922,
            0.0006020069122314453
        ],
        "average": 0.0010011434555053712,
        "min": 0.0006020069122314453,
        "max": 0.002012014389038086
    },
    "z26_startup": {
        "class": "Z26",
        "include_startup": true,
        "runs": [
            0.00279998779296875,
            0.0009579658508300781,
            0.0008718967437744141,
            0.0008921623229980469,
            0.000926971435546875,
            0.0008890628814697266,
            0.0008959770202636719,
            0.0008900165557861328,
            0.0008859634399414062,
            0.0008940696716308594
        ],
        "average": 0.001090407371520996,
        "min": 0.0008718967437744141,
        "max": 0.00279998779296875
    },
    "zin26": {
        "class": "ZIn26",
        "include_startup": false,
        "runs": [
            0.0015468597412109375,
            0.0007388591766357422,
            0.0007519721984863281,
            0.0007541179656982422,
            0.000743865966796875,
            0.0007359981536865234,
            0.0007519721984863281,
            0.0007450580596923828,
            0.0007760524749755859,
            0.000759124755859375
        ],
        "average": 0.000830388069152832,
        "min": 0.0007359981536865234,
        "max": 0.0015468597412109375
    },
    "zin26_startup": {
        "class": "ZIn26",
        "include_startup": true,
        "runs": [
            0.0028820037841796875,
            0.0009291172027587891,
            0.0009338855743408203,
            0.0009200572967529297,
            0.0009279251098632812,
            0.0009450912475585938,
            0.0009338855743408203,
            0.0009119510650634766,
            0.0009369850158691406,
            0.0009121894836425781
        ],
        "average": 0.0011233091354370117,
        "min": 0.0009119510650634766,
        "max": 0.0028820037841796875
    }
}