{
    "f06": {
        "class": "F06",
        "include_startup": false,
        "runs": [
            0.0015039443969726562,
            0.0013728141784667969,
            0.0013499259948730469,
            0.0013921260833740234,
            0.0013461112976074219,
            0.0018608570098876953,
            0.001705169677734375,
            0.0017020702362060547,
            0.0016939640045166016,
            0.0016889572143554688
        ],
        "average": 0.001561594009399414,
        "min": 0.0013461112976074219,
        "max": 0.0018608570098876953
    },
    "f06_startup": {
        "class": "F06",
        "include_startup": true,
        "runs": [
            0.0032699108123779297,
            0.0018429756164550781,
            0.001895904541015625,
            0.001856088638305664,
            0.0018548965454101562,
            0.0033550262451171875,
            0.0019421577453613281,
            0.0019168853759765625,
            0.001912832260131836,
            0.0019218921661376953
        ],
        "average": 0.002176856994628906,
        "min": 0.0018429756164550781,
        "max": 0.0033550262451171875
    },
    "fin06": {
        "class": "FIn06",
        "include_startup": false,
        "runs": [
            0.0019071102142333984,
            0.0016820430755615234,
            0.0016372203826904297,
            0.0016429424285888672,
            0.001650094985961914,
            0.0018122196197509766,
            0.0016369819641113281,
            0.001661062240600586,
            0.0016698837280273438,
            0.0016520023345947266
        ],
        "average": 0.0016951560974121094,
        "min": 0.0016369819641113281,
        "max": 0.0019071102142333984
    },
    "fin06_startup": {
        "class": "FIn06",
        "include_startup": true,
        "runs": [
            0.0032160282135009766,
            0.0020132064819335938,
            0.002916097640991211,
            0.003016948699951172,
            0.0030219554901123047,
            0.0032770633697509766,
            0.0018429756164550781,
            0.0018398761749267578,
            0.0018279552459716797,
            0.0017969608306884766
        ],
        "average": 0.0024769067764282226,
        "min": 0.0017969608306884766,
        "max": 0.0032770633697509766
    },
    "p16": {
        "class": "P16",
        "include_startup": false,
        "runs": [
            0.005465984344482422,
            0.005407094955444336,
            0.010554075241088867,
            0.009747982025146484,
            0.010962963104248047,
            0.005413055419921875,
            0.00568389892578125,
            0.005532979965209961,
            0.005369901657104492,
            0.0054149627685546875
        ],
        "average": 0.006955289840698242,
        "min": 0.005369901657104492,
        "max": 0.010962963104248047
    },
    "p16_startup": {
        "class": "P16",
        "include_startup": true,
        "runs": [
            0.006888151168823242,
            0.006899118423461914,
            0.006752967834472656,
            0.0067369937896728516,
            0.0057370662689208984,
            0.006924867630004883,
            0.006826162338256836,
            0.006863117218017578,
            0.00690007209777832,
            0.006690025329589844
        ],
        "average": 0.006721854209899902,
        "min": 0.0057370662689208984,
        "max": 0.006924867630004883
    },
    "pin16": {
        "class": "PIn16",
        "include_startup": false,
        "runs": [
            0.0020720958709716797,
            0.0018911361694335938,
            0.0018820762634277344,
            0.0015749931335449219,
            0.0018589496612548828,
            0.0019381046295166016,
            0.001577138900756836,
            0.0018320083618164062,
            0.0018219947814941406,
            0.0018618106842041016
        ],
        "average": 0.0018310308456420898,
        "min": 0.0015749931335449219,
        "max": 0.0020720958709716797
    },
    "pin16_startup": {
        "class": "PIn16",
        "include_startup": true,
        "runs": [
            0.0032508373260498047,
            0.0026102066040039062,
            0.003228902816772461,
            0.003269195556640625,
            0.003370046615600586,
            0.0034749507904052734,
            0.003337860107421875,
            0.003290891647338867,
            0.0033020973205566406,
            0.003289937973022461
        ],
        "average": 0.00324249267578125,
        "min": 0.0026102066040039062,
        "max": 0.0034749507904052734
    }
}