{
    "f06": {
        "class": "F06",
        "include_startup": false,
        "runs": [
            0.0018668174743652344,
            0.0017249584197998047,
            0.001708984375,
            0.0017299652099609375,
            0.0016949176788330078,
            0.0018041133880615234,
            0.001650094985961914,
            0.0016338825225830078,
            0.0016632080078125,
            0.0016300678253173828
        ],
        "average": 0.0017107009887695312,
        "min": 0.0016300678253173828,
        "max": 0.0018668174743652344
    },
    "f06_startup": {
        "class": "F06",
        "include_startup": true,
        "runs": [
            0.0033111572265625,
            0.0019230842590332031,
            0.0018951892852783203,
            0.0019121170043945312,
            0.001878976821899414,
            0.005021095275878906,
            0.003030061721801758,
            0.0030341148376464844,
            0.003047943115234375,
            0.003039836883544922
        ],
        "average": 0.0028093576431274412,
        "min": 0.001878976821899414,
        "max": 0.005021095275878906
    },
    "fin06": {
        "class": "FIn06",
        "include_startup": false,
        "runs": [
            0.0018110275268554688,
            0.0017299652099609375,
            0.0017161369323730469,
            0.0017199516296386719,
            0.0017478466033935547,
            0.001837015151977539,
            0.0016798973083496094,
            0.0017130374908447266,
            0.001683950424194336,
            0.0016870498657226562
        ],
        "average": 0.0017325878143310547,
        "min": 0.0016798973083496094,
        "max": 0.001837015151977539
    },
    "fin06_startup": {
        "class": "FIn06",
        "include_startup": true,
        "runs": [
            0.0032961368560791016,
            0.0018458366394042969,
            0.0018470287322998047,
            0.0018448829650878906,
            0.0018270015716552734,
            0.0031859874725341797,
            0.0017821788787841797,
            0.0017788410186767578,
            0.0017871856689453125,
            0.0016679763793945312
        ],
        "average": 0.002086305618286133,
        "min": 0.0016679763793945312,
        "max": 0.0032961368560791016
    },
    "p16": {
        "class": "P16",
        "include_startup": false,
        "runs": [
            0.005421161651611328,
            0.005491971969604492,
            0.005421876907348633,
            0.0055239200592041016,
            0.005467891693115234,
            0.0047190189361572266,
            0.0054531097412109375,
            0.005461931228637695,
            0.0061380863189697266,
            0.0054399967193603516
        ],
        "average": 0.0054538965225219725,
        "min": 0.0047190189361572266,
        "max": 0.0061380863189697266
    },
    "p16_startup": {
        "class": "P16",
        "include_startup": true,
        "runs": [
            0.0057201385498046875,
            0.008487939834594727,
            0.006867885589599609,
            0.006762027740478516,
            0.012658119201660156,
            0.006968975067138672,
            0.006838083267211914,
            0.006791830062866211,
            0.0069620609283447266,
            0.006801128387451172
        ],
        "average": 0.007485818862915039,
        "min": 0.0057201385498046875,
        "max": 0.012658119201660156
    },
    "pin16": {
        "class": "PIn16",
        "include_startup": false,
        "runs": [
            0.0018749237060546875,
            0.0018570423126220703,
            0.0020170211791992188,
            0.001544952392578125,
            0.0018799304962158203,
            0.001889944076538086,
            0.001889944076538086,
            0.0018870830535888672,
            0.001979827880859375,
            0.0019621849060058594
        ],
        "average": 0.0018782854080200196,
        "min": 0.001544952392578125,
        "max": 0.0020170211791992188
    },
    "pin16_startup": {
        "class": "PIn16",
        "include_startup": true,
        "runs": [
            0.003198862075805664,
            0.003332853317260742,
            0.0032918453216552734,
            0.0032808780670166016,
            0.0033750534057617188,
            0.0033130645751953125,
            0.003309011459350586,
            0.002660989761352539,
            0.003264904022216797,
            0.0033919811248779297
        ],
        "average": 0.0032419443130493166,
        "min": 0.002660989761352539,
        "max": 0.0033919811248779297
    }
}