{
    "f06": {
        "class": "F06",
        "include_startup": false,
        "runs": [
            0.40616607666015625,
            0.40601205825805664,
            0.4023149013519287,
            0.40702104568481445,
            0.41070103645324707,
            0.4098360538482666,
            0.4035379886627197,
            0.41086387634277344,
            0.4396209716796875,
            0.4037821292877197
        ],
        "average": 0.409985613822937,
        "min": 0.4023149013519287,
        "max": 0.4396209716796875
    },
    "f06_startup": {
        "class": "F06",
        "include_startup": true,
        "runs": [
            0.40823793411254883,
            0.4038081169128418,
            0.39951300621032715,
            0.40538501739501953,
            0.41815900802612305,
            0.444594144821167,
            0.4662349224090576,
            0.40996217727661133,
            0.41098904609680176,
            0.39954400062561035
        ],
        "average": 0.41664273738861085,
        "min": 0.39951300621032715,
        "max": 0.4662349224090576
    }
}