{
    "f06": {
        "class": "F06",
        "include_startup": false,
        "runs": [
            0.367124080657959,
            0.4039130210876465,
            0.3829050064086914,
            0.41253185272216797,
            0.39905381202697754,
            0.4014401435852051,
            0.39824914932250977,
            0.4001939296722412,
            0.3584780693054199,
            0.39948201179504395
        ],
        "average": 0.39233710765838625,
        "min": 0.3584780693054199,
        "max": 0.41253185272216797
    },
    "f06_startup": {
        "class": "F06",
        "include_startup": true,
        "runs": [
            0.40343499183654785,
            0.4107930660247803,
            0.4091379642486572,
            0.4084751605987549,
            0.40991902351379395,
            0.40480780601501465,
            0.408221960067749,
            0.41025304794311523,
            0.36711716651916504,
            0.4062950611114502
        ],
        "average": 0.4038455247879028,
        "min": 0.36711716651916504,
        "max": 0.4107930660247803
    }
}