{
    "f06": {
        "class": "F06",
        "include_startup": false,
        "runs": [
            0.0008130073547363281,
            0.0008151531219482422,
            0.0008108615875244141,
            0.0008590221405029297,
            0.0008480548858642578,
            0.0006971359252929688,
            0.0007309913635253906,
            0.0007119178771972656,
            0.0006780624389648438,
            0.0007147789001464844
        ],
        "average": 0.0007678985595703125,
        "min": 0.0006780624389648438,
        "max": 0.0008590221405029297
    },
    "f06_startup": {
        "class": "F06",
        "include_startup": true,
        "runs": [
            0.0021240711212158203,
            0.0018041133880615234,
            0.0017690658569335938,
            0.001779794692993164,
            0.0017690658569335938,
            0.0021979808807373047,
            0.0018010139465332031,
            0.0017671585083007812,
            0.0017859935760498047,
            0.0017828941345214844
        ],
        "average": 0.0018581151962280273,
        "min": 0.0017671585083007812,
        "max": 0.0021979808807373047
    },
    "fin06": {
        "class": "FIn06",
        "include_startup": false,
        "runs": [
            0.0008528232574462891,
            0.0007839202880859375,
            0.0008199214935302734,
            0.0008199214935302734,
            0.0008220672607421875,
            0.0008928775787353516,
            0.0008459091186523438,
            0.0008490085601806641,
            0.0008451938629150391,
            0.0008399486541748047
        ],
        "average": 0.0008371591567993164,
        "min": 0.0007839202880859375,
        "max": 0.0008928775787353516
    },
    "fin06_startup": {
        "class": "FIn06",
        "include_startup": true,
        "runs": [
            0.0021469593048095703,
            0.0017619132995605469,
            0.0017671585083007812,
            0.0018131732940673828,
            0.0017771720886230469,
            0.0021457672119140625,
            0.0018100738525390625,
            0.00177001953125,
            0.001825094223022461,
            0.0018279552459716797
        ],
        "average": 0.0018645286560058593,
        "min": 0.0017619132995605469,
        "max": 0.0021469593048095703
    },
    "p16": {
        "class": "P16",
        "include_startup": false,
        "runs": [
            0.0008978843688964844,
            0.0008661746978759766,
            0.001425027847290039,
            0.0008540153503417969,
            0.0007610321044921875,
            0.0009989738464355469,
            0.0008928775787353516,
            0.0008859634399414062,
            0.0008978843688964844,
            0.0007519721984863281
        ],
        "average": 0.0009231805801391601,
        "min": 0.0007519721984863281,
        "max": 0.001425027847290039
    },
    "p16_startup": {
        "class": "P16",
        "include_startup": true,
        "runs": [
            0.002210855484008789,
            0.0024709701538085938,
            0.002505064010620117,
            0.002206087112426758,
            0.0038750171661376953,
            0.0018641948699951172,
            0.0022220611572265625,
            0.002149820327758789,
            0.002198934555053711,
            0.0022661685943603516
        ],
        "average": 0.0023969173431396484,
        "min": 0.0018641948699951172,
        "max": 0.0038750171661376953
    },
    "pin16": {
        "class": "PIn16",
        "include_startup": false,
        "runs": [
            0.0008871555328369141,
            0.0008502006530761719,
            0.0007340908050537109,
            0.0008699893951416016,
            0.0008618831634521484,
            0.0008671283721923828,
            0.000843048095703125,
            0.001399993896484375,
            0.0008938312530517578,
            0.0008590221405029297
        ],
        "average": 0.0009066343307495117,
        "min": 0.0007340908050537109,
        "max": 0.001399993896484375
    },
    "pin16_startup": {
        "class": "PIn16",
        "include_startup": true,
        "runs": [
            0.0022499561309814453,
            0.0022399425506591797,
            0.0022199153900146484,
            0.002190113067626953,
            0.002154827117919922,
            0.002189159393310547,
            0.0022249221801757812,
            0.002290964126586914,
            0.0019068717956542969,
            0.0023598670959472656
        ],
        "average": 0.0022026538848876954,
        "min": 0.0019068717956542969,
        "max": 0.0023598670959472656
    }
}