{
    "f06": {
        "class": "F06",
        "include_startup": false,
        "runs": [
            0.0008449554443359375,
            0.0008320808410644531,
            0.0008149147033691406,
            0.0008211135864257812,
            0.0007998943328857422,
            0.0008289813995361328,
            0.0008330345153808594,
            0.0008339881896972656,
            0.0008268356323242188,
            0.0008180141448974609
        ],
        "average": 0.0008253812789916992,
        "min": 0.0007998943328857422,
        "max": 0.0008449554443359375
    },
    "f06_startup": {
        "class": "F06",
        "include_startup": true,
        "runs": [
            0.0019741058349609375,
            0.0014879703521728516,
            0.0014820098876953125,
            0.0014719963073730469,
            0.0016720294952392578,
            0.0028657913208007812,
            0.003197908401489258,
            0.0032129287719726562,
            0.003225088119506836,
            0.0032379627227783203
        ],
        "average": 0.002382779121398926,
        "min": 0.0014719963073730469,
        "max": 0.0032379627227783203
    },
    "fin06": {
        "class": "FIn06",
        "include_startup": false,
        "runs": [
            0.0008180141448974609,
            0.0008559226989746094,
            0.0008380413055419922,
            0.0008790493011474609,
            0.0012309551239013672,
            0.0008211135864257812,
            0.0007970333099365234,
            0.0008120536804199219,
            0.0008020401000976562,
            0.0007979869842529297
        ],
        "average": 0.0008652210235595703,
        "min": 0.0007970333099365234,
        "max": 0.0012309551239013672
    },
    "fin06_startup": {
        "class": "FIn06",
        "include_startup": true,
        "runs": [
            0.002191781997680664,
            0.0017440319061279297,
            0.0017778873443603516,
            0.0018091201782226562,
            0.0018019676208496094,
            0.0021479129791259766,
            0.0018038749694824219,
            0.0017671585083007812,
            0.001773834228515625,
            0.0017430782318115234
        ],
        "average": 0.0018560647964477538,
        "min": 0.0017430782318115234,
        "max": 0.002191781997680664
    },
    "p16": {
        "class": "P16",
        "include_startup": false,
        "runs": [
            0.0015211105346679688,
            0.0008690357208251953,
            0.0008590221405029297,
            0.0008671283721923828,
            0.0008730888366699219,
            0.00086212158203125,
            0.0007619857788085938,
            0.0008680820465087891,
            0.0008628368377685547,
            0.0008609294891357422
        ],
        "average": 0.0009205341339111328,
        "min": 0.0007619857788085938,
        "max": 0.0015211105346679688
    },
    "p16_startup": {
        "class": "P16",
        "include_startup": true,
        "runs": [
            0.002354860305786133,
            0.0021729469299316406,
            0.0021839141845703125,
            0.0021810531616210938,
            0.002174854278564453,
            0.002232074737548828,
            0.002273082733154297,
            0.002293825149536133,
            0.002238035202026367,
            0.0021889209747314453
        ],
        "average": 0.0022293567657470704,
        "min": 0.0021729469299316406,
        "max": 0.002354860305786133
    },
    "pin16": {
        "class": "PIn16",
        "include_startup": false,
        "runs": [
            0.0008678436279296875,
            0.0008618831634521484,
            0.0007278919219970703,
            0.0008890628814697266,
            0.0008900165557861328,
            0.0007369518280029297,
            0.0008711814880371094,
            0.0008521080017089844,
            0.0007388591766357422,
            0.0014619827270507812
        ],
        "average": 0.0008897781372070312,
        "min": 0.0007278919219970703,
        "max": 0.0014619827270507812
    },
    "pin16_startup": {
        "class": "PIn16",
        "include_startup": true,
        "runs": [
            0.002293109893798828,
            0.002192974090576172,
            0.002170085906982422,
            0.0021588802337646484,
            0.002146005630493164,
            0.0022041797637939453,
            0.0022039413452148438,
            0.0021758079528808594,
            0.0039179325103759766,
            0.0021789073944091797
        ],
        "average": 0.002364182472229004,
        "min": 0.002146005630493164,
        "max": 0.0039179325103759766
    }
}