{
    "f06": {
        "class": "F06",
        "include_startup": false,
        "runs": [
            0.07065796852111816,
            0.07319998741149902,
            0.07126498222351074,
            0.0724489688873291,
            0.07159209251403809,
            0.06198692321777344,
            0.06150388717651367,
            0.06174302101135254,
            0.06167912483215332,
            0.06158804893493652
        ],
        "average": 0.06676650047302246,
        "min": 0.06150388717651367,
        "max": 0.07319998741149902
    },
    "f06_startup": {
        "class": "F06",
        "include_startup": true,
        "runs": [
            0.07829999923706055,
            0.0714559555053711,
            0.08001184463500977,
            0.07295799255371094,
            0.0722658634185791,
            0.07184791564941406,
            0.0729520320892334,
            0.07292294502258301,
            0.07212686538696289,
            0.0728309154510498
        ],
        "average": 0.07376723289489746,
        "min": 0.0714559555053711,
        "max": 0.08001184463500977
    },
    "p16": {
        "class": "P16",
        "include_startup": false,
        "runs": [
            10.368076801300049,
            10.275138854980469,
            10.203451871871948,
            10.310432195663452,
            10.300233125686646,
            10.176782846450806,
            10.335620880126953,
            10.471702098846436,
            10.309871912002563,
            10.27023196220398
        ],
        "average": 10.30215425491333,
        "min": 10.176782846450806,
        "max": 10.471702098846436
    },
    "p16_startup": {
        "class": "P16",
        "include_startup": true,
        "runs": [
            10.202613830566406,
            10.306834936141968,
            10.246411085128784,
            10.19178295135498,
            10.23189902305603,
            10.412466049194336,
            10.448308944702148,
            8.693716049194336,
            10.23927092552185,
            10.264256954193115
        ],
        "average": 10.123756074905396,
        "min": 8.693716049194336,
        "max": 10.448308944702148
    }
}