{
    "f06": {
        "class": "F06",
        "include_startup": false,
        "runs": [
            0.07165908813476562,
            0.07133603096008301,
            0.07200217247009277,
            0.07201099395751953,
            0.07084202766418457,
            0.07133889198303223,
            0.07191300392150879,
            0.07189106941223145,
            0.07208085060119629,
            0.07203483581542969
        ],
        "average": 0.07171089649200439,
        "min": 0.07084202766418457,
        "max": 0.07208085060119629
    },
    "f06_startup": {
        "class": "F06",
        "include_startup": true,
        "runs": [
            0.0731968879699707,
            0.07334089279174805,
            0.07405304908752441,
            0.07797598838806152,
            0.07333207130432129,
            0.0717020034790039,
            0.07346892356872559,
            0.07368588447570801,
            0.0728909969329834,
            0.0716400146484375
        ],
        "average": 0.07352867126464843,
        "min": 0.0716400146484375,
        "max": 0.07797598838806152
    },
    "p16": {
        "class": "P16",
        "include_startup": false,
        "runs": [
            10.323560953140259,
            10.250366926193237,
            10.18598985671997,
            10.156054019927979,
            10.275005102157593,
            10.27855396270752,
            10.224218845367432,
            10.245661973953247,
            8.651894092559814,
            10.47165298461914
        ],
        "average": 10.10629587173462,
        "min": 8.651894092559814,
        "max": 10.47165298461914
    },
    "p16_startup": {
        "class": "P16",
        "include_startup": true,
        "runs": [
            10.10810399055481,
            10.145766019821167,
            10.559924125671387,
            10.224843978881836,
            10.428438186645508,
            10.162719011306763,
            10.176115989685059,
            10.195237159729004,
            10.243035078048706,
            10.220323085784912
        ],
        "average": 10.246450662612915,
        "min": 10.10810399055481,
        "max": 10.559924125671387
    }
}