{
    "f06": {
        "class": "F06",
        "include_startup": false,
        "runs": [
            0.0007081031799316406,
            0.0006871223449707031,
            0.0007009506225585938,
            0.0006978511810302734,
            0.0006778240203857422,
            0.0006871223449707031,
            0.0006930828094482422,
            0.0006749629974365234,
            0.0006880760192871094,
            0.0006890296936035156
        ],
        "average": 0.0006904125213623047,
        "min": 0.0006749629974365234,
        "max": 0.0007081031799316406
    },
    "f06_startup": {
        "class": "F06",
        "include_startup": true,
        "runs": [
            0.0016181468963623047,
            0.0007109642028808594,
            0.0007140636444091797,
            0.0007100105285644531,
            0.0007009506225585938,
            0.0007009506225585938,
            0.0006999969482421875,
            0.0006990432739257812,
            0.0006930828094482422,
            0.0006990432739257812
        ],
        "average": 0.0007946252822875977,
        "min": 0.0006930828094482422,
        "max": 0.0016181468963623047
    },
    "p16": {
        "class": "P16",
        "include_startup": false,
        "runs": [
            0.0009260177612304688,
            0.0007789134979248047,
            0.0007891654968261719,
            0.0007920265197753906,
            0.0007729530334472656,
            0.0007958412170410156,
            0.0007650852203369141,
            0.0007760524749755859,
            0.0007770061492919922,
            0.0007789134979248047
        ],
        "average": 0.0007951974868774414,
        "min": 0.0007650852203369141,
        "max": 0.0009260177612304688
    },
    "p16_startup": {
        "class": "P16",
        "include_startup": true,
        "runs": [
            0.002022981643676758,
            0.0008959770202636719,
            0.0008950233459472656,
            0.0008900165557861328,
            0.0008871555328369141,
            0.000888824462890625,
            0.0008938312530517578,
            0.0009019374847412109,
            0.0008990764617919922,
            0.0008919239044189453
        ],
        "average": 0.0010066747665405274,
        "min": 0.0008871555328369141,
        "max": 0.002022981643676758
    },
    "z26": {
        "class": "Z26",
        "include_startup": false,
        "runs": [
            0.0009970664978027344,
            0.0007891654968261719,
            0.0007920265197753906,
            0.0007879734039306641,
            0.0007870197296142578,
            0.0007891654968261719,
            0.0008418560028076172,
            0.0008058547973632812,
            0.0007960796356201172,
            0.0007870197296142578
        ],
        "average": 0.0008173227310180664,
        "min": 0.0007870197296142578,
        "max": 0.0009970664978027344
    },
    "z26_startup": {
        "class": "Z26",
        "include_startup": true,
        "runs": [
            0.003068208694458008,
            0.0014679431915283203,
            0.0009391307830810547,
            0.0009579658508300781,
            0.0009579658508300781,
            0.0009617805480957031,
            0.0009629726409912109,
            0.0009450912475585938,
            0.0009529590606689453,
            0.0009481906890869141
        ],
        "average": 0.0012162208557128906,
        "min": 0.0009391307830810547,
        "max": 0.003068208694458008
    }
}