{
    "f06": {
        "class": "F06",
        "include_startup": false,
        "runs": [
            0.0008361339569091797,
            0.0007669925689697266,
            0.0007429122924804688,
            0.0007650852203369141,
            0.0007610321044921875,
            0.0007691383361816406,
            0.0007507801055908203,
            0.0007700920104980469,
            0.000762939453125,
            0.0007729530334472656
        ],
        "average": 0.000769805908203125,
        "min": 0.0007429122924804688,
        "max": 0.0008361339569091797
    },
    "f06_startup": {
        "class": "F06",
        "include_startup": true,
        "runs": [
            0.0019559860229492188,
            0.0008180141448974609,
            0.0007829666137695312,
            0.0008211135864257812,
            0.0008161067962646484,
            0.0008111000061035156,
            0.0008249282836914062,
            0.0008149147033691406,
            0.0007791519165039062,
            0.00080108642578125
        ],
        "average": 0.000922536849975586,
        "min": 0.0007791519165039062,
        "max": 0.0019559860229492188
    },
    "p16": {
        "class": "P16",
        "include_startup": false,
        "runs": [
            0.0007770061492919922,
            0.000698089599609375,
            0.0006787776947021484,
            0.0007030963897705078,
            0.0006909370422363281,
            0.0006849765777587891,
            0.0006721019744873047,
            0.0006871223449707031,
            0.0007181167602539062,
            0.0007081031799316406
        ],
        "average": 0.0007018327713012695,
        "min": 0.0006721019744873047,
        "max": 0.0007770061492919922
    },
    "p16_startup": {
        "class": "P16",
        "include_startup": true,
        "runs": [
            0.002499103546142578,
            0.0008819103240966797,
            0.0008859634399414062,
            0.0008809566497802734,
            0.0008778572082519531,
            0.0008950233459472656,
            0.0009000301361083984,
            0.0008990764617919922,
            0.0009100437164306641,
            0.0008878707885742188
        ],
        "average": 0.001051783561706543,
        "min": 0.0008778572082519531,
        "max": 0.002499103546142578
    },
    "z26": {
        "class": "Z26",
        "include_startup": false,
        "runs": [
            0.0009748935699462891,
            0.00074005126953125,
            0.0007340908050537109,
            0.0007288455963134766,
            0.0007669925689697266,
            0.0007560253143310547,
            0.0007498264312744141,
            0.0007431507110595703,
            0.0007610321044921875,
            0.0007750988006591797
        ],
        "average": 0.0007730007171630859,
        "min": 0.0007288455963134766,
        "max": 0.0009748935699462891
    },
    "z26_startup": {
        "class": "Z26",
        "include_startup": true,
        "runs": [
            0.0021660327911376953,
            0.0009670257568359375,
            0.0009541511535644531,
            0.0009968280792236328,
            0.0009708404541015625,
            0.0009441375732421875,
            0.0009448528289794922,
            0.0009751319885253906,
            0.0009708404541015625,
            0.0009391307830810547
        ],
        "average": 0.0010828971862792969,
        "min": 0.0009391307830810547,
        "max": 0.0021660327911376953
    }
}