{
    "f06": {
        "class": "F06",
        "include_startup": false,
        "runs": [
            0.0036530494689941406,
            0.003484010696411133,
            0.0034630298614501953,
            0.0034589767456054688,
            0.0034859180450439453,
            0.0035729408264160156,
            0.0034210681915283203,
            0.0033690929412841797,
            0.0033550262451171875,
            0.0033638477325439453
        ],
        "average": 0.003462696075439453,
        "min": 0.0033550262451171875,
        "max": 0.0036530494689941406
    },
    "f06_startup": {
        "class": "F06",
        "include_startup": true,
        "runs": [
            0.004866838455200195,
            0.0035490989685058594,
            0.003504037857055664,
            0.0035119056701660156,
            0.0035300254821777344,
            0.00481104850769043,
            0.0034410953521728516,
            0.003445148468017578,
            0.0034308433532714844,
            0.0034198760986328125
        ],
        "average": 0.0037509918212890623,
        "min": 0.0034198760986328125,
        "max": 0.004866838455200195
    },
    "p16": {
        "class": "P16",
        "include_startup": false,
        "runs": [
            0.00362396240234375,
            0.0036280155181884766,
            0.003712177276611328,
            0.0035698413848876953,
            0.0036840438842773438,
            0.0030469894409179688,
            0.005567073822021484,
            0.0035829544067382812,
            0.003731966018676758,
            0.003670930862426758
        ],
        "average": 0.0037817955017089844,
        "min": 0.0030469894409179688,
        "max": 0.005567073822021484
    },
    "p16_startup": {
        "class": "P16",
        "include_startup": true,
        "runs": [
            0.005035877227783203,
            0.0050318241119384766,
            0.004823923110961914,
            0.003971099853515625,
            0.004856109619140625,
            0.0049059391021728516,
            0.0065000057220458984,
            0.004747152328491211,
            0.004636049270629883,
            0.006788969039916992
        ],
        "average": 0.005129694938659668,
        "min": 0.003971099853515625,
        "max": 0.006788969039916992
    }
}