{
    "f06": {
        "class": "F06",
        "include_startup": false,
        "runs": [
            0.6221518516540527,
            0.6182899475097656,
            0.6274340152740479,
            0.6248600482940674,
            0.6190919876098633,
            0.6354129314422607,
            0.6286730766296387,
            0.6299011707305908,
            0.6322600841522217,
            0.6403579711914062
        ],
        "average": 0.6278433084487915,
        "min": 0.6182899475097656,
        "max": 0.6403579711914062
    },
    "f06_startup": {
        "class": "F06",
        "include_startup": true,
        "runs": [
            0.6195719242095947,
            0.6202199459075928,
            0.621575117111206,
            0.6274361610412598,
            0.6276061534881592,
            0.6277110576629639,
            0.630486011505127,
            0.625478982925415,
            0.6351189613342285,
            0.6336209774017334
        ],
        "average": 0.626882529258728,
        "min": 0.6195719242095947,
        "max": 0.6351189613342285
    },
    "p16": {
        "class": "P16",
        "include_startup": false,
        "runs": [
            88.5728509426117,
            73.45692706108093,
            88.62940883636475,
            88.55759501457214,
            89.02012205123901,
            73.75746297836304,
            90.04941201210022,
            88.00555992126465,
            74.8634901046753,
            89.15046811103821
        ],
        "average": 84.406329703331,
        "min": 73.45692706108093,
        "max": 90.04941201210022
    },
    "p16_startup": {
        "class": "P16",
        "include_startup": true,
        "runs": [
            75.33175897598267,
            88.92057180404663,
            89.86328482627869,
            88.70046615600586,
            87.30371713638306,
            90.03289699554443,
            74.65665197372437,
            88.78795003890991,
            73.92355298995972,
            88.38801312446594
        ],
        "average": 84.59088640213012,
        "min": 73.92355298995972,
        "max": 90.03289699554443
    }
}