{
    "f06": {
        "class": "F06",
        "include_startup": false,
        "runs": [
            0.4019501209259033,
            0.40268516540527344,
            0.45575380325317383,
            0.40134501457214355,
            0.3963479995727539,
            0.3571739196777344,
            0.41544198989868164,
            0.4005110263824463,
            0.40073394775390625,
            0.39504480361938477
        ],
        "average": 0.40269877910614016,
        "min": 0.3571739196777344,
        "max": 0.45575380325317383
    },
    "f06_startup": {
        "class": "F06",
        "include_startup": true,
        "runs": [
            0.40120482444763184,
            0.405148983001709,
            0.4076108932495117,
            0.3999321460723877,
            0.35904407501220703,
            0.4082329273223877,
            0.3935210704803467,
            0.40071797370910645,
            0.3965740203857422,
            0.4213440418243408
        ],
        "average": 0.3993330955505371,
        "min": 0.35904407501220703,
        "max": 0.4213440418243408
    },
    "fin06": {
        "class": "FIn06",
        "include_startup": false,
        "runs": [
            0.37189292907714844,
            0.3782649040222168,
            0.37751007080078125,
            0.37154507637023926,
            0.3312220573425293,
            0.37706589698791504,
            0.3733041286468506,
            0.3923168182373047,
            0.3808479309082031,
            0.3715839385986328
        ],
        "average": 0.37255537509918213,
        "min": 0.3312220573425293,
        "max": 0.3923168182373047
    },
    "fin06_startup": {
        "class": "FIn06",
        "include_startup": true,
        "runs": [
            0.38387298583984375,
            0.3778989315032959,
            0.3826470375061035,
            0.3883850574493408,
            0.38098812103271484,
            0.3780968189239502,
            0.3768448829650879,
            0.3798789978027344,
            0.3821578025817871,
            0.3372180461883545
        ],
        "average": 0.3767988681793213,
        "min": 0.3372180461883545,
        "max": 0.3883850574493408
    }
}