{
    "f06": {
        "class": "F06",
        "include_startup": false,
        "runs": [
            0.42016005516052246,
            0.4016430377960205,
            0.3999190330505371,
            0.3991658687591553,
            0.3937511444091797,
            0.4010798931121826,
            0.47210192680358887,
            0.3961310386657715,
            0.393172025680542,
            0.4043910503387451
        ],
        "average": 0.4081515073776245,
        "min": 0.393172025680542,
        "max": 0.47210192680358887
    },
    "f06_startup": {
        "class": "F06",
        "include_startup": true,
        "runs": [
            0.39910101890563965,
            0.40389490127563477,
            0.4062800407409668,
            0.4066910743713379,
            0.3994297981262207,
            0.40340089797973633,
            0.4068460464477539,
            0.40276503562927246,
            0.40143895149230957,
            0.4049999713897705
        ],
        "average": 0.40348477363586427,
        "min": 0.39910101890563965,
        "max": 0.4068460464477539
    },
    "fin06": {
        "class": "FIn06",
        "include_startup": false,
        "runs": [
            0.3757789134979248,
            0.3731040954589844,
            0.3862190246582031,
            0.3792250156402588,
            0.3744649887084961,
            0.37245893478393555,
            0.39084696769714355,
            0.37789106369018555,
            0.38048601150512695,
            0.3737049102783203
        ],
        "average": 0.37841799259185793,
        "min": 0.37245893478393555,
        "max": 0.39084696769714355
    },
    "fin06_startup": {
        "class": "FIn06",
        "include_startup": true,
        "runs": [
            0.37473011016845703,
            0.3320958614349365,
            0.3763308525085449,
            0.37682008743286133,
            0.37714600563049316,
            0.3832509517669678,
            0.3760828971862793,
            0.3730180263519287,
            0.3791780471801758,
            0.37949395179748535
        ],
        "average": 0.372814679145813,
        "min": 0.3320958614349365,
        "max": 0.3832509517669678
    }
}