{
    "f06": {
        "class": "F06",
        "include_startup": false,
        "runs": [
            0.619239091873169,
            0.6262228488922119,
            0.6220979690551758,
            0.6214690208435059,
            0.6373200416564941,
            0.6252210140228271,
            0.6254441738128662,
            0.6279871463775635,
            0.6322681903839111,
            0.6334600448608398
        ],
        "average": 0.6270729541778565,
        "min": 0.619239091873169,
        "max": 0.6373200416564941
    },
    "f06_startup": {
        "class": "F06",
        "include_startup": true,
        "runs": [
            0.5276219844818115,
            0.530958890914917,
            0.536052942276001,
            0.5297999382019043,
            0.5293009281158447,
            0.641481876373291,
            0.6275248527526855,
            0.6239669322967529,
            0.6267430782318115,
            0.6219251155853271
        ],
        "average": 0.5795376539230347,
        "min": 0.5276219844818115,
        "max": 0.641481876373291
    },
    "p16": {
        "class": "P16",
        "include_startup": false,
        "runs": [
            88.96161603927612,
            89.00655579566956,
            87.94789910316467,
            73.56593298912048,
            75.15715098381042,
            87.5229139328003,
            89.57856798171997,
            88.31303882598877,
            88.01629495620728,
            90.10832905769348
        ],
        "average": 85.8178299665451,
        "min": 73.56593298912048,
        "max": 90.10832905769348
    },
    "p16_startup": {
        "class": "P16",
        "include_startup": true,
        "runs": [
            88.9936089515686,
            74.85485196113586,
            88.62910103797913,
            88.66128611564636,
            89.38610506057739,
            88.13222098350525,
            73.86743092536926,
            89.11013197898865,
            88.61629796028137,
            88.72324895858765
        ],
        "average": 85.89742839336395,
        "min": 73.86743092536926,
        "max": 89.38610506057739
    }
}