{
    "f06": {
        "class": "F06",
        "include_startup": false,
        "runs": [
            0.003529071807861328,
            0.003343820571899414,
            0.0043680667877197266,
            0.0062830448150634766,
            0.006299018859863281,
            0.0035400390625,
            0.0034439563751220703,
            0.0034711360931396484,
            0.0034279823303222656,
            0.0033609867095947266
        ],
        "average": 0.004106712341308594,
        "min": 0.003343820571899414,
        "max": 0.006299018859863281
    },
    "f06_startup": {
        "class": "F06",
        "include_startup": true,
        "runs": [
            0.004853010177612305,
            0.0034530162811279297,
            0.003593921661376953,
            0.003443002700805664,
            0.0035119056701660156,
            0.0085601806640625,
            0.006478071212768555,
            0.006513833999633789,
            0.006412982940673828,
            0.004350900650024414
        ],
        "average": 0.005117082595825195,
        "min": 0.003443002700805664,
        "max": 0.0085601806640625
    },
    "p16": {
        "class": "P16",
        "include_startup": false,
        "runs": [
            0.003718852996826172,
            0.0037691593170166016,
            0.003695964813232422,
            0.0035979747772216797,
            0.003604888916015625,
            0.0036411285400390625,
            0.0039250850677490234,
            0.002977132797241211,
            0.0031638145446777344,
            0.003838062286376953
        ],
        "average": 0.0035932064056396484,
        "min": 0.002977132797241211,
        "max": 0.0039250850677490234
    },
    "p16_startup": {
        "class": "P16",
        "include_startup": true,
        "runs": [
            0.004948854446411133,
            0.00487518310546875,
            0.004889965057373047,
            0.004796028137207031,
            0.004766941070556641,
            0.004853963851928711,
            0.005025148391723633,
            0.004836082458496094,
            0.004982948303222656,
            0.004837989807128906
        ],
        "average": 0.00488131046295166,
        "min": 0.004766941070556641,
        "max": 0.005025148391723633
    }
}