{
    "f06": {
        "class": "F06",
        "include_startup": false,
        "runs": [
            0.550900936126709,
            0.6657910346984863,
            0.685283899307251,
            0.6350059509277344,
            0.6764020919799805,
            0.6623389720916748,
            0.6681201457977295,
            0.5423312187194824,
            0.6653809547424316,
            0.7111568450927734
        ],
        "average": 0.6462712049484253,
        "min": 0.5423312187194824,
        "max": 0.7111568450927734
    },
    "f06_startup": {
        "class": "F06",
        "include_startup": true,
        "runs": [
            0.6520121097564697,
            0.6709988117218018,
            0.6629691123962402,
            0.6659300327301025,
            0.6846318244934082,
            0.6723010540008545,
            0.6647729873657227,
            0.6587800979614258,
            0.6709089279174805,
            0.6607599258422852
        ],
        "average": 0.6664064884185791,
        "min": 0.6520121097564697,
        "max": 0.6846318244934082
    }
}