{
    "f06": {
        "class": "F06",
        "include_startup": false,
        "runs": [
            0.88578200340271,
            0.8774888515472412,
            0.6922440528869629,
            0.88919997215271,
            0.8661198616027832,
            0.8897688388824463,
            0.9121420383453369,
            0.6878578662872314,
            0.8832499980926514,
            0.9213109016418457
        ],
        "average": 0.8505164384841919,
        "min": 0.6878578662872314,
        "max": 0.9213109016418457
    },
    "f06_startup": {
        "class": "F06",
        "include_startup": true,
        "runs": [
            0.9054470062255859,
            0.8783349990844727,
            0.9134180545806885,
            0.8838059902191162,
            0.8832597732543945,
            0.8804008960723877,
            0.8691089153289795,
            0.6847810745239258,
            0.9433159828186035,
            0.892021894454956
        ],
        "average": 0.873389458656311,
        "min": 0.6847810745239258,
        "max": 0.9433159828186035
    },
    "fin06": {
        "class": "FIn06",
        "include_startup": false,
        "runs": [
            4.30335807800293,
            4.325637102127075,
            4.588374137878418,
            4.407252073287964,
            4.252588987350464,
            3.487065076828003,
            4.358767032623291,
            4.325836896896362,
            4.307384014129639,
            4.324611186981201
        ],
        "average": 4.268087458610535,
        "min": 3.487065076828003,
        "max": 4.588374137878418
    },
    "fin06_startup": {
        "class": "FIn06",
        "include_startup": true,
        "runs": [
            4.376481056213379,
            4.385411024093628,
            4.341720819473267,
            4.376024961471558,
            3.387454032897949,
            3.3916239738464355,
            4.372984170913696,
            4.3717498779296875,
            4.463328838348389,
            4.339207172393799
        ],
        "average": 4.180598592758178,
        "min": 3.387454032897949,
        "max": 4.463328838348389
    }
}