{
    "f06": {
        "class": "F06",
        "include_startup": false,
        "runs": [
            0.6797139644622803,
            0.6630780696868896,
            0.6592299938201904,
            0.6568520069122314,
            0.6803469657897949,
            0.6549971103668213,
            0.6922729015350342,
            0.668510913848877,
            0.6719119548797607,
            0.6807560920715332
        ],
        "average": 0.6707669973373414,
        "min": 0.6549971103668213,
        "max": 0.6922729015350342
    },
    "f06_startup": {
        "class": "F06",
        "include_startup": true,
        "runs": [
            0.6779499053955078,
            0.6951570510864258,
            0.6576840877532959,
            0.6575901508331299,
            0.6789979934692383,
            0.6820249557495117,
            0.6530759334564209,
            0.664046049118042,
            0.5503721237182617,
            0.6844749450683594
        ],
        "average": 0.6601373195648194,
        "min": 0.5503721237182617,
        "max": 0.6951570510864258
    }
}