{
    "f06": {
        "class": "F06",
        "include_startup": false,
        "runs": [
            0.887566089630127,
            0.893730878829956,
            0.8945508003234863,
            0.8869931697845459,
            0.876640796661377,
            0.888185977935791,
            0.8782880306243896,
            0.8868358135223389,
            0.8812899589538574,
            0.8767240047454834
        ],
        "average": 0.8850805521011352,
        "min": 0.876640796661377,
        "max": 0.8945508003234863
    },
    "f06_startup": {
        "class": "F06",
        "include_startup": true,
        "runs": [
            0.88385009765625,
            0.8750319480895996,
            0.8886799812316895,
            0.879054069519043,
            0.8792858123779297,
            0.692983865737915,
            0.8900830745697021,
            0.8762450218200684,
            0.8863229751586914,
            0.6967649459838867
        ],
        "average": 0.8448301792144776,
        "min": 0.692983865737915,
        "max": 0.8900830745697021
    },
    "fin06": {
        "class": "FIn06",
        "include_startup": false,
        "runs": [
            4.323775053024292,
            4.37851881980896,
            4.320204019546509,
            4.355348825454712,
            4.513079881668091,
            4.3310370445251465,
            4.362282991409302,
            4.359730958938599,
            4.538156986236572,
            4.26885199546814
        ],
        "average": 4.375098657608032,
        "min": 4.26885199546814,
        "max": 4.538156986236572
    },
    "fin06_startup": {
        "class": "FIn06",
        "include_startup": true,
        "runs": [
            3.5024678707122803,
            4.344455003738403,
            4.2828919887542725,
            4.344909906387329,
            3.422039031982422,
            4.432119131088257,
            4.489578008651733,
            4.396281003952026,
            4.360167026519775,
            4.383007049560547
        ],
        "average": 4.195791602134705,
        "min": 3.422039031982422,
        "max": 4.489578008651733
    }
}