{
    "f06": {
        "class": "F06",
        "include_startup": false,
        "runs": [
            0.004321098327636719,
            0.0036110877990722656,
            0.0033369064331054688,
            0.005173921585083008,
            0.0033779144287109375,
            0.003362894058227539,
            0.0032520294189453125,
            0.0031790733337402344,
            0.0032460689544677734,
            0.0032660961151123047
        ],
        "average": 0.003612709045410156,
        "min": 0.0031790733337402344,
        "max": 0.005173921585083008
    },
    "f06_startup": {
        "class": "F06",
        "include_startup": true,
        "runs": [
            0.0036988258361816406,
            0.0032520294189453125,
            0.003265857696533203,
            0.00327301025390625,
            0.0031909942626953125,
            0.0031938552856445312,
            0.003228902816772461,
            0.0032088756561279297,
            0.0032160282135009766,
            0.0031900405883789062
        ],
        "average": 0.0032718420028686524,
        "min": 0.0031900405883789062,
        "max": 0.0036988258361816406
    },
    "fin06": {
        "class": "FIn06",
        "include_startup": false,
        "runs": [
            0.004127979278564453,
            0.0066928863525390625,
            0.004765033721923828,
            0.0036699771881103516,
            0.003688812255859375,
            0.0036580562591552734,
            0.0036699771881103516,
            0.0038671493530273438,
            0.005265951156616211,
            0.0036780834197998047
        ],
        "average": 0.004308390617370606,
        "min": 0.0036580562591552734,
        "max": 0.0066928863525390625
    },
    "fin06_startup": {
        "class": "FIn06",
        "include_startup": true,
        "runs": [
            0.004106998443603516,
            0.0036978721618652344,
            0.003668069839477539,
            0.0036690235137939453,
            0.003667116165161133,
            0.0036809444427490234,
            0.0036690235137939453,
            0.0036211013793945312,
            0.0036687850952148438,
            0.0036478042602539062
        ],
        "average": 0.0037096738815307617,
        "min": 0.0036211013793945312,
        "max": 0.004106998443603516
    },
    "p16": {
        "class": "P16",
        "include_startup": false,
        "runs": [
            0.0036859512329101562,
            0.0032889842987060547,
            0.003289937973022461,
            0.0032629966735839844,
            0.003267049789428711,
            0.003236055374145508,
            0.0032911300659179688,
            0.003300905227661133,
            0.003226041793823242,
            0.003242969512939453
        ],
        "average": 0.003309202194213867,
        "min": 0.003226041793823242,
        "max": 0.0036859512329101562
    },
    "p16_startup": {
        "class": "P16",
        "include_startup": true,
        "runs": [
            0.003662109375,
            0.00323486328125,
            0.003268003463745117,
            0.003164052963256836,
            0.0032491683959960938,
            0.003281116485595703,
            0.0041310787200927734,
            0.0034809112548828125,
            0.003283977508544922,
            0.003242015838623047
        ],
        "average": 0.0033997297286987305,
        "min": 0.003164052963256836,
        "max": 0.0041310787200927734
    },
    "pin16": {
        "class": "PIn16",
        "include_startup": false,
        "runs": [
            0.004027843475341797,
            0.0036439895629882812,
            0.0036499500274658203,
            0.0036079883575439453,
            0.0036280155181884766,
            0.003651857376098633,
            0.00362396240234375,
            0.0036280155181884766,
            0.0036268234252929688,
            0.0036280155181884766
        ],
        "average": 0.0036716461181640625,
        "min": 0.0036079883575439453,
        "max": 0.004027843475341797
    },
    "pin16_startup": {
        "class": "PIn16",
        "include_startup": true,
        "runs": [
            0.0038061141967773438,
            0.003371000289916992,
            0.0033719539642333984,
            0.0033800601959228516,
            0.0033609867095947266,
            0.003760814666748047,
            0.0034079551696777344,
            0.0036020278930664062,
            0.003408193588256836,
            0.003339052200317383
        ],
        "average": 0.003480815887451172,
        "min": 0.003339052200317383,
        "max": 0.0038061141967773438
    },
    "z26": {
        "class": "Z26",
        "include_startup": false,
        "runs": [
            0.003715038299560547,
            0.003300189971923828,
            0.0032820701599121094,
            0.0032448768615722656,
            0.003267049789428711,
            0.0032281875610351562,
            0.003246784210205078,
            0.003245830535888672,
            0.003287076950073242,
            0.003247976303100586
        ],
        "average": 0.0033065080642700195,
        "min": 0.0032281875610351562,
        "max": 0.003715038299560547
    },
    "z26_startup": {
        "class": "Z26",
        "include_startup": true,
        "runs": [
            0.006166934967041016,
            0.0068988800048828125,
            0.006979942321777344,
            0.006960868835449219,
            0.006913185119628906,
            0.00654911994934082,
            0.006844043731689453,
            0.006860971450805664,
            0.00636601448059082,
            0.003496885299682617
        ],
        "average": 0.006403684616088867,
        "min": 0.003496885299682617,
        "max": 0.006979942321777344
    },
    "zin26": {
        "class": "ZIn26",
        "include_startup": false,
        "runs": [
            0.008355140686035156,
            0.0073699951171875,
            0.0038678646087646484,
            0.003592967987060547,
            0.0035660266876220703,
            0.003618001937866211,
            0.0035800933837890625,
            0.003571033477783203,
            0.0035469532012939453,
            0.0035550594329833984
        ],
        "average": 0.004462313652038574,
        "min": 0.0035469532012939453,
        "max": 0.008355140686035156
    },
    "zin26_startup": {
        "class": "ZIn26",
        "include_startup": true,
        "runs": [
            0.004189014434814453,
            0.0037012100219726562,
            0.0036699771881103516,
            0.003665924072265625,
            0.0036690235137939453,
            0.0037848949432373047,
            0.0036830902099609375,
            0.00368499755859375,
            0.003674030303955078,
            0.0036339759826660156
        ],
        "average": 0.0037356138229370115,
        "min": 0.0036339759826660156,
        "max": 0.004189014434814453
    }
}