{
    "f06": {
        "class": "F06",
        "include_startup": false,
        "runs": [
            0.0037260055541992188,
            0.00331878662109375,
            0.003342151641845703,
            0.0032889842987060547,
            0.0032968521118164062,
            0.003303050994873047,
            0.0032961368560791016,
            0.0032889842987060547,
            0.0032639503479003906,
            0.0032949447631835938
        ],
        "average": 0.003341984748840332,
        "min": 0.0032639503479003906,
        "max": 0.0037260055541992188
    },
    "f06_startup": {
        "class": "F06",
        "include_startup": true,
        "runs": [
            0.007236957550048828,
            0.006869077682495117,
            0.00683903694152832,
            0.006811857223510742,
            0.006145000457763672,
            0.0034329891204833984,
            0.0032210350036621094,
            0.0032339096069335938,
            0.0032210350036621094,
            0.003219127655029297
        ],
        "average": 0.005023002624511719,
        "min": 0.003219127655029297,
        "max": 0.007236957550048828
    },
    "fin06": {
        "class": "FIn06",
        "include_startup": false,
        "runs": [
            0.004369020462036133,
            0.003738880157470703,
            0.0037059783935546875,
            0.003670930862426758,
            0.003690958023071289,
            0.0037000179290771484,
            0.003668069839477539,
            0.0036470890045166016,
            0.0036499500274658203,
            0.003657102584838867
        ],
        "average": 0.0037497997283935545,
        "min": 0.0036470890045166016,
        "max": 0.004369020462036133
    },
    "fin06_startup": {
        "class": "FIn06",
        "include_startup": true,
        "runs": [
            0.003731966018676758,
            0.003389120101928711,
            0.003348112106323242,
            0.0033500194549560547,
            0.0033431053161621094,
            0.0033500194549560547,
            0.003390073776245117,
            0.0033609867095947266,
            0.0033559799194335938,
            0.0037851333618164062
        ],
        "average": 0.003440451622009277,
        "min": 0.0033431053161621094,
        "max": 0.0037851333618164062
    },
    "p16": {
        "class": "P16",
        "include_startup": false,
        "runs": [
            0.0037851333618164062,
            0.0033500194549560547,
            0.003329038619995117,
            0.0033648014068603516,
            0.003425121307373047,
            0.004673004150390625,
            0.0038161277770996094,
            0.003276824951171875,
            0.0033011436462402344,
            0.0032711029052734375
        ],
        "average": 0.0035592317581176758,
        "min": 0.0032711029052734375,
        "max": 0.004673004150390625
    },
    "p16_startup": {
        "class": "P16",
        "include_startup": true,
        "runs": [
            0.0036420822143554688,
            0.003328084945678711,
            0.0032770633697509766,
            0.003283977508544922,
            0.003309965133666992,
            0.003378152847290039,
            0.0032639503479003906,
            0.00333404541015625,
            0.003323078155517578,
            0.003248929977416992
        ],
        "average": 0.003338932991027832,
        "min": 0.003248929977416992,
        "max": 0.0036420822143554688
    },
    "pin16": {
        "class": "PIn16",
        "include_startup": false,
        "runs": [
            0.004022836685180664,
            0.003638029098510742,
            0.0036008358001708984,
            0.0036520957946777344,
            0.0036270618438720703,
            0.003638029098510742,
            0.003629922866821289,
            0.0036249160766601562,
            0.003615856170654297,
            0.003712892532348633
        ],
        "average": 0.0036762475967407225,
        "min": 0.0036008358001708984,
        "max": 0.004022836685180664
    },
    "pin16_startup": {
        "class": "PIn16",
        "include_startup": true,
        "runs": [
            0.003779888153076172,
            0.0034351348876953125,
            0.0034308433532714844,
            0.0033719539642333984,
            0.0033669471740722656,
            0.0033609867095947266,
            0.0033740997314453125,
            0.0033829212188720703,
            0.003348112106323242,
            0.0033500194549560547
        ],
        "average": 0.003420090675354004,
        "min": 0.003348112106323242,
        "max": 0.003779888153076172
    },
    "z26": {
        "class": "Z26",
        "include_startup": false,
        "runs": [
            0.003740072250366211,
            0.0033080577850341797,
            0.0032210350036621094,
            0.003236055374145508,
            0.003206968307495117,
            0.0031800270080566406,
            0.003200054168701172,
            0.0031790733337402344,
            0.0031812191009521484,
            0.0031769275665283203
        ],
        "average": 0.003262948989868164,
        "min": 0.0031769275665283203,
        "max": 0.003740072250366211
    },
    "z26_startup": {
        "class": "Z26",
        "include_startup": true,
        "runs": [
            0.0036821365356445312,
            0.0032529830932617188,
            0.004456996917724609,
            0.0068471431732177734,
            0.006940126419067383,
            0.006913900375366211,
            0.006905078887939453,
            0.0070040225982666016,
            0.0068929195404052734,
            0.0069429874420166016
        ],
        "average": 0.005983829498291016,
        "min": 0.0032529830932617188,
        "max": 0.0070040225982666016
    },
    "zin26": {
        "class": "ZIn26",
        "include_startup": false,
        "runs": [
            0.0041201114654541016,
            0.0036249160766601562,
            0.0036208629608154297,
            0.0036749839782714844,
            0.0036230087280273438,
            0.0036270618438720703,
            0.003641843795776367,
            0.003606081008911133,
            0.003652811050415039,
            0.003626108169555664
        ],
        "average": 0.003681778907775879,
        "min": 0.003606081008911133,
        "max": 0.0041201114654541016
    },
    "zin26_startup": {
        "class": "ZIn26",
        "include_startup": true,
        "runs": [
            0.0041539669036865234,
            0.003654003143310547,
            0.003645181655883789,
            0.0037190914154052734,
            0.0036649703979492188,
            0.003686189651489258,
            0.0036640167236328125,
            0.0036711692810058594,
            0.003670930862426758,
            0.0036458969116210938
        ],
        "average": 0.0037175416946411133,
        "min": 0.003645181655883789,
        "max": 0.0041539669036865234
    }
}