{
    "f06": {
        "class": "F06",
        "include_startup": false,
        "runs": [
            0.2891819477081299,
            0.29376792907714844,
            0.2988870143890381,
            0.2535090446472168,
            0.29482293128967285,
            0.31009912490844727,
            0.2919809818267822,
            0.26040196418762207,
            0.26220107078552246,
            0.2928450107574463
        ],
        "average": 0.2847697019577026,
        "min": 0.2535090446472168,
        "max": 0.31009912490844727
    },
    "f06_startup": {
        "class": "F06",
        "include_startup": true,
        "runs": [
            0.293895959854126,
            0.31720900535583496,
            0.29165196418762207,
            0.29413390159606934,
            0.3138861656188965,
            0.293241024017334,
            0.2984931468963623,
            0.2998809814453125,
            0.29703402519226074,
            0.29239416122436523
        ],
        "average": 0.29918203353881834,
        "min": 0.29165196418762207,
        "max": 0.31720900535583496
    },
    "fin06": {
        "class": "FIn06",
        "include_startup": false,
        "runs": [
            0.2602219581604004,
            0.29729509353637695,
            0.29550790786743164,
            0.29227709770202637,
            0.30008888244628906,
            0.29790496826171875,
            0.31566905975341797,
            0.30323100090026855,
            0.2905738353729248,
            0.3008558750152588
        ],
        "average": 0.2953625679016113,
        "min": 0.2602219581604004,
        "max": 0.31566905975341797
    },
    "fin06_startup": {
        "class": "FIn06",
        "include_startup": true,
        "runs": [
            0.2920339107513428,
            0.2947561740875244,
            0.2935671806335449,
            0.2940800189971924,
            0.2939169406890869,
            0.2912309169769287,
            0.29201698303222656,
            0.29071903228759766,
            0.2622408866882324,
            0.29589295387268066
        ],
        "average": 0.29004549980163574,
        "min": 0.2622408866882324,
        "max": 0.29589295387268066
    }
}