{
    "f06": {
        "class": "F06",
        "include_startup": false,
        "runs": [
            0.0040590763092041016,
            0.004026174545288086,
            0.0040128231048583984,
            0.004007101058959961,
            0.0040340423583984375,
            0.0040018558502197266,
            0.004019975662231445,
            0.004032135009765625,
            0.004024028778076172,
            0.004048824310302734
        ],
        "average": 0.004026603698730469,
        "min": 0.0040018558502197266,
        "max": 0.0040590763092041016
    },
    "f06_startup": {
        "class": "F06",
        "include_startup": true,
        "runs": [
            0.004261970520019531,
            0.004173994064331055,
            0.004210948944091797,
            0.004147052764892578,
            0.004157066345214844,
            0.0041811466217041016,
            0.004118919372558594,
            0.0040950775146484375,
            0.004105091094970703,
            0.004106998443603516
        ],
        "average": 0.0041558265686035155,
        "min": 0.0040950775146484375,
        "max": 0.004261970520019531
    },
    "fin06": {
        "class": "FIn06",
        "include_startup": false,
        "runs": [
            0.0056650638580322266,
            0.007825136184692383,
            0.007828950881958008,
            0.007807016372680664,
            0.007827997207641602,
            0.00400090217590332,
            0.0040340423583984375,
            0.0040149688720703125,
            0.004002094268798828,
            0.004049062728881836
        ],
        "average": 0.005705523490905762,
        "min": 0.00400090217590332,
        "max": 0.007828950881958008
    },
    "fin06_startup": {
        "class": "FIn06",
        "include_startup": true,
        "runs": [
            0.004241943359375,
            0.004151105880737305,
            0.004128932952880859,
            0.004127979278564453,
            0.004116058349609375,
            0.0041310787200927734,
            0.003962993621826172,
            0.004019021987915039,
            0.004022836685180664,
            0.004021167755126953
        ],
        "average": 0.00409231185913086,
        "min": 0.003962993621826172,
        "max": 0.004241943359375
    },
    "p16": {
        "class": "P16",
        "include_startup": false,
        "runs": [
            0.004300832748413086,
            0.004114866256713867,
            0.004123210906982422,
            0.003994941711425781,
            0.004138946533203125,
            0.004099130630493164,
            0.004128932952880859,
            0.004090070724487305,
            0.004173994064331055,
            0.004090070724487305
        ],
        "average": 0.0041254997253417965,
        "min": 0.003994941711425781,
        "max": 0.004300832748413086
    },
    "p16_startup": {
        "class": "P16",
        "include_startup": true,
        "runs": [
            0.004318952560424805,
            0.004324913024902344,
            0.004227876663208008,
            0.004274845123291016,
            0.004272937774658203,
            0.004278898239135742,
            0.004190921783447266,
            0.0044879913330078125,
            0.00821995735168457,
            0.004341840744018555
        ],
        "average": 0.004693913459777832,
        "min": 0.004190921783447266,
        "max": 0.00821995735168457
    },
    "pin16": {
        "class": "PIn16",
        "include_startup": false,
        "runs": [
            0.0041370391845703125,
            0.0040280818939208984,
            0.004549980163574219,
            0.003993988037109375,
            0.004122018814086914,
            0.004221916198730469,
            0.003975868225097656,
            0.004033088684082031,
            0.0035500526428222656,
            0.004083871841430664
        ],
        "average": 0.00406959056854248,
        "min": 0.0035500526428222656,
        "max": 0.004549980163574219
    },
    "pin16_startup": {
        "class": "PIn16",
        "include_startup": true,
        "runs": [
            0.0044209957122802734,
            0.00444793701171875,
            0.004730939865112305,
            0.00471186637878418,
            0.004411935806274414,
            0.0054340362548828125,
            0.004327058792114258,
            0.004338979721069336,
            0.004163026809692383,
            0.004255056381225586
        ],
        "average": 0.0045241832733154295,
        "min": 0.004163026809692383,
        "max": 0.0054340362548828125
    }
}