{
    "f06": {
        "class": "F06",
        "include_startup": false,
        "runs": [
            0.26704907417297363,
            0.2639930248260498,
            0.295727014541626,
            0.28998899459838867,
            0.2573850154876709,
            0.29291605949401855,
            0.29327392578125,
            0.29453110694885254,
            0.29715800285339355,
            0.2875339984893799
        ],
        "average": 0.28395562171936034,
        "min": 0.2573850154876709,
        "max": 0.29715800285339355
    },
    "f06_startup": {
        "class": "F06",
        "include_startup": true,
        "runs": [
            0.2919931411743164,
            0.28810787200927734,
            0.30434203147888184,
            0.2969629764556885,
            0.29874587059020996,
            0.34533095359802246,
            0.3204338550567627,
            0.34065890312194824,
            0.29291200637817383,
            0.2946479320526123
        ],
        "average": 0.30741355419158933,
        "min": 0.28810787200927734,
        "max": 0.34533095359802246
    },
    "fin06": {
        "class": "FIn06",
        "include_startup": false,
        "runs": [
            0.26845407485961914,
            0.3099641799926758,
            0.2963700294494629,
            0.2943289279937744,
            0.29715800285339355,
            0.292205810546875,
            0.2974669933319092,
            0.29130005836486816,
            0.29895782470703125,
            0.30536794662475586
        ],
        "average": 0.29515738487243653,
        "min": 0.26845407485961914,
        "max": 0.3099641799926758
    },
    "fin06_startup": {
        "class": "FIn06",
        "include_startup": true,
        "runs": [
            0.3055448532104492,
            0.2972300052642822,
            0.30029797554016113,
            0.2907860279083252,
            0.2909278869628906,
            0.29392099380493164,
            0.27324700355529785,
            0.2906060218811035,
            0.25646400451660156,
            0.29259300231933594
        ],
        "average": 0.28916177749633787,
        "min": 0.25646400451660156,
        "max": 0.3055448532104492
    }
}