{
    "f06": {
        "class": "F06",
        "include_startup": false,
        "runs": [
            0.004067897796630859,
            0.0041010379791259766,
            0.004065036773681641,
            0.0040628910064697266,
            0.004086971282958984,
            0.003364086151123047,
            0.0033121109008789062,
            0.0032989978790283203,
            0.0033271312713623047,
            0.003290891647338867
        ],
        "average": 0.003697705268859863,
        "min": 0.003290891647338867,
        "max": 0.0041010379791259766
    },
    "f06_startup": {
        "class": "F06",
        "include_startup": true,
        "runs": [
            0.0035448074340820312,
            0.0034470558166503906,
            0.0034279823303222656,
            0.003445863723754883,
            0.003515958786010742,
            0.004253864288330078,
            0.004181861877441406,
            0.004153013229370117,
            0.004126071929931641,
            0.0041730403900146484
        ],
        "average": 0.0038269519805908202,
        "min": 0.0034279823303222656,
        "max": 0.004253864288330078
    },
    "fin06": {
        "class": "FIn06",
        "include_startup": false,
        "runs": [
            0.003950834274291992,
            0.0039708614349365234,
            0.0039789676666259766,
            0.003993034362792969,
            0.0039520263671875,
            0.003947019577026367,
            0.003951072692871094,
            0.003971099853515625,
            0.0039501190185546875,
            0.003980875015258789
        ],
        "average": 0.0039645910263061525,
        "min": 0.003947019577026367,
        "max": 0.003993034362792969
    },
    "fin06_startup": {
        "class": "FIn06",
        "include_startup": true,
        "runs": [
            0.004192829132080078,
            0.004024028778076172,
            0.004022836685180664,
            0.0039958953857421875,
            0.003981113433837891,
            0.004240989685058594,
            0.004126071929931641,
            0.0040988922119140625,
            0.004069805145263672,
            0.004132986068725586
        ],
        "average": 0.004088544845581054,
        "min": 0.003981113433837891,
        "max": 0.004240989685058594
    },
    "p16": {
        "class": "P16",
        "include_startup": false,
        "runs": [
            0.00409698486328125,
            0.004148960113525391,
            0.004173994064331055,
            0.004072904586791992,
            0.004264116287231445,
            0.004119873046875,
            0.004130125045776367,
            0.0043909549713134766,
            0.0040628910064697266,
            0.004169940948486328
        ],
        "average": 0.004163074493408203,
        "min": 0.0040628910064697266,
        "max": 0.0043909549713134766
    },
    "p16_startup": {
        "class": "P16",
        "include_startup": true,
        "runs": [
            0.004263877868652344,
            0.00419306755065918,
            0.0042989253997802734,
            0.004238128662109375,
            0.00430607795715332,
            0.008262157440185547,
            0.004327058792114258,
            0.008261919021606445,
            0.00426793098449707,
            0.0042569637298583984
        ],
        "average": 0.005067610740661621,
        "min": 0.00419306755065918,
        "max": 0.008262157440185547
    },
    "pin16": {
        "class": "PIn16",
        "include_startup": false,
        "runs": [
            0.004075050354003906,
            0.004042863845825195,
            0.004038095474243164,
            0.0039060115814208984,
            0.004051923751831055,
            0.004055976867675781,
            0.00402379035949707,
            0.007505893707275391,
            0.004086971282958984,
            0.004090070724487305
        ],
        "average": 0.004387664794921875,
        "min": 0.0039060115814208984,
        "max": 0.007505893707275391
    },
    "pin16_startup": {
        "class": "PIn16",
        "include_startup": true,
        "runs": [
            0.004241943359375,
            0.006824970245361328,
            0.004364013671875,
            0.004353046417236328,
            0.0043239593505859375,
            0.004403829574584961,
            0.0082550048828125,
            0.007010936737060547,
            0.004380941390991211,
            0.004228115081787109
        ],
        "average": 0.005238676071166992,
        "min": 0.004228115081787109,
        "max": 0.0082550048828125
    }
}