{
    "f06": {
        "class": "F06",
        "include_startup": false,
        "runs": [
            0.0011959075927734375,
            0.0008139610290527344,
            0.0008270740509033203,
            0.0008370876312255859,
            0.0008578300476074219,
            0.0008411407470703125,
            0.0008308887481689453,
            0.0008280277252197266,
            0.0008130073547363281,
            0.0008389949798583984
        ],
        "average": 0.0008683919906616211,
        "min": 0.0008130073547363281,
        "max": 0.0011959075927734375
    },
    "f06_startup": {
        "class": "F06",
        "include_startup": true,
        "runs": [
            0.0024590492248535156,
            0.0007221698760986328,
            0.0007188320159912109,
            0.0007259845733642578,
            0.0007190704345703125,
            0.0007169246673583984,
            0.0007119178771972656,
            0.0007059574127197266,
            0.0007169246673583984,
            0.0007028579711914062
        ],
        "average": 0.0008899688720703125,
        "min": 0.0007028579711914062,
        "max": 0.0024590492248535156
    },
    "p16": {
        "class": "P16",
        "include_startup": false,
        "runs": [
            0.0012710094451904297,
            0.0008251667022705078,
            0.0008268356323242188,
            0.0008330345153808594,
            0.0008270740509033203,
            0.0008358955383300781,
            0.0008280277252197266,
            0.0008180141448974609,
            0.0008220672607421875,
            0.0008289813995361328
        ],
        "average": 0.0008716106414794922,
        "min": 0.0008180141448974609,
        "max": 0.0012710094451904297
    },
    "p16_startup": {
        "class": "P16",
        "include_startup": true,
        "runs": [
            0.0024738311767578125,
            0.0007529258728027344,
            0.0007729530334472656,
            0.0007700920104980469,
            0.0008008480072021484,
            0.0007529258728027344,
            0.0007770061492919922,
            0.0007519721984863281,
            0.0007929801940917969,
            0.0007519721984863281
        ],
        "average": 0.0009397506713867187,
        "min": 0.0007519721984863281,
        "max": 0.0024738311767578125
    },
    "z26": {
        "class": "Z26",
        "include_startup": false,
        "runs": [
            0.0012750625610351562,
            0.0008311271667480469,
            0.0008080005645751953,
            0.0008180141448974609,
            0.0008120536804199219,
            0.0008261203765869141,
            0.0008208751678466797,
            0.0008549690246582031,
            0.0008089542388916016,
            0.0008308887481689453
        ],
        "average": 0.0008686065673828125,
        "min": 0.0008080005645751953,
        "max": 0.0012750625610351562
    },
    "z26_startup": {
        "class": "Z26",
        "include_startup": true,
        "runs": [
            0.0033168792724609375,
            0.0009808540344238281,
            0.0009799003601074219,
            0.000965118408203125,
            0.0009760856628417969,
            0.0009770393371582031,
            0.0009670257568359375,
            0.0009629726409912109,
            0.0009570121765136719,
            0.0009617805480957031
        ],
        "average": 0.0012044668197631835,
        "min": 0.0009570121765136719,
        "max": 0.0033168792724609375
    }
}