{
    "f06": {
        "class": "F06",
        "include_startup": false,
        "runs": [
            0.0004928112030029297,
            0.0004570484161376953,
            0.0004677772521972656,
            0.0004601478576660156,
            0.00045108795166015625,
            0.0004940032958984375,
            0.00047898292541503906,
            0.00045108795166015625,
            0.00047087669372558594,
            0.0004470348358154297
        ],
        "average": 0.00046708583831787107,
        "min": 0.0004470348358154297,
        "max": 0.0004940032958984375
    },
    "f06_startup": {
        "class": "F06",
        "include_startup": true,
        "runs": [
            0.0008249282836914062,
            0.0008540153503417969,
            0.000823974609375,
            0.0008428096771240234,
            0.0008349418640136719,
            0.0006251335144042969,
            0.0005939006805419922,
            0.0006301403045654297,
            0.0006260871887207031,
            0.0005719661712646484
        ],
        "average": 0.0007227897644042969,
        "min": 0.0005719661712646484,
        "max": 0.0008540153503417969
    },
    "p16": {
        "class": "P16",
        "include_startup": false,
        "runs": [
            0.0006480216979980469,
            0.0006191730499267578,
            0.0006189346313476562,
            0.0006198883056640625,
            0.0006420612335205078,
            0.0005648136138916016,
            0.0006308555603027344,
            0.0006160736083984375,
            0.0006020069122314453,
            0.000576019287109375
        ],
        "average": 0.0006137847900390625,
        "min": 0.0005648136138916016,
        "max": 0.0006480216979980469
    },
    "p16_startup": {
        "class": "P16",
        "include_startup": true,
        "runs": [
            0.0006849765777587891,
            0.0008189678192138672,
            0.0006000995635986328,
            0.0006070137023925781,
            0.0006191730499267578,
            0.0006210803985595703,
            0.0004980564117431641,
            0.0006959438323974609,
            0.0009160041809082031,
            0.0006198883056640625
        ],
        "average": 0.0006681203842163086,
        "min": 0.0004980564117431641,
        "max": 0.0009160041809082031
    }
}