{
    "f06": {
        "class": "F06",
        "include_startup": false,
        "runs": [
            0.0011701583862304688,
            0.0008311271667480469,
            0.0008158683776855469,
            0.0008108615875244141,
            0.0007870197296142578,
            0.0008120536804199219,
            0.0008130073547363281,
            0.0008099079132080078,
            0.0008161067962646484,
            0.0008029937744140625
        ],
        "average": 0.0008469104766845703,
        "min": 0.0007870197296142578,
        "max": 0.0011701583862304688
    },
    "f06_startup": {
        "class": "F06",
        "include_startup": true,
        "runs": [
            0.0024280548095703125,
            0.0007309913635253906,
            0.0007109642028808594,
            0.0007219314575195312,
            0.0007069110870361328,
            0.0007131099700927734,
            0.0007009506225585938,
            0.0007140636444091797,
            0.0007159709930419922,
            0.0007050037384033203
        ],
        "average": 0.0008847951889038086,
        "min": 0.0007009506225585938,
        "max": 0.0024280548095703125
    },
    "p16": {
        "class": "P16",
        "include_startup": false,
        "runs": [
            0.0012290477752685547,
            0.0008299350738525391,
            0.0008230209350585938,
            0.0008161067962646484,
            0.0008280277252197266,
            0.0008230209350585938,
            0.000827789306640625,
            0.0008327960968017578,
            0.0008301734924316406,
            0.0008199214935302734
        ],
        "average": 0.0008659839630126953,
        "min": 0.0008161067962646484,
        "max": 0.0012290477752685547
    },
    "p16_startup": {
        "class": "P16",
        "include_startup": true,
        "runs": [
            0.0031490325927734375,
            0.0009069442749023438,
            0.0008988380432128906,
            0.0008981227874755859,
            0.0009491443634033203,
            0.0009288787841796875,
            0.0009448528289794922,
            0.0009319782257080078,
            0.0009489059448242188,
            0.0009319782257080078
        ],
        "average": 0.0011488676071166992,
        "min": 0.0008981227874755859,
        "max": 0.0031490325927734375
    },
    "z26": {
        "class": "Z26",
        "include_startup": false,
        "runs": [
            0.0012898445129394531,
            0.0008208751678466797,
            0.0008161067962646484,
            0.0008218288421630859,
            0.0008149147033691406,
            0.0008020401000976562,
            0.0008070468902587891,
            0.0008101463317871094,
            0.0007958412170410156,
            0.0008101463317871094
        ],
        "average": 0.0008588790893554688,
        "min": 0.0007958412170410156,
        "max": 0.0012898445129394531
    },
    "z26_startup": {
        "class": "Z26",
        "include_startup": true,
        "runs": [
            0.0032219886779785156,
            0.000949859619140625,
            0.0009541511535644531,
            0.0009489059448242188,
            0.001016855239868164,
            0.0009610652923583984,
            0.0009620189666748047,
            0.0009658336639404297,
            0.0009539127349853516,
            0.0009429454803466797
        ],
        "average": 0.001187753677368164,
        "min": 0.0009429454803466797,
        "max": 0.0032219886779785156
    }
}