{
    "f06": {
        "class": "F06",
        "include_startup": false,
        "runs": [
            0.0006251335144042969,
            0.0006120204925537109,
            0.0006089210510253906,
            0.0006160736083984375,
            0.0006000995635986328,
            0.0006120204925537109,
            0.0005900859832763672,
            0.0006108283996582031,
            0.0005898475646972656,
            0.000614166259765625
        ],
        "average": 0.0006079196929931641,
        "min": 0.0005898475646972656,
        "max": 0.0006251335144042969
    },
    "f06_startup": {
        "class": "F06",
        "include_startup": true,
        "runs": [
            0.0006210803985595703,
            0.0005948543548583984,
            0.0005860328674316406,
            0.0005869865417480469,
            0.0006020069122314453,
            0.0006570816040039062,
            0.0005910396575927734,
            0.0005700588226318359,
            0.0006120204925537109,
            0.0005710124969482422
        ],
        "average": 0.0005992174148559571,
        "min": 0.0005700588226318359,
        "max": 0.0006570816040039062
    },
    "p16": {
        "class": "P16",
        "include_startup": false,
        "runs": [
            0.00046515464782714844,
            0.0007989406585693359,
            0.0006639957427978516,
            0.0006139278411865234,
            0.0005528926849365234,
            0.0004949569702148438,
            0.0005891323089599609,
            0.0006399154663085938,
            0.0008440017700195312,
            0.0005018711090087891
        ],
        "average": 0.0006164789199829101,
        "min": 0.00046515464782714844,
        "max": 0.0008440017700195312
    },
    "p16_startup": {
        "class": "P16",
        "include_startup": true,
        "runs": [
            0.0006361007690429688,
            0.0006539821624755859,
            0.0006620883941650391,
            0.0006258487701416016,
            0.0007991790771484375,
            0.0006310939788818359,
            0.0006229877471923828,
            0.0006139278411865234,
            0.0006849765777587891,
            0.0006139278411865234
        ],
        "average": 0.0006544113159179688,
        "min": 0.0006139278411865234,
        "max": 0.0007991790771484375
    }
}