{
    "f06": {
        "class": "F06",
        "include_startup": false,
        "runs": [
            0.10283994674682617,
            0.10445499420166016,
            0.11293697357177734,
            0.10275793075561523,
            0.10840296745300293,
            0.10016202926635742,
            0.10195183753967285,
            0.10136795043945312,
            0.10127496719360352,
            0.10144305229187012
        ],
        "average": 0.10375926494598389,
        "min": 0.10016202926635742,
        "max": 0.11293697357177734
    },
    "f06_startup": {
        "class": "F06",
        "include_startup": true,
        "runs": [
            0.09511709213256836,
            0.10486221313476562,
            0.09511995315551758,
            0.09690308570861816,
            0.09501409530639648,
            0.10258293151855469,
            0.10570406913757324,
            0.10148501396179199,
            0.10248088836669922,
            0.10153698921203613
        ],
        "average": 0.10008063316345214,
        "min": 0.09501409530639648,
        "max": 0.10570406913757324
    },
    "fin06": {
        "class": "FIn06",
        "include_startup": false,
        "runs": [
            0.10159492492675781,
            0.10415410995483398,
            0.10208415985107422,
            0.10273003578186035,
            0.10266900062561035,
            0.10307812690734863,
            0.10650396347045898,
            0.10331106185913086,
            0.10358715057373047,
            0.10446691513061523
        ],
        "average": 0.10341794490814209,
        "min": 0.10159492492675781,
        "max": 0.10650396347045898
    },
    "fin06_startup": {
        "class": "FIn06",
        "include_startup": true,
        "runs": [
            0.10364294052124023,
            0.10597395896911621,
            0.10530400276184082,
            0.11265420913696289,
            0.10599708557128906,
            0.1025550365447998,
            0.1027669906616211,
            0.10622692108154297,
            0.10396194458007812,
            0.12182497978210449
        ],
        "average": 0.10709080696105958,
        "min": 0.1025550365447998,
        "max": 0.12182497978210449
    },
    "p16": {
        "class": "P16",
        "include_startup": false,
        "runs": [
            14.281455039978027,
            14.341888189315796,
            13.072383880615234,
            14.338954210281372,
            14.354721069335938,
            14.269572973251343,
            14.308531999588013,
            14.326797008514404,
            14.287958145141602,
            13.099108934402466
        ],
        "average": 14.068137145042419,
        "min": 13.072383880615234,
        "max": 14.354721069335938
    },
    "p16_startup": {
        "class": "P16",
        "include_startup": true,
        "runs": [
            13.114073038101196,
            14.72853684425354,
            14.845868110656738,
            14.422545909881592,
            14.24514102935791,
            14.294256925582886,
            14.208456993103027,
            14.287948846817017,
            14.311208009719849,
            14.296579122543335
        ],
        "average": 14.27546148300171,
        "min": 13.114073038101196,
        "max": 14.845868110656738
    },
    "pin16": {
        "class": "PIn16",
        "include_startup": false,
        "runs": [
            14.43784213066101,
            14.470007181167603,
            13.120057106018066,
            14.629402875900269,
            14.3873610496521,
            14.459572076797485,
            14.498732089996338,
            14.4011070728302,
            14.35962700843811,
            14.47729206085205
        ],
        "average": 14.324100065231324,
        "min": 13.120057106018066,
        "max": 14.629402875900269
    },
    "pin16_startup": {
        "class": "PIn16",
        "include_startup": true,
        "runs": [
            14.402395009994507,
            14.352703094482422,
            14.433857917785645,
            14.430821180343628,
            14.371007204055786,
            14.46293592453003,
            13.160936117172241,
            14.327214002609253,
            14.39843201637268,
            14.455873012542725
        ],
        "average": 14.279617547988892,
        "min": 13.160936117172241,
        "max": 14.46293592453003
    }
}