{
    "f06": {
        "class": "F06",
        "include_startup": false,
        "runs": [
            0.0012629032135009766,
            0.0013301372528076172,
            0.0012829303741455078,
            0.0012831687927246094,
            0.0012857913970947266,
            0.0012860298156738281,
            0.0012981891632080078,
            0.0012679100036621094,
            0.0013310909271240234,
            0.001271963119506836
        ],
        "average": 0.0012900114059448242,
        "min": 0.0012629032135009766,
        "max": 0.0013310909271240234
    },
    "f06_startup": {
        "class": "F06",
        "include_startup": true,
        "runs": [
            0.001644134521484375,
            0.0013229846954345703,
            0.0013778209686279297,
            0.0013179779052734375,
            0.0013630390167236328,
            0.0013539791107177734,
            0.0014071464538574219,
            0.0013740062713623047,
            0.0013689994812011719,
            0.0013611316680908203
        ],
        "average": 0.0013891220092773437,
        "min": 0.0013179779052734375,
        "max": 0.001644134521484375
    },
    "fin06": {
        "class": "FIn06",
        "include_startup": false,
        "runs": [
            0.0012450218200683594,
            0.001483917236328125,
            0.0012769699096679688,
            0.001275777816772461,
            0.0013251304626464844,
            0.0012679100036621094,
            0.0012919902801513672,
            0.001291036605834961,
            0.0012748241424560547,
            0.0013058185577392578
        ],
        "average": 0.0013038396835327148,
        "min": 0.0012450218200683594,
        "max": 0.001483917236328125
    },
    "fin06_startup": {
        "class": "FIn06",
        "include_startup": true,
        "runs": [
            0.0016160011291503906,
            0.0013699531555175781,
            0.001310110092163086,
            0.0013480186462402344,
            0.001329183578491211,
            0.0013179779052734375,
            0.0013339519500732422,
            0.0013260841369628906,
            0.0013320446014404297,
            0.0013570785522460938
        ],
        "average": 0.0013640403747558593,
        "min": 0.001310110092163086,
        "max": 0.0016160011291503906
    },
    "p16": {
        "class": "P16",
        "include_startup": false,
        "runs": [
            0.0014331340789794922,
            0.0013358592987060547,
            0.001367807388305664,
            0.0013461112976074219,
            0.0013570785522460938,
            0.0013527870178222656,
            0.0013730525970458984,
            0.0013580322265625,
            0.001371145248413086,
            0.0013298988342285156
        ],
        "average": 0.0013624906539916992,
        "min": 0.0013298988342285156,
        "max": 0.0014331340789794922
    },
    "p16_startup": {
        "class": "P16",
        "include_startup": true,
        "runs": [
            0.0016949176788330078,
            0.0014579296112060547,
            0.0014729499816894531,
            0.0014429092407226562,
            0.001438140869140625,
            0.0014350414276123047,
            0.0014710426330566406,
            0.0014319419860839844,
            0.0014698505401611328,
            0.0014028549194335938
        ],
        "average": 0.0014717578887939453,
        "min": 0.0014028549194335938,
        "max": 0.0016949176788330078
    },
    "pin16": {
        "class": "PIn16",
        "include_startup": false,
        "runs": [
            0.0012478828430175781,
            0.0013580322265625,
            0.0013000965118408203,
            0.0013399124145507812,
            0.0013031959533691406,
            0.0013158321380615234,
            0.0013117790222167969,
            0.0013508796691894531,
            0.0012857913970947266,
            0.001302957534790039
        ],
        "average": 0.0013116359710693359,
        "min": 0.0012478828430175781,
        "max": 0.0013580322265625
    },
    "pin16_startup": {
        "class": "PIn16",
        "include_startup": true,
        "runs": [
            0.0016329288482666016,
            0.0013217926025390625,
            0.0013501644134521484,
            0.0013408660888671875,
            0.001338958740234375,
            0.0013620853424072266,
            0.0013420581817626953,
            0.0013470649719238281,
            0.0013499259948730469,
            0.0013380050659179688
        ],
        "average": 0.001372385025024414,
        "min": 0.0013217926025390625,
        "max": 0.0016329288482666016
    },
    "z26": {
        "class": "Z26",
        "include_startup": false,
        "runs": [
            0.0012960433959960938,
            0.0013380050659179688,
            0.0012509822845458984,
            0.001241922378540039,
            0.0012869834899902344,
            0.0013010501861572266,
            0.0012960433959960938,
            0.0012409687042236328,
            0.0012998580932617188,
            0.001277923583984375
        ],
        "average": 0.001282978057861328,
        "min": 0.0012409687042236328,
        "max": 0.0013380050659179688
    },
    "z26_startup": {
        "class": "Z26",
        "include_startup": true,
        "runs": [
            0.0016260147094726562,
            0.0013651847839355469,
            0.001361846923828125,
            0.0013611316680908203,
            0.001344919204711914,
            0.0013298988342285156,
            0.001341104507446289,
            0.0013549327850341797,
            0.0013511180877685547,
            0.0014050006866455078
        ],
        "average": 0.0013841152191162109,
        "min": 0.0013298988342285156,
        "max": 0.0016260147094726562
    },
    "zin26": {
        "class": "ZIn26",
        "include_startup": false,
        "runs": [
            0.0012760162353515625,
            0.0018668174743652344,
            0.002134084701538086,
            0.0021300315856933594,
            0.002142190933227539,
            0.002154111862182617,
            0.001775979995727539,
            0.0013458728790283203,
            0.0012171268463134766,
            0.00125885009765625
        ],
        "average": 0.0017301082611083985,
        "min": 0.0012171268463134766,
        "max": 0.002154111862182617
    },
    "zin26_startup": {
        "class": "ZIn26",
        "include_startup": true,
        "runs": [
            0.0012631416320800781,
            0.0010519027709960938,
            0.0010349750518798828,
            0.0010309219360351562,
            0.001026153564453125,
            0.0010290145874023438,
            0.0010290145874023438,
            0.0010230541229248047,
            0.001027822494506836,
            0.0010280609130859375
        ],
        "average": 0.0010544061660766602,
        "min": 0.0010230541229248047,
        "max": 0.0012631416320800781
    }
}