{
    "f06": {
        "class": "F06",
        "include_startup": false,
        "runs": [
            0.0009870529174804688,
            0.001013040542602539,
            0.0009949207305908203,
            0.0009989738464355469,
            0.0010190010070800781,
            0.0010161399841308594,
            0.0010080337524414062,
            0.0009899139404296875,
            0.0009989738464355469,
            0.001001119613647461
        ],
        "average": 0.0010027170181274414,
        "min": 0.0009870529174804688,
        "max": 0.0010190010070800781
    },
    "f06_startup": {
        "class": "F06",
        "include_startup": true,
        "runs": [
            0.0016391277313232422,
            0.0013229846954345703,
            0.0013570785522460938,
            0.0013990402221679688,
            0.0013699531555175781,
            0.0013468265533447266,
            0.0013580322265625,
            0.0013492107391357422,
            0.001992940902709961,
            0.0013508796691894531
        ],
        "average": 0.0014486074447631835,
        "min": 0.0013229846954345703,
        "max": 0.001992940902709961
    },
    "fin06": {
        "class": "FIn06",
        "include_startup": false,
        "runs": [
            0.0013339519500732422,
            0.0012478828430175781,
            0.001260995864868164,
            0.0012180805206298828,
            0.0012350082397460938,
            0.001207113265991211,
            0.0012638568878173828,
            0.0012640953063964844,
            0.0012209415435791016,
            0.0012390613555908203
        ],
        "average": 0.0012490987777709962,
        "min": 0.001207113265991211,
        "max": 0.0013339519500732422
    },
    "fin06_startup": {
        "class": "FIn06",
        "include_startup": true,
        "runs": [
            0.0016169548034667969,
            0.0013568401336669922,
            0.001361846923828125,
            0.001413106918334961,
            0.001352071762084961,
            0.0013349056243896484,
            0.0013229846954345703,
            0.0013730525970458984,
            0.001338958740234375,
            0.001325845718383789
        ],
        "average": 0.0013796567916870117,
        "min": 0.0013229846954345703,
        "max": 0.0016169548034667969
    },
    "p16": {
        "class": "P16",
        "include_startup": false,
        "runs": [
            0.0013399124145507812,
            0.0013799667358398438,
            0.0013451576232910156,
            0.0015370845794677734,
            0.001394033432006836,
            0.0013451576232910156,
            0.0013549327850341797,
            0.001399993896484375,
            0.0013599395751953125,
            0.001371145248413086
        ],
        "average": 0.001382732391357422,
        "min": 0.0013399124145507812,
        "max": 0.0015370845794677734
    },
    "p16_startup": {
        "class": "P16",
        "include_startup": true,
        "runs": [
            0.001260995864868164,
            0.0011239051818847656,
            0.001043081283569336,
            0.001119852066040039,
            0.0010890960693359375,
            0.0010831356048583984,
            0.0010960102081298828,
            0.001107931137084961,
            0.0010838508605957031,
            0.0010690689086914062
        ],
        "average": 0.0011076927185058594,
        "min": 0.001043081283569336,
        "max": 0.001260995864868164
    },
    "pin16": {
        "class": "PIn16",
        "include_startup": false,
        "runs": [
            0.001271963119506836,
            0.0013318061828613281,
            0.0013308525085449219,
            0.0013060569763183594,
            0.0013480186462402344,
            0.0013239383697509766,
            0.0013167858123779297,
            0.0013699531555175781,
            0.0012688636779785156,
            0.0012922286987304688
        ],
        "average": 0.0013160467147827148,
        "min": 0.0012688636779785156,
        "max": 0.0013699531555175781
    },
    "pin16_startup": {
        "class": "PIn16",
        "include_startup": true,
        "runs": [
            0.0016219615936279297,
            0.0013470649719238281,
            0.0013380050659179688,
            0.0013871192932128906,
            0.0013270378112792969,
            0.0013489723205566406,
            0.001360177993774414,
            0.0013709068298339844,
            0.0013501644134521484,
            0.00131988525390625
        ],
        "average": 0.0013771295547485352,
        "min": 0.00131988525390625,
        "max": 0.0016219615936279297
    },
    "z26": {
        "class": "Z26",
        "include_startup": false,
        "runs": [
            0.001322031021118164,
            0.0012810230255126953,
            0.0012929439544677734,
            0.001277923583984375,
            0.0013430118560791016,
            0.001316070556640625,
            0.0012950897216796875,
            0.0013120174407958984,
            0.0012798309326171875,
            0.0013229846954345703
        ],
        "average": 0.001304292678833008,
        "min": 0.001277923583984375,
        "max": 0.0013430118560791016
    },
    "z26_startup": {
        "class": "Z26",
        "include_startup": true,
        "runs": [
            0.0015790462493896484,
            0.0013790130615234375,
            0.0013890266418457031,
            0.0013670921325683594,
            0.0013709068298339844,
            0.0013730525970458984,
            0.0013740062713623047,
            0.0013821125030517578,
            0.0013689994812011719,
            0.0013799667358398438
        ],
        "average": 0.001396322250366211,
        "min": 0.0013670921325683594,
        "max": 0.0015790462493896484
    },
    "zin26": {
        "class": "ZIn26",
        "include_startup": false,
        "runs": [
            0.0013539791107177734,
            0.001377105712890625,
            0.0013129711151123047,
            0.001280069351196289,
            0.001264810562133789,
            0.0012760162353515625,
            0.001341104507446289,
            0.0012679100036621094,
            0.0012829303741455078,
            0.0012769699096679688
        ],
        "average": 0.001303386688232422,
        "min": 0.001264810562133789,
        "max": 0.001377105712890625
    },
    "zin26_startup": {
        "class": "ZIn26",
        "include_startup": true,
        "runs": [
            0.0015997886657714844,
            0.0013930797576904297,
            0.0013420581817626953,
            0.0013539791107177734,
            0.0013229846954345703,
            0.0013661384582519531,
            0.001458883285522461,
            0.0014429092407226562,
            0.0013661384582519531,
            0.0013699531555175781
        ],
        "average": 0.0014015913009643554,
        "min": 0.0013229846954345703,
        "max": 0.0015997886657714844
    }
}