{
    "f06": {
        "class": "F06",
        "include_startup": false,
        "runs": [
            0.1015479564666748,
            0.10108113288879395,
            0.10317397117614746,
            0.10286808013916016,
            0.10204792022705078,
            0.09485983848571777,
            0.09404897689819336,
            0.0941009521484375,
            0.09458589553833008,
            0.09599590301513672
        ],
        "average": 0.09843106269836426,
        "min": 0.09404897689819336,
        "max": 0.10317397117614746
    },
    "f06_startup": {
        "class": "F06",
        "include_startup": true,
        "runs": [
            0.10122394561767578,
            0.10127711296081543,
            0.10147309303283691,
            0.1019430160522461,
            0.10937905311584473,
            0.11509394645690918,
            0.1047210693359375,
            0.10149598121643066,
            0.10213184356689453,
            0.10122513771057129
        ],
        "average": 0.1039964199066162,
        "min": 0.10122394561767578,
        "max": 0.11509394645690918
    },
    "fin06": {
        "class": "FIn06",
        "include_startup": false,
        "runs": [
            0.10514998435974121,
            0.10990190505981445,
            0.10369205474853516,
            0.1041560173034668,
            0.10366201400756836,
            0.1137850284576416,
            0.12288808822631836,
            0.10271000862121582,
            0.10323309898376465,
            0.10333919525146484
        ],
        "average": 0.10725173950195313,
        "min": 0.10271000862121582,
        "max": 0.12288808822631836
    },
    "fin06_startup": {
        "class": "FIn06",
        "include_startup": true,
        "runs": [
            0.10288500785827637,
            0.1057429313659668,
            0.10437583923339844,
            0.10468602180480957,
            0.10439896583557129,
            0.11799812316894531,
            0.1043241024017334,
            0.10899996757507324,
            0.10327386856079102,
            0.10361886024475098
        ],
        "average": 0.10603036880493164,
        "min": 0.10288500785827637,
        "max": 0.11799812316894531
    },
    "p16": {
        "class": "P16",
        "include_startup": false,
        "runs": [
            13.131028890609741,
            14.281304121017456,
            14.316464900970459,
            14.40425181388855,
            14.355806827545166,
            14.396541833877563,
            14.419728994369507,
            14.333165884017944,
            13.159579038619995,
            14.309284925460815
        ],
        "average": 14.11071572303772,
        "min": 13.131028890609741,
        "max": 14.419728994369507
    },
    "p16_startup": {
        "class": "P16",
        "include_startup": true,
        "runs": [
            14.354243040084839,
            14.363036870956421,
            14.306968927383423,
            14.306522846221924,
            14.449702978134155,
            14.356083154678345,
            13.096054077148438,
            14.384913921356201,
            14.415418148040771,
            14.333221912384033
        ],
        "average": 14.236616587638855,
        "min": 13.096054077148438,
        "max": 14.449702978134155
    },
    "pin16": {
        "class": "PIn16",
        "include_startup": false,
        "runs": [
            14.515102863311768,
            14.325363874435425,
            13.265797853469849,
            14.427969932556152,
            13.152631044387817,
            14.553223133087158,
            14.41710090637207,
            14.572890043258667,
            14.572842121124268,
            14.396528005599976
        ],
        "average": 14.219944977760315,
        "min": 13.152631044387817,
        "max": 14.572890043258667
    },
    "pin16_startup": {
        "class": "PIn16",
        "include_startup": true,
        "runs": [
            14.430624008178711,
            14.448364973068237,
            14.414846897125244,
            14.49150800704956,
            14.38744306564331,
            14.305260181427002,
            13.12022614479065,
            14.399374008178711,
            14.407932996749878,
            14.523010969161987
        ],
        "average": 14.29285912513733,
        "min": 13.12022614479065,
        "max": 14.523010969161987
    }
}