{
    "f06": {
        "class": "F06",
        "include_startup": false,
        "runs": [
            0.0014050006866455078,
            0.001394033432006836,
            0.0013821125030517578,
            0.0013921260833740234,
            0.0013840198516845703,
            0.0013818740844726562,
            0.001377105712890625,
            0.0013649463653564453,
            0.0013699531555175781,
            0.0013768672943115234
        ],
        "average": 0.0013828039169311523,
        "min": 0.0013649463653564453,
        "max": 0.0014050006866455078
    },
    "f06_startup": {
        "class": "F06",
        "include_startup": true,
        "runs": [
            0.002830982208251953,
            0.002115964889526367,
            0.0020880699157714844,
            0.002122163772583008,
            0.0021059513092041016,
            0.0021240711212158203,
            0.002109050750732422,
            0.002113819122314453,
            0.0020830631256103516,
            0.0020821094512939453
        ],
        "average": 0.002177524566650391,
        "min": 0.0020821094512939453,
        "max": 0.002830982208251953
    },
    "fin06": {
        "class": "FIn06",
        "include_startup": false,
        "runs": [
            0.0038177967071533203,
            0.0037648677825927734,
            0.0038590431213378906,
            0.003814220428466797,
            0.0038089752197265625,
            0.0037908554077148438,
            0.003796100616455078,
            0.003823995590209961,
            0.003805875778198242,
            0.0038208961486816406
        ],
        "average": 0.003810262680053711,
        "min": 0.0037648677825927734,
        "max": 0.0038590431213378906
    },
    "fin06_startup": {
        "class": "FIn06",
        "include_startup": true,
        "runs": [
            0.005262851715087891,
            0.004542112350463867,
            0.0045070648193359375,
            0.004526853561401367,
            0.00450897216796875,
            0.004503011703491211,
            0.004499912261962891,
            0.004545927047729492,
            0.004673004150390625,
            0.004539966583251953
        ],
        "average": 0.004610967636108398,
        "min": 0.004499912261962891,
        "max": 0.005262851715087891
    },
    "p16": {
        "class": "P16",
        "include_startup": false,
        "runs": [
            0.001168966293334961,
            0.0011219978332519531,
            0.0011560916900634766,
            0.0011131763458251953,
            0.0011141300201416016,
            0.0011150836944580078,
            0.0011119842529296875,
            0.0011119842529296875,
            0.0011241436004638672,
            0.0011258125305175781
        ],
        "average": 0.0011263370513916015,
        "min": 0.0011119842529296875,
        "max": 0.001168966293334961
    },
    "p16_startup": {
        "class": "P16",
        "include_startup": true,
        "runs": [
            0.0028879642486572266,
            0.002135038375854492,
            0.0021479129791259766,
            0.002122163772583008,
            0.002135038375854492,
            0.0020949840545654297,
            0.0021021366119384766,
            0.0021059513092041016,
            0.002095937728881836,
            0.002067089080810547
        ],
        "average": 0.0021894216537475587,
        "min": 0.002067089080810547,
        "max": 0.0028879642486572266
    },
    "pin16": {
        "class": "PIn16",
        "include_startup": false,
        "runs": [
            0.003885030746459961,
            0.0038568973541259766,
            0.0038340091705322266,
            0.0038421154022216797,
            0.0038230419158935547,
            0.0038759708404541016,
            0.003843069076538086,
            0.003849029541015625,
            0.0038471221923828125,
            0.0038449764251708984
        ],
        "average": 0.0038501262664794923,
        "min": 0.0038230419158935547,
        "max": 0.003885030746459961
    },
    "pin16_startup": {
        "class": "PIn16",
        "include_startup": true,
        "runs": [
            0.005468130111694336,
            0.004715919494628906,
            0.004572868347167969,
            0.0046100616455078125,
            0.004603147506713867,
            0.004559040069580078,
            0.004585981369018555,
            0.00457000732421875,
            0.004818916320800781,
            0.004611015319824219
        ],
        "average": 0.004711508750915527,
        "min": 0.004559040069580078,
        "max": 0.005468130111694336
    },
    "z26": {
        "class": "Z26",
        "include_startup": false,
        "runs": [
            0.0014739036560058594,
            0.0014410018920898438,
            0.0014009475708007812,
            0.0013949871063232422,
            0.0014331340789794922,
            0.0014088153839111328,
            0.0018961429595947266,
            0.0015380382537841797,
            0.0022101402282714844,
            0.0022068023681640625
        ],
        "average": 0.0016403913497924805,
        "min": 0.0013949871063232422,
        "max": 0.0022101402282714844
    },
    "z26_startup": {
        "class": "Z26",
        "include_startup": true,
        "runs": [
            0.0029227733612060547,
            0.0021409988403320312,
            0.0021028518676757812,
            0.002124786376953125,
            0.0021240711212158203,
            0.0021200180053710938,
            0.0021250247955322266,
            0.0021209716796875,
            0.002126932144165039,
            0.002128124237060547
        ],
        "average": 0.0022036552429199217,
        "min": 0.0021028518676757812,
        "max": 0.0029227733612060547
    },
    "zin26": {
        "class": "ZIn26",
        "include_startup": false,
        "runs": [
            0.0038480758666992188,
            0.0038039684295654297,
            0.0037860870361328125,
            0.0037851333618164062,
            0.003866910934448242,
            0.0037610530853271484,
            0.0037689208984375,
            0.0037610530853271484,
            0.0037689208984375,
            0.0038471221923828125
        ],
        "average": 0.003799724578857422,
        "min": 0.0037610530853271484,
        "max": 0.003866910934448242
    },
    "zin26_startup": {
        "class": "ZIn26",
        "include_startup": true,
        "runs": [
            0.005316019058227539,
            0.0045430660247802734,
            0.004570960998535156,
            0.0045549869537353516,
            0.004549980163574219,
            0.004519939422607422,
            0.004559040069580078,
            0.004513978958129883,
            0.0046350955963134766,
            0.004561901092529297
        ],
        "average": 0.004632496833801269,
        "min": 0.004513978958129883,
        "max": 0.005316019058227539
    }
}