{
    "f06": {
        "class": "F06",
        "include_startup": false,
        "runs": [
            0.0014967918395996094,
            0.0013849735260009766,
            0.0013811588287353516,
            0.0013899803161621094,
            0.0013768672943115234,
            0.0013811588287353516,
            0.0014088153839111328,
            0.0013761520385742188,
            0.0013499259948730469,
            0.0013880729675292969
        ],
        "average": 0.0013933897018432618,
        "min": 0.0013499259948730469,
        "max": 0.0014967918395996094
    },
    "f06_startup": {
        "class": "F06",
        "include_startup": true,
        "runs": [
            0.0022640228271484375,
            0.0014019012451171875,
            0.0013790130615234375,
            0.0013821125030517578,
            0.0013608932495117188,
            0.001363992691040039,
            0.0013871192932128906,
            0.00138092041015625,
            0.0013790130615234375,
            0.0013709068298339844
        ],
        "average": 0.001466989517211914,
        "min": 0.0013608932495117188,
        "max": 0.0022640228271484375
    },
    "p16": {
        "class": "P16",
        "include_startup": false,
        "runs": [
            0.001239776611328125,
            0.0011470317840576172,
            0.0011320114135742188,
            0.001132965087890625,
            0.0011320114135742188,
            0.0011348724365234375,
            0.0011298656463623047,
            0.0011439323425292969,
            0.001119852066040039,
            0.0011129379272460938
        ],
        "average": 0.0011425256729125977,
        "min": 0.0011129379272460938,
        "max": 0.001239776611328125
    },
    "p16_startup": {
        "class": "P16",
        "include_startup": true,
        "runs": [
            0.003818988800048828,
            0.0025250911712646484,
            0.002507925033569336,
            0.0024929046630859375,
            0.002504110336303711,
            0.0024940967559814453,
            0.002513885498046875,
            0.0024361610412597656,
            0.0025260448455810547,
            0.0024940967559814453
        ],
        "average": 0.0026313304901123048,
        "min": 0.0024361610412597656,
        "max": 0.003818988800048828
    },
    "z26": {
        "class": "Z26",
        "include_startup": false,
        "runs": [
            0.0016939640045166016,
            0.0013720989227294922,
            0.00138092041015625,
            0.0013730525970458984,
            0.0013730525970458984,
            0.001363992691040039,
            0.0013878345489501953,
            0.0013730525970458984,
            0.0013878345489501953,
            0.001374959945678711
        ],
        "average": 0.0014080762863159179,
        "min": 0.001363992691040039,
        "max": 0.0016939640045166016
    },
    "z26_startup": {
        "class": "Z26",
        "include_startup": true,
        "runs": [
            0.002541780471801758,
            0.001544952392578125,
            0.0015192031860351562,
            0.0015439987182617188,
            0.002223968505859375,
            0.0015530586242675781,
            0.0015289783477783203,
            0.0015330314636230469,
            0.0015110969543457031,
            0.0015361309051513672
        ],
        "average": 0.0017036199569702148,
        "min": 0.0015110969543457031,
        "max": 0.002541780471801758
    }
}