{
    "f06": {
        "class": "F06",
        "include_startup": false,
        "runs": [
            0.0014290809631347656,
            0.0014019012451171875,
            0.001397848129272461,
            0.0014100074768066406,
            0.0013799667358398438,
            0.0013990402221679688,
            0.001377105712890625,
            0.0013859272003173828,
            0.0013949871063232422,
            0.0014069080352783203
        ],
        "average": 0.0013982772827148438,
        "min": 0.001377105712890625,
        "max": 0.0014290809631347656
    },
    "f06_startup": {
        "class": "F06",
        "include_startup": true,
        "runs": [
            0.0029480457305908203,
            0.002135038375854492,
            0.0021059513092041016,
            0.002109050750732422,
            0.0021288394927978516,
            0.00209808349609375,
            0.002101898193359375,
            0.0020990371704101562,
            0.002115964889526367,
            0.002084016799926758
        ],
        "average": 0.0021925926208496093,
        "min": 0.002084016799926758,
        "max": 0.0029480457305908203
    },
    "fin06": {
        "class": "FIn06",
        "include_startup": false,
        "runs": [
            0.003938913345336914,
            0.0038940906524658203,
            0.0038390159606933594,
            0.0038640499114990234,
            0.0038559436798095703,
            0.003863096237182617,
            0.0038290023803710938,
            0.003840923309326172,
            0.0038390159606933594,
            0.003905057907104492
        ],
        "average": 0.003866910934448242,
        "min": 0.0038290023803710938,
        "max": 0.003938913345336914
    },
    "fin06_startup": {
        "class": "FIn06",
        "include_startup": true,
        "runs": [
            0.004768848419189453,
            0.004116058349609375,
            0.004073143005371094,
            0.004046916961669922,
            0.004084110260009766,
            0.004121065139770508,
            0.004038810729980469,
            0.0040340423583984375,
            0.0040280818939208984,
            0.004050016403198242
        ],
        "average": 0.004136109352111816,
        "min": 0.0040280818939208984,
        "max": 0.004768848419189453
    },
    "p16": {
        "class": "P16",
        "include_startup": false,
        "runs": [
            0.0014500617980957031,
            0.0014109611511230469,
            0.0014300346374511719,
            0.0013980865478515625,
            0.0014009475708007812,
            0.001405954360961914,
            0.0013790130615234375,
            0.0014200210571289062,
            0.0014200210571289062,
            0.0014159679412841797
        ],
        "average": 0.001413106918334961,
        "min": 0.0013790130615234375,
        "max": 0.0014500617980957031
    },
    "p16_startup": {
        "class": "P16",
        "include_startup": true,
        "runs": [
            0.0023980140686035156,
            0.0017480850219726562,
            0.0017189979553222656,
            0.0016918182373046875,
            0.001725912094116211,
            0.0017290115356445312,
            0.0016701221466064453,
            0.0020041465759277344,
            0.003122091293334961,
            0.003113985061645508
        ],
        "average": 0.0020922183990478515,
        "min": 0.0016701221466064453,
        "max": 0.003122091293334961
    },
    "pin16": {
        "class": "PIn16",
        "include_startup": false,
        "runs": [
            0.004286050796508789,
            0.0038690567016601562,
            0.003812074661254883,
            0.0038280487060546875,
            0.0038259029388427734,
            0.0038280487060546875,
            0.003813028335571289,
            0.0038139820098876953,
            0.0038220882415771484,
            0.0038421154022216797
        ],
        "average": 0.003874039649963379,
        "min": 0.003812074661254883,
        "max": 0.004286050796508789
    },
    "pin16_startup": {
        "class": "PIn16",
        "include_startup": true,
        "runs": [
            0.005326032638549805,
            0.004663944244384766,
            0.0045659542083740234,
            0.004598855972290039,
            0.00457310676574707,
            0.0045299530029296875,
            0.004509925842285156,
            0.004556179046630859,
            0.004736900329589844,
            0.004614830017089844
        ],
        "average": 0.0046675682067871095,
        "min": 0.004509925842285156,
        "max": 0.005326032638549805
    },
    "z26": {
        "class": "Z26",
        "include_startup": false,
        "runs": [
            0.0014798641204833984,
            0.0014040470123291016,
            0.0014030933380126953,
            0.001413106918334961,
            0.0013909339904785156,
            0.001374959945678711,
            0.0013740062713623047,
            0.0017600059509277344,
            0.0022640228271484375,
            0.002290010452270508
        ],
        "average": 0.0016154050827026367,
        "min": 0.0013740062713623047,
        "max": 0.002290010452270508
    },
    "z26_startup": {
        "class": "Z26",
        "include_startup": true,
        "runs": [
            0.003081798553466797,
            0.003535032272338867,
            0.0023801326751708984,
            0.002112150192260742,
            0.002084016799926758,
            0.002095937728881836,
            0.0021140575408935547,
            0.0021028518676757812,
            0.002113819122314453,
            0.0021390914916992188
        ],
        "average": 0.002375888824462891,
        "min": 0.002084016799926758,
        "max": 0.003535032272338867
    },
    "zin26": {
        "class": "ZIn26",
        "include_startup": false,
        "runs": [
            0.003910064697265625,
            0.0038499832153320312,
            0.0038421154022216797,
            0.0038759708404541016,
            0.0038690567016601562,
            0.0038690567016601562,
            0.0038568973541259766,
            0.003854036331176758,
            0.0038619041442871094,
            0.00384521484375
        ],
        "average": 0.0038634300231933593,
        "min": 0.0038421154022216797,
        "max": 0.003910064697265625
    },
    "zin26_startup": {
        "class": "ZIn26",
        "include_startup": true,
        "runs": [
            0.004918098449707031,
            0.004144906997680664,
            0.004144906997680664,
            0.0041348934173583984,
            0.0041351318359375,
            0.004122018814086914,
            0.0041811466217041016,
            0.004119157791137695,
            0.004099130630493164,
            0.00412297248840332
        ],
        "average": 0.004212236404418946,
        "min": 0.004099130630493164,
        "max": 0.004918098449707031
    }
}