{
    "f06": {
        "class": "F06",
        "include_startup": false,
        "runs": [
            0.0008327960968017578,
            0.0008089542388916016,
            0.0007860660552978516,
            0.0007939338684082031,
            0.0008051395416259766,
            0.0008230209350585938,
            0.0007989406585693359,
            0.0007841587066650391,
            0.0008029937744140625,
            0.0008039474487304688
        ],
        "average": 0.000803995132446289,
        "min": 0.0007841587066650391,
        "max": 0.0008327960968017578
    },
    "f06_startup": {
        "class": "F06",
        "include_startup": true,
        "runs": [
            0.0008080005645751953,
            0.0007729530334472656,
            0.0007851123809814453,
            0.00078582763671875,
            0.0007741451263427734,
            0.0007731914520263672,
            0.0007669925689697266,
            0.000782012939453125,
            0.0007891654968261719,
            0.000782012939453125
        ],
        "average": 0.0007819414138793945,
        "min": 0.0007669925689697266,
        "max": 0.0008080005645751953
    },
    "fin06": {
        "class": "FIn06",
        "include_startup": false,
        "runs": [
            0.0011379718780517578,
            0.0011339187622070312,
            0.0011410713195800781,
            0.0011467933654785156,
            0.0011758804321289062,
            0.0011439323425292969,
            0.0011451244354248047,
            0.0011439323425292969,
            0.0011420249938964844,
            0.0011489391326904297
        ],
        "average": 0.0011459589004516602,
        "min": 0.0011339187622070312,
        "max": 0.0011758804321289062
    },
    "fin06_startup": {
        "class": "FIn06",
        "include_startup": true,
        "runs": [
            0.0007929801940917969,
            0.000823974609375,
            0.0008361339569091797,
            0.0008330345153808594,
            0.0008461475372314453,
            0.0008199214935302734,
            0.0007939338684082031,
            0.0008218288421630859,
            0.0008189678192138672,
            0.0008099079132080078
        ],
        "average": 0.0008196830749511719,
        "min": 0.0007929801940917969,
        "max": 0.0008461475372314453
    },
    "p16": {
        "class": "P16",
        "include_startup": false,
        "runs": [
            0.0008769035339355469,
            0.00109100341796875,
            0.0009500980377197266,
            0.0009000301361083984,
            0.0009229183197021484,
            0.000888824462890625,
            0.0009160041809082031,
            0.0008919239044189453,
            0.0008831024169921875,
            0.0008580684661865234
        ],
        "average": 0.0009178876876831055,
        "min": 0.0008580684661865234,
        "max": 0.00109100341796875
    },
    "p16_startup": {
        "class": "P16",
        "include_startup": true,
        "runs": [
            0.0008628368377685547,
            0.0008361339569091797,
            0.0008289813995361328,
            0.0008409023284912109,
            0.0008349418640136719,
            0.0008308887481689453,
            0.0008149147033691406,
            0.0008330345153808594,
            0.0008339881896972656,
            0.0008208751678466797
        ],
        "average": 0.0008337497711181641,
        "min": 0.0008149147033691406,
        "max": 0.0008628368377685547
    },
    "pin16": {
        "class": "PIn16",
        "include_startup": false,
        "runs": [
            0.000762939453125,
            0.0007679462432861328,
            0.0007748603820800781,
            0.0008089542388916016,
            0.0010421276092529297,
            0.001107931137084961,
            0.0011200904846191406,
            0.0011110305786132812,
            0.0011200904846191406,
            0.0011208057403564453
        ],
        "average": 0.0009736776351928711,
        "min": 0.000762939453125,
        "max": 0.0011208057403564453
    },
    "pin16_startup": {
        "class": "PIn16",
        "include_startup": true,
        "runs": [
            0.0008208751678466797,
            0.0010709762573242188,
            0.001107931137084961,
            0.0011470317840576172,
            0.0011548995971679688,
            0.0011529922485351562,
            0.0011568069458007812,
            0.0011658668518066406,
            0.0011680126190185547,
            0.0011620521545410156
        ],
        "average": 0.0011107444763183594,
        "min": 0.0008208751678466797,
        "max": 0.0011680126190185547
    },
    "z26": {
        "class": "Z26",
        "include_startup": false,
        "runs": [
            0.0007910728454589844,
            0.0007801055908203125,
            0.0007798671722412109,
            0.0007882118225097656,
            0.0007607936859130859,
            0.0007891654968261719,
            0.0007789134979248047,
            0.0007829666137695312,
            0.0007691383361816406,
            0.000762939453125
        ],
        "average": 0.0007783174514770508,
        "min": 0.0007607936859130859,
        "max": 0.0007910728454589844
    },
    "z26_startup": {
        "class": "Z26",
        "include_startup": true,
        "runs": [
            0.0008449554443359375,
            0.0008189678192138672,
            0.0007908344268798828,
            0.0008080005645751953,
            0.0007908344268798828,
            0.0008020401000976562,
            0.0008108615875244141,
            0.0007891654968261719,
            0.0007989406585693359,
            0.0007998943328857422
        ],
        "average": 0.0008054494857788086,
        "min": 0.0007891654968261719,
        "max": 0.0008449554443359375
    },
    "zin26": {
        "class": "ZIn26",
        "include_startup": false,
        "runs": [
            0.0008070468902587891,
            0.0007979869842529297,
            0.0007948875427246094,
            0.0007989406585693359,
            0.0007960796356201172,
            0.0007898807525634766,
            0.0007989406585693359,
            0.0007910728454589844,
            0.0008001327514648438,
            0.0007791519165039062
        ],
        "average": 0.0007954120635986328,
        "min": 0.0007791519165039062,
        "max": 0.0008070468902587891
    },
    "zin26_startup": {
        "class": "ZIn26",
        "include_startup": true,
        "runs": [
            0.0007841587066650391,
            0.0008320808410644531,
            0.0008041858673095703,
            0.0007660388946533203,
            0.0007920265197753906,
            0.0008029937744140625,
            0.0008101463317871094,
            0.0007829666137695312,
            0.0007829666137695312,
            0.0007679462432861328
        ],
        "average": 0.000792551040649414,
        "min": 0.0007660388946533203,
        "max": 0.0008320808410644531
    }
}