{
    "f06": {
        "class": "F06",
        "include_startup": false,
        "runs": [
            0.0015158653259277344,
            0.0014379024505615234,
            0.0013689994812011719,
            0.0013799667358398438,
            0.0013971328735351562,
            0.0013718605041503906,
            0.0013730525970458984,
            0.0013759136199951172,
            0.001374959945678711,
            0.0013899803161621094
        ],
        "average": 0.0013985633850097656,
        "min": 0.0013689994812011719,
        "max": 0.0015158653259277344
    },
    "f06_startup": {
        "class": "F06",
        "include_startup": true,
        "runs": [
            0.002270936965942383,
            0.0014469623565673828,
            0.0014748573303222656,
            0.0014247894287109375,
            0.001455068588256836,
            0.0014638900756835938,
            0.001455068588256836,
            0.0014240741729736328,
            0.0014500617980957031,
            0.0014009475708007812
        ],
        "average": 0.0015266656875610352,
        "min": 0.0014009475708007812,
        "max": 0.002270936965942383
    },
    "p16": {
        "class": "P16",
        "include_startup": false,
        "runs": [
            0.0025069713592529297,
            0.0023441314697265625,
            0.0023550987243652344,
            0.0023670196533203125,
            0.002335786819458008,
            0.002357006072998047,
            0.002377033233642578,
            0.0023560523986816406,
            0.0023651123046875,
            0.0023889541625976562
        ],
        "average": 0.0023753166198730467,
        "min": 0.002335786819458008,
        "max": 0.0025069713592529297
    },
    "p16_startup": {
        "class": "P16",
        "include_startup": true,
        "runs": [
            0.002237081527709961,
            0.001425027847290039,
            0.0014271736145019531,
            0.0014119148254394531,
            0.0014410018920898438,
            0.0014109611511230469,
            0.0014100074768066406,
            0.0014078617095947266,
            0.0014150142669677734,
            0.001435995101928711
        ],
        "average": 0.0015022039413452148,
        "min": 0.0014078617095947266,
        "max": 0.002237081527709961
    },
    "z26": {
        "class": "Z26",
        "include_startup": false,
        "runs": [
            0.0016231536865234375,
            0.0014140605926513672,
            0.0014209747314453125,
            0.0014100074768066406,
            0.001961946487426758,
            0.0014128684997558594,
            0.0015559196472167969,
            0.0014190673828125,
            0.001399993896484375,
            0.001394033432006836
        ],
        "average": 0.0015012025833129883,
        "min": 0.001394033432006836,
        "max": 0.001961946487426758
    },
    "z26_startup": {
        "class": "Z26",
        "include_startup": true,
        "runs": [
            0.0023241043090820312,
            0.001538991928100586,
            0.0015549659729003906,
            0.0015020370483398438,
            0.0015189647674560547,
            0.0015399456024169922,
            0.0014829635620117188,
            0.0015151500701904297,
            0.0014979839324951172,
            0.0014979839324951172
        ],
        "average": 0.0015973091125488282,
        "min": 0.0014829635620117188,
        "max": 0.0023241043090820312
    }
}