{
    "f06": {
        "class": "F06",
        "include_startup": false,
        "runs": [
            0.0007619857788085938,
            0.0007538795471191406,
            0.0007460117340087891,
            0.0008101463317871094,
            0.0007829666137695312,
            0.0007970333099365234,
            0.0007898807525634766,
            0.0007979869842529297,
            0.0008041858673095703,
            0.0007951259613037109
        ],
        "average": 0.0007839202880859375,
        "min": 0.0007460117340087891,
        "max": 0.0008101463317871094
    },
    "f06_startup": {
        "class": "F06",
        "include_startup": true,
        "runs": [
            0.0007958412170410156,
            0.0008118152618408203,
            0.0007951259613037109,
            0.0007939338684082031,
            0.0007839202880859375,
            0.000782012939453125,
            0.0007829666137695312,
            0.0008029937744140625,
            0.0008399486541748047,
            0.0007979869842529297
        ],
        "average": 0.0007986545562744141,
        "min": 0.000782012939453125,
        "max": 0.0008399486541748047
    },
    "fin06": {
        "class": "FIn06",
        "include_startup": false,
        "runs": [
            0.0010960102081298828,
            0.0011289119720458984,
            0.001119852066040039,
            0.0011219978332519531,
            0.0011179447174072266,
            0.00113677978515625,
            0.0011339187622070312,
            0.0011451244354248047,
            0.0011529922485351562,
            0.001146078109741211
        ],
        "average": 0.0011299610137939452,
        "min": 0.0010960102081298828,
        "max": 0.0011529922485351562
    },
    "fin06_startup": {
        "class": "FIn06",
        "include_startup": true,
        "runs": [
            0.0007929801940917969,
            0.0007851123809814453,
            0.0007810592651367188,
            0.0008130073547363281,
            0.001049041748046875,
            0.0011210441589355469,
            0.0011320114135742188,
            0.0011429786682128906,
            0.0011699199676513672,
            0.001135110855102539
        ],
        "average": 0.0009922266006469726,
        "min": 0.0007810592651367188,
        "max": 0.0011699199676513672
    },
    "p16": {
        "class": "P16",
        "include_startup": false,
        "runs": [
            0.0008528232574462891,
            0.0008139610290527344,
            0.0008399486541748047,
            0.0008120536804199219,
            0.0008258819580078125,
            0.0008299350738525391,
            0.0008320808410644531,
            0.0008249282836914062,
            0.000823974609375,
            0.0007851123809814453
        ],
        "average": 0.0008240699768066406,
        "min": 0.0007851123809814453,
        "max": 0.0008528232574462891
    },
    "p16_startup": {
        "class": "P16",
        "include_startup": true,
        "runs": [
            0.0008060932159423828,
            0.0007779598236083984,
            0.0008060932159423828,
            0.0008008480072021484,
            0.0007882118225097656,
            0.0008001327514648438,
            0.0008020401000976562,
            0.0007719993591308594,
            0.0008080005645751953,
            0.0007948875427246094
        ],
        "average": 0.0007956266403198242,
        "min": 0.0007719993591308594,
        "max": 0.0008080005645751953
    },
    "pin16": {
        "class": "PIn16",
        "include_startup": false,
        "runs": [
            0.0008149147033691406,
            0.0008018016815185547,
            0.0008029937744140625,
            0.0008020401000976562,
            0.0008130073547363281,
            0.000782012939453125,
            0.0007979869842529297,
            0.0009109973907470703,
            0.0010919570922851562,
            0.0011341571807861328
        ],
        "average": 0.0008751869201660157,
        "min": 0.000782012939453125,
        "max": 0.0011341571807861328
    },
    "pin16_startup": {
        "class": "PIn16",
        "include_startup": true,
        "runs": [
            0.0008940696716308594,
            0.0007870197296142578,
            0.0008339881896972656,
            0.0007538795471191406,
            0.0008380413055419922,
            0.0008311271667480469,
            0.0008130073547363281,
            0.0008170604705810547,
            0.0008361339569091797,
            0.0008020401000976562
        ],
        "average": 0.0008206367492675781,
        "min": 0.0007538795471191406,
        "max": 0.0008940696716308594
    },
    "z26": {
        "class": "Z26",
        "include_startup": false,
        "runs": [
            0.0008120536804199219,
            0.0007839202880859375,
            0.0007851123809814453,
            0.0007760524749755859,
            0.0007908344268798828,
            0.000782012939453125,
            0.0007970333099365234,
            0.0007998943328857422,
            0.0007801055908203125,
            0.0007898807525634766
        ],
        "average": 0.0007896900177001953,
        "min": 0.0007760524749755859,
        "max": 0.0008120536804199219
    },
    "z26_startup": {
        "class": "Z26",
        "include_startup": true,
        "runs": [
            0.0008540153503417969,
            0.0008039474487304688,
            0.0007729530334472656,
            0.0008089542388916016,
            0.0007989406585693359,
            0.0007967948913574219,
            0.0007991790771484375,
            0.0007770061492919922,
            0.0007951259613037109,
            0.0007901191711425781
        ],
        "average": 0.0007997035980224609,
        "min": 0.0007729530334472656,
        "max": 0.0008540153503417969
    },
    "zin26": {
        "class": "ZIn26",
        "include_startup": false,
        "runs": [
            0.0006949901580810547,
            0.0006628036499023438,
            0.0006549358367919922,
            0.0006449222564697266,
            0.000659942626953125,
            0.0006659030914306641,
            0.0006499290466308594,
            0.0006821155548095703,
            0.0006639957427978516,
            0.0006570816040039062
        ],
        "average": 0.0006636619567871094,
        "min": 0.0006449222564697266,
        "max": 0.0006949901580810547
    },
    "zin26_startup": {
        "class": "ZIn26",
        "include_startup": true,
        "runs": [
            0.0008270740509033203,
            0.0008928775787353516,
            0.0008180141448974609,
            0.0007929801940917969,
            0.0008130073547363281,
            0.0008089542388916016,
            0.0007889270782470703,
            0.0007920265197753906,
            0.0011279582977294922,
            0.0011599063873291016
        ],
        "average": 0.0008821725845336914,
        "min": 0.0007889270782470703,
        "max": 0.0011599063873291016
    }
}