{
    "f06": {
        "class": "F06",
        "include_startup": false,
        "runs": [
            3.537850856781006,
            3.501707077026367,
            3.572603225708008,
            3.5451560020446777,
            3.5279009342193604,
            3.5615789890289307,
            3.500988006591797,
            1.9225590229034424,
            3.5213911533355713,
            3.497899055480957
        ],
        "average": 3.368963432312012,
        "min": 1.9225590229034424,
        "max": 3.572603225708008
    },
    "f06_startup": {
        "class": "F06",
        "include_startup": true,
        "runs": [
            3.5217089653015137,
            3.5193839073181152,
            3.4833362102508545,
            3.5263590812683105,
            1.9637079238891602,
            3.500324010848999,
            3.4401748180389404,
            3.4355998039245605,
            3.5370888710021973,
            3.4898951053619385
        ],
        "average": 3.341757869720459,
        "min": 1.9637079238891602,
        "max": 3.5370888710021973
    },
    "fin06": {
        "class": "FIn06",
        "include_startup": false,
        "runs": [
            3.553436040878296,
            3.601388931274414,
            3.520934820175171,
            3.525394916534424,
            3.570749044418335,
            3.5418238639831543,
            3.518097162246704,
            3.5166280269622803,
            1.9643950462341309,
            3.554306983947754
        ],
        "average": 3.3867154836654665,
        "min": 1.9643950462341309,
        "max": 3.601388931274414
    },
    "fin06_startup": {
        "class": "FIn06",
        "include_startup": true,
        "runs": [
            3.5828311443328857,
            3.559830904006958,
            3.5565409660339355,
            3.560948133468628,
            3.4714269638061523,
            3.5425291061401367,
            3.530179977416992,
            3.5143580436706543,
            3.505121946334839,
            3.5629570484161377
        ],
        "average": 3.538672423362732,
        "min": 3.4714269638061523,
        "max": 3.5828311443328857
    }
}