{
    "f06": {
        "class": "F06",
        "include_startup": false,
        "runs": [
            1.9009079933166504,
            3.4890270233154297,
            3.5319859981536865,
            1.9046571254730225,
            3.5042688846588135,
            3.4987850189208984,
            3.53855299949646,
            3.4702560901641846,
            3.498203992843628,
            3.561408042907715
        ],
        "average": 3.1898053169250487,
        "min": 1.9009079933166504,
        "max": 3.561408042907715
    },
    "f06_startup": {
        "class": "F06",
        "include_startup": true,
        "runs": [
            3.478102922439575,
            3.5140161514282227,
            3.5108590126037598,
            3.4950621128082275,
            3.5706000328063965,
            3.5124669075012207,
            1.925187110900879,
            3.4767658710479736,
            3.4955649375915527,
            3.510909080505371
        ],
        "average": 3.3489534139633177,
        "min": 1.925187110900879,
        "max": 3.5706000328063965
    },
    "fin06": {
        "class": "FIn06",
        "include_startup": false,
        "runs": [
            1.9527950286865234,
            3.5407938957214355,
            1.9328808784484863,
            3.5350029468536377,
            3.461970090866089,
            3.560961961746216,
            3.548910140991211,
            3.5309858322143555,
            3.5486528873443604,
            3.3650760650634766
        ],
        "average": 3.1978029727935793,
        "min": 1.9328808784484863,
        "max": 3.560961961746216
    },
    "fin06_startup": {
        "class": "FIn06",
        "include_startup": true,
        "runs": [
            3.5559000968933105,
            3.5897698402404785,
            3.5327670574188232,
            3.5118110179901123,
            3.5487959384918213,
            3.611006021499634,
            3.5509860515594482,
            3.518911838531494,
            3.474148988723755,
            3.521688938140869
        ],
        "average": 3.5415785789489744,
        "min": 3.474148988723755,
        "max": 3.611006021499634
    }
}