{
    "f06": {
        "class": "F06",
        "include_startup": false,
        "runs": [
            0.3980848789215088,
            0.39672398567199707,
            0.39414191246032715,
            0.3866608142852783,
            0.39312005043029785,
            0.3957488536834717,
            0.39429807662963867,
            0.3902270793914795,
            0.3901810646057129,
            0.38986897468566895
        ],
        "average": 0.39290556907653806,
        "min": 0.3866608142852783,
        "max": 0.3980848789215088
    },
    "f06_startup": {
        "class": "F06",
        "include_startup": true,
        "runs": [
            0.41363000869750977,
            0.40497493743896484,
            0.3987898826599121,
            0.39354395866394043,
            0.3992149829864502,
            0.40064311027526855,
            0.39542293548583984,
            0.3960740566253662,
            0.40689802169799805,
            0.39853811264038086
        ],
        "average": 0.4007730007171631,
        "min": 0.39354395866394043,
        "max": 0.41363000869750977
    }
}