{
    "f06": {
        "class": "F06",
        "include_startup": false,
        "runs": [
            0.3917849063873291,
            0.38907814025878906,
            0.38713908195495605,
            0.41068291664123535,
            0.405336856842041,
            0.3904280662536621,
            0.35301995277404785,
            0.3901078701019287,
            0.39203500747680664,
            0.3913390636444092
        ],
        "average": 0.3900951862335205,
        "min": 0.35301995277404785,
        "max": 0.41068291664123535
    },
    "f06_startup": {
        "class": "F06",
        "include_startup": true,
        "runs": [
            0.395266056060791,
            0.4137389659881592,
            0.40451908111572266,
            0.3574550151824951,
            0.3975369930267334,
            0.4029879570007324,
            0.3990051746368408,
            0.41902899742126465,
            0.39699792861938477,
            0.3588409423828125
        ],
        "average": 0.3945377111434937,
        "min": 0.3574550151824951,
        "max": 0.41902899742126465
    }
}