{
    "f06": {
        "class": "F06",
        "include_startup": false,
        "runs": [
            0.0007119178771972656,
            0.0006990432739257812,
            0.0007278919219970703,
            0.0006721019744873047,
            0.0006771087646484375,
            0.0006558895111083984,
            0.0006611347198486328,
            0.0006570816040039062,
            0.0006458759307861328,
            0.0006639957427978516
        ],
        "average": 0.0006772041320800781,
        "min": 0.0006458759307861328,
        "max": 0.0007278919219970703
    },
    "f06_startup": {
        "class": "F06",
        "include_startup": true,
        "runs": [
            0.0008249282836914062,
            0.0008008480072021484,
            0.0007870197296142578,
            0.0007879734039306641,
            0.0007710456848144531,
            0.0007932186126708984,
            0.0007889270782470703,
            0.0007750988006591797,
            0.0007669925689697266,
            0.0007588863372802734
        ],
        "average": 0.0007854938507080078,
        "min": 0.0007588863372802734,
        "max": 0.0008249282836914062
    },
    "fin06": {
        "class": "FIn06",
        "include_startup": false,
        "runs": [
            0.0007638931274414062,
            0.0008668899536132812,
            0.0008089542388916016,
            0.0008139610290527344,
            0.0008080005645751953,
            0.0008180141448974609,
            0.0007870197296142578,
            0.0007948875427246094,
            0.0007970333099365234,
            0.0007951259613037109
        ],
        "average": 0.0008053779602050781,
        "min": 0.0007638931274414062,
        "max": 0.0008668899536132812
    },
    "fin06_startup": {
        "class": "FIn06",
        "include_startup": true,
        "runs": [
            0.0008089542388916016,
            0.0007579326629638672,
            0.0007710456848144531,
            0.0007419586181640625,
            0.0007450580596923828,
            0.0007660388946533203,
            0.0007560253143310547,
            0.0007359981536865234,
            0.0007519721984863281,
            0.0007610321044921875
        ],
        "average": 0.0007596015930175781,
        "min": 0.0007359981536865234,
        "max": 0.0008089542388916016
    },
    "p16": {
        "class": "P16",
        "include_startup": false,
        "runs": [
            0.0008020401000976562,
            0.0007691383361816406,
            0.0007619857788085938,
            0.0007748603820800781,
            0.000762939453125,
            0.000762939453125,
            0.0007441043853759766,
            0.0007758140563964844,
            0.0007729530334472656,
            0.0007541179656982422
        ],
        "average": 0.0007680892944335937,
        "min": 0.0007441043853759766,
        "max": 0.0008020401000976562
    },
    "p16_startup": {
        "class": "P16",
        "include_startup": true,
        "runs": [
            0.0007748603820800781,
            0.0007238388061523438,
            0.0007622241973876953,
            0.0008530616760253906,
            0.0008060932159423828,
            0.00080108642578125,
            0.0007650852203369141,
            0.0007748603820800781,
            0.0007929801940917969,
            0.00080108642578125
        ],
        "average": 0.0007855176925659179,
        "min": 0.0007238388061523438,
        "max": 0.0008530616760253906
    },
    "pin16": {
        "class": "PIn16",
        "include_startup": false,
        "runs": [
            0.0009160041809082031,
            0.0008962154388427734,
            0.0008969306945800781,
            0.0009679794311523438,
            0.0008909702301025391,
            0.0008859634399414062,
            0.0008940696716308594,
            0.0008840560913085938,
            0.0008738040924072266,
            0.0008831024169921875
        ],
        "average": 0.0008989095687866211,
        "min": 0.0008738040924072266,
        "max": 0.0009679794311523438
    },
    "pin16_startup": {
        "class": "PIn16",
        "include_startup": true,
        "runs": [
            0.0008270740509033203,
            0.0007941722869873047,
            0.0007958412170410156,
            0.00080108642578125,
            0.0007789134979248047,
            0.0007920265197753906,
            0.0007910728454589844,
            0.0008280277252197266,
            0.0007948875427246094,
            0.0007851123809814453
        ],
        "average": 0.0007988214492797852,
        "min": 0.0007789134979248047,
        "max": 0.0008280277252197266
    },
    "z26": {
        "class": "Z26",
        "include_startup": false,
        "runs": [
            0.0008528232574462891,
            0.0007889270782470703,
            0.0008029937744140625,
            0.0007951259613037109,
            0.0007929801940917969,
            0.0007979869842529297,
            0.0007770061492919922,
            0.0008130073547363281,
            0.0008139610290527344,
            0.0008080005645751953
        ],
        "average": 0.000804281234741211,
        "min": 0.0007770061492919922,
        "max": 0.0008528232574462891
    },
    "z26_startup": {
        "class": "Z26",
        "include_startup": true,
        "runs": [
            0.0009012222290039062,
            0.0008189678192138672,
            0.0008080005645751953,
            0.0008318424224853516,
            0.0008521080017089844,
            0.0008318424224853516,
            0.0008759498596191406,
            0.0008440017700195312,
            0.0008299350738525391,
            0.0008091926574707031
        ],
        "average": 0.000840306282043457,
        "min": 0.0008080005645751953,
        "max": 0.0009012222290039062
    },
    "zin26": {
        "class": "ZIn26",
        "include_startup": false,
        "runs": [
            0.0008740425109863281,
            0.0007979869842529297,
            0.00080108642578125,
            0.0007801055908203125,
            0.0007798671722412109,
            0.0007860660552978516,
            0.0007951259613037109,
            0.0007851123809814453,
            0.0007688999176025391,
            0.0007531642913818359
        ],
        "average": 0.0007921457290649414,
        "min": 0.0007531642913818359,
        "max": 0.0008740425109863281
    },
    "zin26_startup": {
        "class": "ZIn26",
        "include_startup": true,
        "runs": [
            0.0006449222564697266,
            0.0006091594696044922,
            0.0006940364837646484,
            0.0006659030914306641,
            0.0006549358367919922,
            0.0006649494171142578,
            0.0006659030914306641,
            0.0006430149078369141,
            0.0006492137908935547,
            0.0006520748138427734
        ],
        "average": 0.0006544113159179688,
        "min": 0.0006091594696044922,
        "max": 0.0006940364837646484
    }
}