{
    "f06": {
        "class": "F06",
        "include_startup": false,
        "runs": [
            0.0007791519165039062,
            0.000762939453125,
            0.0007951259613037109,
            0.0007870197296142578,
            0.0007321834564208984,
            0.0007228851318359375,
            0.0007719993591308594,
            0.0007770061492919922,
            0.0007619857788085938,
            0.0007529258728027344
        ],
        "average": 0.0007643222808837891,
        "min": 0.0007228851318359375,
        "max": 0.0007951259613037109
    },
    "f06_startup": {
        "class": "F06",
        "include_startup": true,
        "runs": [
            0.000804901123046875,
            0.0007498264312744141,
            0.000782012939453125,
            0.0007607936859130859,
            0.0007731914520263672,
            0.000762939453125,
            0.0007719993591308594,
            0.0007638931274414062,
            0.0007669925689697266,
            0.00078582763671875
        ],
        "average": 0.0007722377777099609,
        "min": 0.0007498264312744141,
        "max": 0.000804901123046875
    },
    "fin06": {
        "class": "FIn06",
        "include_startup": false,
        "runs": [
            0.0008168220520019531,
            0.0007939338684082031,
            0.0007779598236083984,
            0.0007638931274414062,
            0.0007801055908203125,
            0.0007758140563964844,
            0.000782012939453125,
            0.000782012939453125,
            0.0007719993591308594,
            0.0007870197296142578
        ],
        "average": 0.0007831573486328125,
        "min": 0.0007638931274414062,
        "max": 0.0008168220520019531
    },
    "fin06_startup": {
        "class": "FIn06",
        "include_startup": true,
        "runs": [
            0.00090789794921875,
            0.0011930465698242188,
            0.0012700557708740234,
            0.0012629032135009766,
            0.0012700557708740234,
            0.0013189315795898438,
            0.0012829303741455078,
            0.0012750625610351562,
            0.001316070556640625,
            0.0012929439544677734
        ],
        "average": 0.0012389898300170898,
        "min": 0.00090789794921875,
        "max": 0.0013189315795898438
    },
    "p16": {
        "class": "P16",
        "include_startup": false,
        "runs": [
            0.0008080005645751953,
            0.0007469654083251953,
            0.00074005126953125,
            0.0007560253143310547,
            0.0007278919219970703,
            0.0007390975952148438,
            0.0007560253143310547,
            0.0007431507110595703,
            0.0007507801055908203,
            0.0007638931274414062
        ],
        "average": 0.0007531881332397461,
        "min": 0.0007278919219970703,
        "max": 0.0008080005645751953
    },
    "p16_startup": {
        "class": "P16",
        "include_startup": true,
        "runs": [
            0.0008001327514648438,
            0.0007989406585693359,
            0.0007760524749755859,
            0.0007898807525634766,
            0.0007929801940917969,
            0.0008192062377929688,
            0.0008099079132080078,
            0.0007839202880859375,
            0.0008189678192138672,
            0.0008077621459960938
        ],
        "average": 0.0007997751235961914,
        "min": 0.0007760524749755859,
        "max": 0.0008192062377929688
    },
    "pin16": {
        "class": "PIn16",
        "include_startup": false,
        "runs": [
            0.0009369850158691406,
            0.0007750988006591797,
            0.0007569789886474609,
            0.0007560253143310547,
            0.0007829666137695312,
            0.0007829666137695312,
            0.0007770061492919922,
            0.0007691383361816406,
            0.0007848739624023438,
            0.0007658004760742188
        ],
        "average": 0.0007887840270996094,
        "min": 0.0007560253143310547,
        "max": 0.0009369850158691406
    },
    "pin16_startup": {
        "class": "PIn16",
        "include_startup": true,
        "runs": [
            0.0008041858673095703,
            0.000762939453125,
            0.0007619857788085938,
            0.0007710456848144531,
            0.0007390975952148438,
            0.0007650852203369141,
            0.000759124755859375,
            0.0007557868957519531,
            0.0007560253143310547,
            0.0008969306945800781
        ],
        "average": 0.0007772207260131836,
        "min": 0.0007390975952148438,
        "max": 0.0008969306945800781
    },
    "z26": {
        "class": "Z26",
        "include_startup": false,
        "runs": [
            0.0008080005645751953,
            0.0007808208465576172,
            0.001043081283569336,
            0.0012149810791015625,
            0.0012478828430175781,
            0.0012738704681396484,
            0.001260995864868164,
            0.0012831687927246094,
            0.0013000965118408203,
            0.0012729167938232422
        ],
        "average": 0.0011485815048217773,
        "min": 0.0007808208465576172,
        "max": 0.0013000965118408203
    },
    "z26_startup": {
        "class": "Z26",
        "include_startup": true,
        "runs": [
            0.0008800029754638672,
            0.0008389949798583984,
            0.0012650489807128906,
            0.0013380050659179688,
            0.0009691715240478516,
            0.0008571147918701172,
            0.0008440017700195312,
            0.0008549690246582031,
            0.0008089542388916016,
            0.0008699893951416016
        ],
        "average": 0.0009526252746582031,
        "min": 0.0008089542388916016,
        "max": 0.0013380050659179688
    },
    "zin26": {
        "class": "ZIn26",
        "include_startup": false,
        "runs": [
            0.0013568401336669922,
            0.0012888908386230469,
            0.0012981891632080078,
            0.0013289451599121094,
            0.0013051033020019531,
            0.0013020038604736328,
            0.0009109973907470703,
            0.0007631778717041016,
            0.000762939453125,
            0.000762939453125
        ],
        "average": 0.0011080026626586914,
        "min": 0.000762939453125,
        "max": 0.0013568401336669922
    },
    "zin26_startup": {
        "class": "ZIn26",
        "include_startup": true,
        "runs": [
            0.0008819103240966797,
            0.0008320808410644531,
            0.0008268356323242188,
            0.0007848739624023438,
            0.0008080005645751953,
            0.0007791519165039062,
            0.0008029937744140625,
            0.0007889270782470703,
            0.0007870197296142578,
            0.0008001327514648438
        ],
        "average": 0.0008091926574707031,
        "min": 0.0007791519165039062,
        "max": 0.0008819103240966797
    }
}