{
    "f06": {
        "class": "F06",
        "include_startup": false,
        "runs": [
            0.0011179447174072266,
            0.0008060932159423828,
            0.000804901123046875,
            0.0008020401000976562,
            0.0008020401000976562,
            0.0007939338684082031,
            0.0007901191711425781,
            0.000804901123046875,
            0.0008349418640136719,
            0.0008211135864257812
        ],
        "average": 0.0008378028869628906,
        "min": 0.0007901191711425781,
        "max": 0.0011179447174072266
    },
    "f06_startup": {
        "class": "F06",
        "include_startup": true,
        "runs": [
            0.002919912338256836,
            0.0009210109710693359,
            0.0009210109710693359,
            0.0008959770202636719,
            0.0008828639984130859,
            0.0008840560913085938,
            0.0008919239044189453,
            0.0008981227874755859,
            0.0008978843688964844,
            0.0009021759033203125
        ],
        "average": 0.0011014938354492188,
        "min": 0.0008828639984130859,
        "max": 0.002919912338256836
    },
    "fin06": {
        "class": "FIn06",
        "include_startup": false,
        "runs": [
            0.0011260509490966797,
            0.0008170604705810547,
            0.0008261203765869141,
            0.0018908977508544922,
            0.0012221336364746094,
            0.0012290477752685547,
            0.001238107681274414,
            0.0012629032135009766,
            0.0012359619140625,
            0.001232147216796875
        ],
        "average": 0.001208043098449707,
        "min": 0.0008170604705810547,
        "max": 0.0018908977508544922
    },
    "fin06_startup": {
        "class": "FIn06",
        "include_startup": true,
        "runs": [
            0.0029320716857910156,
            0.0009009838104248047,
            0.00090789794921875,
            0.0009129047393798828,
            0.0008909702301025391,
            0.0008800029754638672,
            0.0008699893951416016,
            0.0008780956268310547,
            0.0008721351623535156,
            0.0009157657623291016
        ],
        "average": 0.0010960817337036133,
        "min": 0.0008699893951416016,
        "max": 0.0029320716857910156
    },
    "p16": {
        "class": "P16",
        "include_startup": false,
        "runs": [
            0.0011560916900634766,
            0.0008108615875244141,
            0.0008440017700195312,
            0.0008158683776855469,
            0.0008029937744140625,
            0.0008060932159423828,
            0.0008070468902587891,
            0.0008070468902587891,
            0.0008120536804199219,
            0.0007929801940917969
        ],
        "average": 0.0008455038070678711,
        "min": 0.0007929801940917969,
        "max": 0.0011560916900634766
    },
    "p16_startup": {
        "class": "P16",
        "include_startup": true,
        "runs": [
            0.0029151439666748047,
            0.0009241104125976562,
            0.0009069442749023438,
            0.0008940696716308594,
            0.0008859634399414062,
            0.0008962154388427734,
            0.0008950233459472656,
            0.0008940696716308594,
            0.0008890628814697266,
            0.0008928775787353516
        ],
        "average": 0.0010993480682373047,
        "min": 0.0008859634399414062,
        "max": 0.0029151439666748047
    },
    "pin16": {
        "class": "PIn16",
        "include_startup": false,
        "runs": [
            0.0012009143829345703,
            0.0008020401000976562,
            0.00080108642578125,
            0.0008151531219482422,
            0.0008080005645751953,
            0.0008139610290527344,
            0.0007750988006591797,
            0.0008060932159423828,
            0.0008149147033691406,
            0.0008180141448974609
        ],
        "average": 0.0008455276489257813,
        "min": 0.0007750988006591797,
        "max": 0.0012009143829345703
    },
    "pin16_startup": {
        "class": "PIn16",
        "include_startup": true,
        "runs": [
            0.0031270980834960938,
            0.0010251998901367188,
            0.0010559558868408203,
            0.0009949207305908203,
            0.0009670257568359375,
            0.0009598731994628906,
            0.0009779930114746094,
            0.0009748935699462891,
            0.0009701251983642578,
            0.0009620189666748047
        ],
        "average": 0.0012015104293823242,
        "min": 0.0009598731994628906,
        "max": 0.0031270980834960938
    },
    "z26": {
        "class": "Z26",
        "include_startup": false,
        "runs": [
            0.00098419189453125,
            0.0006771087646484375,
            0.0006740093231201172,
            0.0006530284881591797,
            0.0006558895111083984,
            0.0006690025329589844,
            0.0006859302520751953,
            0.0006680488586425781,
            0.0007109642028808594,
            0.0006761550903320312
        ],
        "average": 0.0007054328918457032,
        "min": 0.0006530284881591797,
        "max": 0.00098419189453125
    },
    "z26_startup": {
        "class": "Z26",
        "include_startup": true,
        "runs": [
            0.0032949447631835938,
            0.0010418891906738281,
            0.0009949207305908203,
            0.0009808540344238281,
            0.0009949207305908203,
            0.0009839534759521484,
            0.0010170936584472656,
            0.0010180473327636719,
            0.000993967056274414,
            0.0009779930114746094
        ],
        "average": 0.0012298583984375,
        "min": 0.0009779930114746094,
        "max": 0.0032949447631835938
    },
    "zin26": {
        "class": "ZIn26",
        "include_startup": false,
        "runs": [
            0.0012328624725341797,
            0.000804901123046875,
            0.0008199214935302734,
            0.0008208751678466797,
            0.0008230209350585938,
            0.0008208751678466797,
            0.0008161067962646484,
            0.00080108642578125,
            0.0008230209350585938,
            0.0008211135864257812
        ],
        "average": 0.0008583784103393555,
        "min": 0.00080108642578125,
        "max": 0.0012328624725341797
    },
    "zin26_startup": {
        "class": "ZIn26",
        "include_startup": true,
        "runs": [
            0.003053903579711914,
            0.0010209083557128906,
            0.0009770393371582031,
            0.0009679794311523438,
            0.0009679794311523438,
            0.001043081283569336,
            0.0010099411010742188,
            0.0009598731994628906,
            0.0009920597076416016,
            0.0009789466857910156
        ],
        "average": 0.0011971712112426758,
        "min": 0.0009598731994628906,
        "max": 0.003053903579711914
    }
}