{
    "f06": {
        "class": "F06",
        "include_startup": false,
        "runs": [
            0.0013699531555175781,
            0.0008249282836914062,
            0.0008120536804199219,
            0.0008101463317871094,
            0.0008029937744140625,
            0.000804901123046875,
            0.0007979869842529297,
            0.0008120536804199219,
            0.0008001327514648438,
            0.0007989406585693359
        ],
        "average": 0.0008634090423583985,
        "min": 0.0007979869842529297,
        "max": 0.0013699531555175781
    },
    "f06_startup": {
        "class": "F06",
        "include_startup": true,
        "runs": [
            0.0027289390563964844,
            0.0008478164672851562,
            0.0008378028869628906,
            0.0008499622344970703,
            0.0008440017700195312,
            0.0008311271667480469,
            0.0008249282836914062,
            0.0008320808410644531,
            0.0008299350738525391,
            0.0008308887481689453
        ],
        "average": 0.0010257482528686524,
        "min": 0.0008249282836914062,
        "max": 0.0027289390563964844
    },
    "fin06": {
        "class": "FIn06",
        "include_startup": false,
        "runs": [
            0.001535177230834961,
            0.0008540153503417969,
            0.0007739067077636719,
            0.0008361339569091797,
            0.000823974609375,
            0.0008342266082763672,
            0.0008008480072021484,
            0.0007710456848144531,
            0.0008499622344970703,
            0.0008339881896972656
        ],
        "average": 0.0008913278579711914,
        "min": 0.0007710456848144531,
        "max": 0.001535177230834961
    },
    "fin06_startup": {
        "class": "FIn06",
        "include_startup": true,
        "runs": [
            0.0028810501098632812,
            0.0008552074432373047,
            0.0008640289306640625,
            0.0008668899536132812,
            0.0008580684661865234,
            0.0008568763732910156,
            0.0008549690246582031,
            0.0008518695831298828,
            0.0008540153503417969,
            0.0008671283721923828
        ],
        "average": 0.0010610103607177734,
        "min": 0.0008518695831298828,
        "max": 0.0028810501098632812
    },
    "p16": {
        "class": "P16",
        "include_startup": false,
        "runs": [
            0.0013980865478515625,
            0.0007908344268798828,
            0.0007960796356201172,
            0.0007951259613037109,
            0.0008058547973632812,
            0.0007779598236083984,
            0.0007829666137695312,
            0.0007801055908203125,
            0.0007798671722412109,
            0.0007810592651367188
        ],
        "average": 0.0008487939834594726,
        "min": 0.0007779598236083984,
        "max": 0.0013980865478515625
    },
    "p16_startup": {
        "class": "P16",
        "include_startup": true,
        "runs": [
            0.0027971267700195312,
            0.0008568763732910156,
            0.0008561611175537109,
            0.0008668899536132812,
            0.0008599758148193359,
            0.0008859634399414062,
            0.000843048095703125,
            0.0008640289306640625,
            0.0008640289306640625,
            0.0008780956268310547
        ],
        "average": 0.0010572195053100586,
        "min": 0.000843048095703125,
        "max": 0.0027971267700195312
    },
    "pin16": {
        "class": "PIn16",
        "include_startup": false,
        "runs": [
            0.001725912094116211,
            0.0008039474487304688,
            0.0008189678192138672,
            0.0008089542388916016,
            0.0008170604705810547,
            0.0007958412170410156,
            0.0008141994476318359,
            0.000782012939453125,
            0.0008080005645751953,
            0.000823974609375
        ],
        "average": 0.0008998870849609375,
        "min": 0.000782012939453125,
        "max": 0.001725912094116211
    },
    "pin16_startup": {
        "class": "PIn16",
        "include_startup": true,
        "runs": [
            0.0029501914978027344,
            0.0009028911590576172,
            0.0009000301361083984,
            0.0008871555328369141,
            0.0009191036224365234,
            0.0009160041809082031,
            0.0008912086486816406,
            0.0009119510650634766,
            0.0009069442749023438,
            0.000888824462890625
        ],
        "average": 0.0011074304580688476,
        "min": 0.0008871555328369141,
        "max": 0.0029501914978027344
    },
    "z26": {
        "class": "Z26",
        "include_startup": false,
        "runs": [
            0.0012140274047851562,
            0.0006949901580810547,
            0.0006988048553466797,
            0.0006940364837646484,
            0.0006787776947021484,
            0.0006799697875976562,
            0.0006768703460693359,
            0.0006749629974365234,
            0.0006678104400634766,
            0.0006709098815917969
        ],
        "average": 0.0007351160049438477,
        "min": 0.0006678104400634766,
        "max": 0.0012140274047851562
    },
    "z26_startup": {
        "class": "Z26",
        "include_startup": true,
        "runs": [
            0.003287076950073242,
            0.0013000965118408203,
            0.0009660720825195312,
            0.0009469985961914062,
            0.0009601116180419922,
            0.0009679794311523438,
            0.0009500980377197266,
            0.0009601116180419922,
            0.0009648799896240234,
            0.0009660720825195312
        ],
        "average": 0.001226949691772461,
        "min": 0.0009469985961914062,
        "max": 0.003287076950073242
    },
    "zin26": {
        "class": "ZIn26",
        "include_startup": false,
        "runs": [
            0.0016150474548339844,
            0.0008380413055419922,
            0.0008208751678466797,
            0.0008170604705810547,
            0.0008180141448974609,
            0.0007960796356201172,
            0.0008199214935302734,
            0.0008189678192138672,
            0.0008170604705810547,
            0.0008039474487304688
        ],
        "average": 0.0008965015411376953,
        "min": 0.0007960796356201172,
        "max": 0.0016150474548339844
    },
    "zin26_startup": {
        "class": "ZIn26",
        "include_startup": true,
        "runs": [
            0.0030519962310791016,
            0.0009770393371582031,
            0.000997781753540039,
            0.0010030269622802734,
            0.0009870529174804688,
            0.0010008811950683594,
            0.0009870529174804688,
            0.0009868144989013672,
            0.0009860992431640625,
            0.0009951591491699219
        ],
        "average": 0.0011972904205322266,
        "min": 0.0009770393371582031,
        "max": 0.0030519962310791016
    }
}