{
    "f06": {
        "class": "F06",
        "include_startup": false,
        "runs": [
            0.0014340877532958984,
            0.0007841587066650391,
            0.0007770061492919922,
            0.0007779598236083984,
            0.0007698535919189453,
            0.0007450580596923828,
            0.0007739067077636719,
            0.0007789134979248047,
            0.0007760524749755859,
            0.0007760524749755859
        ],
        "average": 0.0008393049240112305,
        "min": 0.0007450580596923828,
        "max": 0.0014340877532958984
    },
    "f06_startup": {
        "class": "F06",
        "include_startup": true,
        "runs": [
            0.0028061866760253906,
            0.0008170604705810547,
            0.0008270740509033203,
            0.0008001327514648438,
            0.0008029937744140625,
            0.0008080005645751953,
            0.0007979869842529297,
            0.0008170604705810547,
            0.0008120536804199219,
            0.0008130073547363281
        ],
        "average": 0.00101015567779541,
        "min": 0.0007979869842529297,
        "max": 0.0028061866760253906
    },
    "fin06": {
        "class": "FIn06",
        "include_startup": false,
        "runs": [
            0.0011510848999023438,
            0.0006449222564697266,
            0.0005810260772705078,
            0.0006248950958251953,
            0.000614166259765625,
            0.0005848407745361328,
            0.0005860328674316406,
            0.0005791187286376953,
            0.0005910396575927734,
            0.0006160736083984375
        ],
        "average": 0.0006573200225830078,
        "min": 0.0005791187286376953,
        "max": 0.0011510848999023438
    },
    "fin06_startup": {
        "class": "FIn06",
        "include_startup": true,
        "runs": [
            0.004385948181152344,
            0.0012340545654296875,
            0.0012710094451904297,
            0.0012590885162353516,
            0.0012500286102294922,
            0.0012500286102294922,
            0.0012619495391845703,
            0.0012309551239013672,
            0.0012440681457519531,
            0.0012688636779785156
        ],
        "average": 0.0015655994415283204,
        "min": 0.0012309551239013672,
        "max": 0.004385948181152344
    },
    "p16": {
        "class": "P16",
        "include_startup": false,
        "runs": [
            0.001161813735961914,
            0.0006399154663085938,
            0.000614166259765625,
            0.0006251335144042969,
            0.0006389617919921875,
            0.0006220340728759766,
            0.0006041526794433594,
            0.0006210803985595703,
            0.0006158351898193359,
            0.0006289482116699219
        ],
        "average": 0.0006772041320800781,
        "min": 0.0006041526794433594,
        "max": 0.001161813735961914
    },
    "p16_startup": {
        "class": "P16",
        "include_startup": true,
        "runs": [
            0.0021429061889648438,
            0.0007069110870361328,
            0.0006771087646484375,
            0.0006630420684814453,
            0.0006601810455322266,
            0.0006728172302246094,
            0.0006649494171142578,
            0.0006589889526367188,
            0.0006549358367919922,
            0.0006530284881591797
        ],
        "average": 0.0008154869079589844,
        "min": 0.0006530284881591797,
        "max": 0.0021429061889648438
    },
    "pin16": {
        "class": "PIn16",
        "include_startup": false,
        "runs": [
            0.0023529529571533203,
            0.0011038780212402344,
            0.0011029243469238281,
            0.0011072158813476562,
            0.0010368824005126953,
            0.0011029243469238281,
            0.0011010169982910156,
            0.0010988712310791016,
            0.0011119842529296875,
            0.0011031627655029297
        ],
        "average": 0.0012221813201904296,
        "min": 0.0010368824005126953,
        "max": 0.0023529529571533203
    },
    "pin16_startup": {
        "class": "PIn16",
        "include_startup": true,
        "runs": [
            0.0029239654541015625,
            0.0008687973022460938,
            0.0008997917175292969,
            0.0009791851043701172,
            0.0009698867797851562,
            0.00092315673828125,
            0.0009520053863525391,
            0.0009210109710693359,
            0.0009291172027587891,
            0.0009369850158691406
        ],
        "average": 0.001130390167236328,
        "min": 0.0008687973022460938,
        "max": 0.0029239654541015625
    },
    "z26": {
        "class": "Z26",
        "include_startup": false,
        "runs": [
            0.001188039779663086,
            0.0005841255187988281,
            0.0005970001220703125,
            0.0005970001220703125,
            0.0005929470062255859,
            0.0006039142608642578,
            0.0005970001220703125,
            0.0006029605865478516,
            0.0006051063537597656,
            0.0005879402160644531
        ],
        "average": 0.0006556034088134766,
        "min": 0.0005841255187988281,
        "max": 0.001188039779663086
    },
    "z26_startup": {
        "class": "Z26",
        "include_startup": true,
        "runs": [
            0.0031480789184570312,
            0.001230001449584961,
            0.0011839866638183594,
            0.001210927963256836,
            0.001293182373046875,
            0.0012450218200683594,
            0.001277923583984375,
            0.0010449886322021484,
            0.0008461475372314453,
            0.0008609294891357422
        ],
        "average": 0.0013341188430786132,
        "min": 0.0008461475372314453,
        "max": 0.0031480789184570312
    },
    "zin26": {
        "class": "ZIn26",
        "include_startup": false,
        "runs": [
            0.0015838146209716797,
            0.0007879734039306641,
            0.000762939453125,
            0.0007939338684082031,
            0.0007879734039306641,
            0.0008039474487304688,
            0.0008089542388916016,
            0.0007688999176025391,
            0.0007488727569580078,
            0.0007688999176025391
        ],
        "average": 0.0008616209030151367,
        "min": 0.0007488727569580078,
        "max": 0.0015838146209716797
    },
    "zin26_startup": {
        "class": "ZIn26",
        "include_startup": true,
        "runs": [
            0.0029001235961914062,
            0.0009598731994628906,
            0.0009551048278808594,
            0.0009329319000244141,
            0.000949859619140625,
            0.0009539127349853516,
            0.0009641647338867188,
            0.0009598731994628906,
            0.0009660720825195312,
            0.0009617805480957031
        ],
        "average": 0.001150369644165039,
        "min": 0.0009329319000244141,
        "max": 0.0029001235961914062
    }
}