{
    "f06": {
        "class": "F06",
        "include_startup": false,
        "runs": [
            0.0014150142669677734,
            0.0007669925689697266,
            0.0007510185241699219,
            0.0007469654083251953,
            0.0007491111755371094,
            0.0007560253143310547,
            0.0007588863372802734,
            0.0007710456848144531,
            0.0007569789886474609,
            0.0007560253143310547
        ],
        "average": 0.0008228063583374023,
        "min": 0.0007469654083251953,
        "max": 0.0014150142669677734
    },
    "f06_startup": {
        "class": "F06",
        "include_startup": true,
        "runs": [
            0.0028181076049804688,
            0.0008480548858642578,
            0.0008320808410644531,
            0.0008487701416015625,
            0.0008051395416259766,
            0.0008509159088134766,
            0.0008389949798583984,
            0.0008449554443359375,
            0.0008349418640136719,
            0.0008189678192138672
        ],
        "average": 0.001034092903137207,
        "min": 0.0008051395416259766,
        "max": 0.0028181076049804688
    },
    "fin06": {
        "class": "FIn06",
        "include_startup": false,
        "runs": [
            0.0014309883117675781,
            0.0007750988006591797,
            0.0007789134979248047,
            0.0008091926574707031,
            0.0007679462432861328,
            0.0007829666137695312,
            0.0007710456848144531,
            0.0007710456848144531,
            0.0007760524749755859,
            0.0007839202880859375
        ],
        "average": 0.0008447170257568359,
        "min": 0.0007679462432861328,
        "max": 0.0014309883117675781
    },
    "fin06_startup": {
        "class": "FIn06",
        "include_startup": true,
        "runs": [
            0.002238035202026367,
            0.0006899833679199219,
            0.0006630420684814453,
            0.0006458759307861328,
            0.000659942626953125,
            0.0006530284881591797,
            0.0006468296051025391,
            0.0006570816040039062,
            0.0006589889526367188,
            0.0006551742553710938
        ],
        "average": 0.000816798210144043,
        "min": 0.0006458759307861328,
        "max": 0.002238035202026367
    },
    "p16": {
        "class": "P16",
        "include_startup": false,
        "runs": [
            0.0015170574188232422,
            0.0007939338684082031,
            0.0008161067962646484,
            0.0008099079132080078,
            0.0007979869842529297,
            0.000804901123046875,
            0.0007979869842529297,
            0.0008180141448974609,
            0.0008018016815185547,
            0.0008051395416259766
        ],
        "average": 0.0008762836456298828,
        "min": 0.0007939338684082031,
        "max": 0.0015170574188232422
    },
    "p16_startup": {
        "class": "P16",
        "include_startup": true,
        "runs": [
            0.0028939247131347656,
            0.0008490085601806641,
            0.0008389949798583984,
            0.0008499622344970703,
            0.0008370876312255859,
            0.0008628368377685547,
            0.000843048095703125,
            0.0008401870727539062,
            0.0008499622344970703,
            0.0008349418640136719
        ],
        "average": 0.0010499954223632812,
        "min": 0.0008349418640136719,
        "max": 0.0028939247131347656
    },
    "pin16": {
        "class": "PIn16",
        "include_startup": false,
        "runs": [
            0.0015342235565185547,
            0.0007750988006591797,
            0.0007719993591308594,
            0.000782012939453125,
            0.0007970333099365234,
            0.0007860660552978516,
            0.0007679462432861328,
            0.0007481575012207031,
            0.0007569789886474609,
            0.0007431507110595703
        ],
        "average": 0.0008462667465209961,
        "min": 0.0007431507110595703,
        "max": 0.0015342235565185547
    },
    "pin16_startup": {
        "class": "PIn16",
        "include_startup": true,
        "runs": [
            0.002917051315307617,
            0.0008502006530761719,
            0.0008630752563476562,
            0.0009248256683349609,
            0.0008628368377685547,
            0.0008637905120849609,
            0.0008559226989746094,
            0.0008599758148193359,
            0.0008540153503417969,
            0.0008511543273925781
        ],
        "average": 0.0010702848434448243,
        "min": 0.0008502006530761719,
        "max": 0.002917051315307617
    },
    "z26": {
        "class": "Z26",
        "include_startup": false,
        "runs": [
            0.002371072769165039,
            0.0011029243469238281,
            0.0010998249053955078,
            0.0010938644409179688,
            0.00109100341796875,
            0.0010960102081298828,
            0.0011098384857177734,
            0.0011379718780517578,
            0.0011119842529296875,
            0.0011250972747802734
        ],
        "average": 0.001233959197998047,
        "min": 0.00109100341796875,
        "max": 0.002371072769165039
    },
    "z26_startup": {
        "class": "Z26",
        "include_startup": true,
        "runs": [
            0.002996206283569336,
            0.0010771751403808594,
            0.0009200572967529297,
            0.000946044921875,
            0.0009500980377197266,
            0.0009469985961914062,
            0.0009520053863525391,
            0.0009150505065917969,
            0.0009479522705078125,
            0.0009348392486572266
        ],
        "average": 0.0011586427688598632,
        "min": 0.0009150505065917969,
        "max": 0.002996206283569336
    },
    "zin26": {
        "class": "ZIn26",
        "include_startup": false,
        "runs": [
            0.0015270709991455078,
            0.0007538795471191406,
            0.0007510185241699219,
            0.0007328987121582031,
            0.0007679462432861328,
            0.0007607936859130859,
            0.0007569789886474609,
            0.0007441043853759766,
            0.0007450580596923828,
            0.000759124755859375
        ],
        "average": 0.0008298873901367188,
        "min": 0.0007328987121582031,
        "max": 0.0015270709991455078
    },
    "zin26_startup": {
        "class": "ZIn26",
        "include_startup": true,
        "runs": [
            0.002221822738647461,
            0.0007679462432861328,
            0.0007271766662597656,
            0.0007441043853759766,
            0.0007319450378417969,
            0.0007448196411132812,
            0.0007309913635253906,
            0.0007379055023193359,
            0.0007650852203369141,
            0.0007460117340087891
        ],
        "average": 0.0008917808532714844,
        "min": 0.0007271766662597656,
        "max": 0.002221822738647461
    }
}