{
    "f06": {
        "class": "F06",
        "include_startup": false,
        "runs": [
            0.0017981529235839844,
            0.0016100406646728516,
            0.0016109943389892578,
            0.001600027084350586,
            0.0016040802001953125,
            0.001940011978149414,
            0.0018758773803710938,
            0.0018188953399658203,
            0.001605987548828125,
            0.0015559196472167969
        ],
        "average": 0.0017019987106323242,
        "min": 0.0015559196472167969,
        "max": 0.001940011978149414
    },
    "f06_startup": {
        "class": "F06",
        "include_startup": true,
        "runs": [
            0.003139972686767578,
            0.0017430782318115234,
            0.0017209053039550781,
            0.0018999576568603516,
            0.0017781257629394531,
            0.003125905990600586,
            0.0017399787902832031,
            0.0017170906066894531,
            0.0017099380493164062,
            0.001744985580444336
        ],
        "average": 0.0020319938659667967,
        "min": 0.0017099380493164062,
        "max": 0.003139972686767578
    },
    "fin06": {
        "class": "FIn06",
        "include_startup": false,
        "runs": [
            0.0017931461334228516,
            0.0016238689422607422,
            0.0016171932220458984,
            0.001611948013305664,
            0.0015749931335449219,
            0.0030739307403564453,
            0.0027799606323242188,
            0.001744985580444336,
            0.0015149116516113281,
            0.001522064208984375
        ],
        "average": 0.001885700225830078,
        "min": 0.0015149116516113281,
        "max": 0.0030739307403564453
    },
    "fin06_startup": {
        "class": "FIn06",
        "include_startup": true,
        "runs": [
            0.0030829906463623047,
            0.0016980171203613281,
            0.0016818046569824219,
            0.0017058849334716797,
            0.0017070770263671875,
            0.005246162414550781,
            0.0029730796813964844,
            0.002974987030029297,
            0.002947092056274414,
            0.002936840057373047
        ],
        "average": 0.0026953935623168944,
        "min": 0.0016818046569824219,
        "max": 0.005246162414550781
    },
    "p16": {
        "class": "P16",
        "include_startup": false,
        "runs": [
            0.005278825759887695,
            0.005688905715942383,
            0.005264997482299805,
            0.005387067794799805,
            0.005423069000244141,
            0.005238056182861328,
            0.0052700042724609375,
            0.005362987518310547,
            0.010280847549438477,
            0.010329008102416992
        ],
        "average": 0.006352376937866211,
        "min": 0.005238056182861328,
        "max": 0.010329008102416992
    },
    "p16_startup": {
        "class": "P16",
        "include_startup": true,
        "runs": [
            0.0066680908203125,
            0.0065708160400390625,
            0.006814002990722656,
            0.006857872009277344,
            0.006709098815917969,
            0.006692171096801758,
            0.006675004959106445,
            0.006827116012573242,
            0.006619930267333984,
            0.005711078643798828
        ],
        "average": 0.006614518165588379,
        "min": 0.005711078643798828,
        "max": 0.006857872009277344
    },
    "pin16": {
        "class": "PIn16",
        "include_startup": false,
        "runs": [
            0.0018270015716552734,
            0.0018198490142822266,
            0.0018448829650878906,
            0.002044200897216797,
            0.003292083740234375,
            0.0033180713653564453,
            0.0018310546875,
            0.001806020736694336,
            0.0018279552459716797,
            0.0018281936645507812
        ],
        "average": 0.0021439313888549803,
        "min": 0.001806020736694336,
        "max": 0.0033180713653564453
    },
    "pin16_startup": {
        "class": "PIn16",
        "include_startup": true,
        "runs": [
            0.0031549930572509766,
            0.003316164016723633,
            0.004048824310302734,
            0.0032320022583007812,
            0.003165006637573242,
            0.0031440258026123047,
            0.0055010318756103516,
            0.003180980682373047,
            0.003177165985107422,
            0.0032339096069335938
        ],
        "average": 0.0035154104232788088,
        "min": 0.0031440258026123047,
        "max": 0.0055010318756103516
    }
}