{
    "f06": {
        "class": "F06",
        "include_startup": false,
        "runs": [
            0.4049410820007324,
            0.4068410396575928,
            0.4122629165649414,
            0.40961408615112305,
            0.4027547836303711,
            0.40085601806640625,
            0.3997530937194824,
            0.40866899490356445,
            0.4134688377380371,
            0.39989209175109863
        ],
        "average": 0.40590529441833495,
        "min": 0.3997530937194824,
        "max": 0.4134688377380371
    },
    "f06_startup": {
        "class": "F06",
        "include_startup": true,
        "runs": [
            0.40712499618530273,
            0.40104103088378906,
            0.42778491973876953,
            0.4361591339111328,
            0.41853785514831543,
            0.4193689823150635,
            0.41282105445861816,
            0.4033679962158203,
            0.4114949703216553,
            0.4040050506591797
        ],
        "average": 0.4141705989837646,
        "min": 0.40104103088378906,
        "max": 0.4361591339111328
    }
}