{
    "f06": {
        "class": "F06",
        "include_startup": false,
        "runs": [
            0.0008230209350585938,
            0.000827789306640625,
            0.0007879734039306641,
            0.0007998943328857422,
            0.0008060932159423828,
            0.0008230209350585938,
            0.0008151531219482422,
            0.0008089542388916016,
            0.0008041858673095703,
            0.0008051395416259766
        ],
        "average": 0.0008101224899291992,
        "min": 0.0007879734039306641,
        "max": 0.000827789306640625
    },
    "f06_startup": {
        "class": "F06",
        "include_startup": true,
        "runs": [
            0.0020890235900878906,
            0.00179290771484375,
            0.0017499923706054688,
            0.001711130142211914,
            0.0017440319061279297,
            0.002145051956176758,
            0.001809835433959961,
            0.0018019676208496094,
            0.0018050670623779297,
            0.0017888545989990234
        ],
        "average": 0.0018437862396240234,
        "min": 0.001711130142211914,
        "max": 0.002145051956176758
    },
    "fin06": {
        "class": "FIn06",
        "include_startup": false,
        "runs": [
            0.000820159912109375,
            0.0007569789886474609,
            0.0007688999176025391,
            0.001313924789428711,
            0.0011780261993408203,
            0.0008158683776855469,
            0.000820159912109375,
            0.0008111000061035156,
            0.0007951259613037109,
            0.0008099079132080078
        ],
        "average": 0.0008890151977539063,
        "min": 0.0007569789886474609,
        "max": 0.001313924789428711
    },
    "fin06_startup": {
        "class": "FIn06",
        "include_startup": true,
        "runs": [
            0.002168893814086914,
            0.0017809867858886719,
            0.0017919540405273438,
            0.0017921924591064453,
            0.0018050670623779297,
            0.0021860599517822266,
            0.0018229484558105469,
            0.0018041133880615234,
            0.0018150806427001953,
            0.0018200874328613281
        ],
        "average": 0.0018787384033203125,
        "min": 0.0017809867858886719,
        "max": 0.0021860599517822266
    },
    "p16": {
        "class": "P16",
        "include_startup": false,
        "runs": [
            0.0009150505065917969,
            0.00086212158203125,
            0.0008389949798583984,
            0.0008490085601806641,
            0.00150299072265625,
            0.0008599758148193359,
            0.0008509159088134766,
            0.0008649826049804688,
            0.0008540153503417969,
            0.0008461475372314453
        ],
        "average": 0.0009244203567504883,
        "min": 0.0008389949798583984,
        "max": 0.00150299072265625
    },
    "p16_startup": {
        "class": "P16",
        "include_startup": true,
        "runs": [
            0.0021429061889648438,
            0.002192974090576172,
            0.0021958351135253906,
            0.0021429061889648438,
            0.0021920204162597656,
            0.0021851062774658203,
            0.002137899398803711,
            0.002315998077392578,
            0.002232074737548828,
            0.0021560192108154297
        ],
        "average": 0.002189373970031738,
        "min": 0.002137899398803711,
        "max": 0.002315998077392578
    },
    "pin16": {
        "class": "PIn16",
        "include_startup": false,
        "runs": [
            0.0008809566497802734,
            0.001497030258178711,
            0.0008471012115478516,
            0.0008270740509033203,
            0.0008389949798583984,
            0.0008649826049804688,
            0.0010161399841308594,
            0.0008471012115478516,
            0.0008389949798583984,
            0.0008449554443359375
        ],
        "average": 0.000930333137512207,
        "min": 0.0008270740509033203,
        "max": 0.001497030258178711
    },
    "pin16_startup": {
        "class": "PIn16",
        "include_startup": true,
        "runs": [
            0.002154827117919922,
            0.002643108367919922,
            0.0021910667419433594,
            0.002201080322265625,
            0.0021800994873046875,
            0.0023238658905029297,
            0.002084970474243164,
            0.002257108688354492,
            0.0021638870239257812,
            0.003823995590209961
        ],
        "average": 0.0024024009704589843,
        "min": 0.002084970474243164,
        "max": 0.003823995590209961
    }
}