{
    "f06": {
        "class": "F06",
        "include_startup": false,
        "runs": [
            0.06989812850952148,
            0.08727407455444336,
            0.07041811943054199,
            0.07049083709716797,
            0.0704960823059082,
            0.07602310180664062,
            0.07816815376281738,
            0.07204580307006836,
            0.08931207656860352,
            0.08549189567565918
        ],
        "average": 0.0769618272781372,
        "min": 0.06989812850952148,
        "max": 0.08931207656860352
    },
    "f06_startup": {
        "class": "F06",
        "include_startup": true,
        "runs": [
            0.07081413269042969,
            0.07079505920410156,
            0.07080483436584473,
            0.07097506523132324,
            0.07049107551574707,
            0.07094192504882812,
            0.07108092308044434,
            0.07311081886291504,
            0.07120895385742188,
            0.07125997543334961
        ],
        "average": 0.07114827632904053,
        "min": 0.07049107551574707,
        "max": 0.07311081886291504
    },
    "p16": {
        "class": "P16",
        "include_startup": false,
        "runs": [
            10.108885049819946,
            10.052356958389282,
            10.066840887069702,
            10.263149976730347,
            10.072256088256836,
            10.165282011032104,
            10.072359085083008,
            10.178067207336426,
            10.043968915939331,
            10.161725044250488
        ],
        "average": 10.118489122390747,
        "min": 10.043968915939331,
        "max": 10.263149976730347
    },
    "p16_startup": {
        "class": "P16",
        "include_startup": true,
        "runs": [
            10.07512903213501,
            10.249408960342407,
            10.08914589881897,
            10.099902868270874,
            10.209205865859985,
            10.177783012390137,
            10.052937030792236,
            10.137695074081421,
            10.052620887756348,
            10.117074012756348
        ],
        "average": 10.126090264320373,
        "min": 10.052620887756348,
        "max": 10.249408960342407
    }
}