{
    "f06": {
        "class": "F06",
        "include_startup": false,
        "runs": [
            0.0008449554443359375,
            0.0007688999176025391,
            0.0007579326629638672,
            0.0007500648498535156,
            0.0007641315460205078,
            0.0007669925689697266,
            0.0007450580596923828,
            0.0007638931274414062,
            0.0007889270782470703,
            0.0007791519165039062
        ],
        "average": 0.0007730007171630859,
        "min": 0.0007450580596923828,
        "max": 0.0008449554443359375
    },
    "f06_startup": {
        "class": "F06",
        "include_startup": true,
        "runs": [
            0.002293825149536133,
            0.001088857650756836,
            0.0009968280792236328,
            0.0009751319885253906,
            0.0009818077087402344,
            0.0009758472442626953,
            0.0009710788726806641,
            0.0009701251983642578,
            0.0009748935699462891,
            0.0009350776672363281
        ],
        "average": 0.0011163473129272461,
        "min": 0.0009350776672363281,
        "max": 0.002293825149536133
    },
    "p16": {
        "class": "P16",
        "include_startup": false,
        "runs": [
            0.0008919239044189453,
            0.00078582763671875,
            0.0011718273162841797,
            0.0012199878692626953,
            0.0012409687042236328,
            0.0009698867797851562,
            0.0009710788726806641,
            0.0007791519165039062,
            0.0007607936859130859,
            0.0007610321044921875
        ],
        "average": 0.0009552478790283203,
        "min": 0.0007607936859130859,
        "max": 0.0012409687042236328
    },
    "p16_startup": {
        "class": "P16",
        "include_startup": true,
        "runs": [
            0.002000093460083008,
            0.0009059906005859375,
            0.0008959770202636719,
            0.0008938312530517578,
            0.0008678436279296875,
            0.0008909702301025391,
            0.0008990764617919922,
            0.0008611679077148438,
            0.0008780956268310547,
            0.0008988380432128906
        ],
        "average": 0.0009991884231567382,
        "min": 0.0008611679077148438,
        "max": 0.002000093460083008
    },
    "z26": {
        "class": "Z26",
        "include_startup": false,
        "runs": [
            0.0009739398956298828,
            0.0008068084716796875,
            0.0007998943328857422,
            0.0007939338684082031,
            0.0007748603820800781,
            0.0007841587066650391,
            0.0007920265197753906,
            0.0007970333099365234,
            0.0007951259613037109,
            0.0007779598236083984
        ],
        "average": 0.0008095741271972656,
        "min": 0.0007748603820800781,
        "max": 0.0009739398956298828
    },
    "z26_startup": {
        "class": "Z26",
        "include_startup": true,
        "runs": [
            0.003607034683227539,
            0.0015399456024169922,
            0.001547098159790039,
            0.0015299320220947266,
            0.0014979839324951172,
            0.0015501976013183594,
            0.0015590190887451172,
            0.0015599727630615234,
            0.0015439987182617188,
            0.0015649795532226562
        ],
        "average": 0.001750016212463379,
        "min": 0.0014979839324951172,
        "max": 0.003607034683227539
    }
}