{
    "f06": {
        "class": "F06",
        "include_startup": false,
        "runs": [
            0.6277251243591309,
            0.6253299713134766,
            0.628464937210083,
            0.6281781196594238,
            0.6288490295410156,
            0.6439762115478516,
            0.6374220848083496,
            0.635775089263916,
            0.6516687870025635,
            0.6378848552703857
        ],
        "average": 0.6345274209976196,
        "min": 0.6253299713134766,
        "max": 0.6516687870025635
    },
    "f06_startup": {
        "class": "F06",
        "include_startup": true,
        "runs": [
            0.6299991607666016,
            0.631126880645752,
            0.6307830810546875,
            0.6323580741882324,
            0.6296977996826172,
            0.6251189708709717,
            0.6252820491790771,
            0.6294281482696533,
            0.628899097442627,
            0.6295959949493408
        ],
        "average": 0.629228925704956,
        "min": 0.6251189708709717,
        "max": 0.6323580741882324
    },
    "p16": {
        "class": "P16",
        "include_startup": false,
        "runs": [
            88.52776408195496,
            88.22135806083679,
            88.7250440120697,
            89.64184093475342,
            88.34370994567871,
            88.28151416778564,
            88.68001103401184,
            89.00631594657898,
            88.52965784072876,
            87.41986989974976
        ],
        "average": 88.53770859241486,
        "min": 87.41986989974976,
        "max": 89.64184093475342
    },
    "p16_startup": {
        "class": "P16",
        "include_startup": true,
        "runs": [
            89.05977892875671,
            88.34537601470947,
            88.783695936203,
            88.91874814033508,
            89.526780128479,
            88.56349492073059,
            88.23901605606079,
            88.29008603096008,
            88.1682140827179,
            88.78253602981567
        ],
        "average": 88.66777262687683,
        "min": 88.1682140827179,
        "max": 89.526780128479
    }
}