{
    "f06": {
        "class": "F06",
        "include_startup": false,
        "runs": [
            0.40544605255126953,
            0.40313196182250977,
            0.4090559482574463,
            0.40531110763549805,
            0.4017820358276367,
            0.4054567813873291,
            0.40314388275146484,
            0.4147930145263672,
            0.43120598793029785,
            0.4025568962097168
        ],
        "average": 0.40818836688995364,
        "min": 0.4017820358276367,
        "max": 0.43120598793029785
    },
    "f06_startup": {
        "class": "F06",
        "include_startup": true,
        "runs": [
            0.4058530330657959,
            0.4101409912109375,
            0.3978230953216553,
            0.40254712104797363,
            0.4074218273162842,
            0.4275381565093994,
            0.4006679058074951,
            0.40860486030578613,
            0.40427303314208984,
            0.4054229259490967
        ],
        "average": 0.4070292949676514,
        "min": 0.3978230953216553,
        "max": 0.4275381565093994
    },
    "fin06": {
        "class": "FIn06",
        "include_startup": false,
        "runs": [
            0.3778848648071289,
            0.3228909969329834,
            0.37436890602111816,
            0.3800981044769287,
            0.380748987197876,
            0.3786649703979492,
            0.3809781074523926,
            0.3823878765106201,
            0.3789050579071045,
            0.38019490242004395
        ],
        "average": 0.37371227741241453,
        "min": 0.3228909969329834,
        "max": 0.3823878765106201
    },
    "fin06_startup": {
        "class": "FIn06",
        "include_startup": true,
        "runs": [
            0.37679195404052734,
            0.39145898818969727,
            0.38265514373779297,
            0.3794410228729248,
            0.3837001323699951,
            0.38669490814208984,
            0.3842320442199707,
            0.38232994079589844,
            0.3840210437774658,
            0.39207911491394043
        ],
        "average": 0.3843404293060303,
        "min": 0.37679195404052734,
        "max": 0.39207911491394043
    }
}