{
    "f06": {
        "class": "F06",
        "include_startup": false,
        "runs": [
            0.006705045700073242,
            0.006319999694824219,
            0.0062541961669921875,
            0.0063588619232177734,
            0.006296873092651367,
            0.003589153289794922,
            0.0033159255981445312,
            0.003309011459350586,
            0.003386974334716797,
            0.0034008026123046875
        ],
        "average": 0.004893684387207031,
        "min": 0.003309011459350586,
        "max": 0.006705045700073242
    },
    "f06_startup": {
        "class": "F06",
        "include_startup": true,
        "runs": [
            0.0047299861907958984,
            0.0035560131072998047,
            0.003612041473388672,
            0.003509998321533203,
            0.003515958786010742,
            0.0045850276947021484,
            0.0033588409423828125,
            0.0034291744232177734,
            0.0034079551696777344,
            0.0033540725708007812
        ],
        "average": 0.003705906867980957,
        "min": 0.0033540725708007812,
        "max": 0.0047299861907958984
    },
    "p16": {
        "class": "P16",
        "include_startup": false,
        "runs": [
            0.003715991973876953,
            0.003638029098510742,
            0.00362396240234375,
            0.003654003143310547,
            0.0036580562591552734,
            0.003737926483154297,
            0.003690958023071289,
            0.003712177276611328,
            0.004071950912475586,
            0.003671884536743164
        ],
        "average": 0.003717494010925293,
        "min": 0.00362396240234375,
        "max": 0.004071950912475586
    },
    "p16_startup": {
        "class": "P16",
        "include_startup": true,
        "runs": [
            0.008051156997680664,
            0.004681825637817383,
            0.004836082458496094,
            0.00471806526184082,
            0.004742145538330078,
            0.0046041011810302734,
            0.004816770553588867,
            0.00463104248046875,
            0.004817008972167969,
            0.004770994186401367
        ],
        "average": 0.005066919326782227,
        "min": 0.0046041011810302734,
        "max": 0.008051156997680664
    }
}