{
    "f06": {
        "class": "F06",
        "include_startup": false,
        "runs": [
            0.648730993270874,
            0.6435379981994629,
            0.6491060256958008,
            0.6523511409759521,
            0.6483218669891357,
            0.6474487781524658,
            0.6481359004974365,
            0.6635439395904541,
            0.6445519924163818,
            0.6542489528656006
        ],
        "average": 0.6499977588653565,
        "min": 0.6435379981994629,
        "max": 0.6635439395904541
    },
    "f06_startup": {
        "class": "F06",
        "include_startup": true,
        "runs": [
            0.6671380996704102,
            0.6488668918609619,
            0.6691880226135254,
            0.6543788909912109,
            0.6533908843994141,
            0.6584680080413818,
            0.6554310321807861,
            0.6737768650054932,
            0.6624400615692139,
            0.6640059947967529
        ],
        "average": 0.6607084751129151,
        "min": 0.6488668918609619,
        "max": 0.6737768650054932
    }
}