{
    "f06": {
        "class": "F06",
        "include_startup": false,
        "runs": [
            0.842616081237793,
            0.8224890232086182,
            0.8296201229095459,
            0.8462529182434082,
            0.8288178443908691,
            0.8422129154205322,
            0.8348870277404785,
            0.8518118858337402,
            0.8429088592529297,
            0.8398399353027344
        ],
        "average": 0.838145661354065,
        "min": 0.8224890232086182,
        "max": 0.8518118858337402
    },
    "f06_startup": {
        "class": "F06",
        "include_startup": true,
        "runs": [
            0.8588430881500244,
            0.8452560901641846,
            0.8397150039672852,
            0.8525991439819336,
            0.8406331539154053,
            0.839993953704834,
            0.8354060649871826,
            0.8320379257202148,
            0.8310549259185791,
            0.7073259353637695
        ],
        "average": 0.8282865285873413,
        "min": 0.7073259353637695,
        "max": 0.8588430881500244
    },
    "fin06": {
        "class": "FIn06",
        "include_startup": false,
        "runs": [
            4.22362494468689,
            4.129739999771118,
            4.142470121383667,
            4.1596410274505615,
            4.168885231018066,
            4.096206903457642,
            4.177735090255737,
            4.218286037445068,
            4.144948959350586,
            4.115524053573608
        ],
        "average": 4.157706236839294,
        "min": 4.096206903457642,
        "max": 4.22362494468689
    },
    "fin06_startup": {
        "class": "FIn06",
        "include_startup": true,
        "runs": [
            4.12453293800354,
            4.088329076766968,
            4.1033971309661865,
            4.160192012786865,
            4.140526056289673,
            4.140233993530273,
            4.147327184677124,
            4.145437002182007,
            4.144752025604248,
            4.197952032089233
        ],
        "average": 4.139267945289612,
        "min": 4.088329076766968,
        "max": 4.197952032089233
    }
}