{
    "f06": {
        "class": "F06",
        "include_startup": false,
        "runs": [
            0.003947019577026367,
            0.0035009384155273438,
            0.003515005111694336,
            0.0035140514373779297,
            0.003526926040649414,
            0.00351715087890625,
            0.0035288333892822266,
            0.003522157669067383,
            0.0035238265991210938,
            0.0034990310668945312
        ],
        "average": 0.0035594940185546876,
        "min": 0.0034990310668945312,
        "max": 0.003947019577026367
    },
    "f06_startup": {
        "class": "F06",
        "include_startup": true,
        "runs": [
            0.003980875015258789,
            0.0038640499114990234,
            0.0034949779510498047,
            0.003392934799194336,
            0.0034570693969726562,
            0.0034530162811279297,
            0.003451108932495117,
            0.00350189208984375,
            0.003509998321533203,
            0.0034971237182617188
        ],
        "average": 0.003560304641723633,
        "min": 0.003392934799194336,
        "max": 0.003980875015258789
    },
    "fin06": {
        "class": "FIn06",
        "include_startup": false,
        "runs": [
            0.004146099090576172,
            0.003756999969482422,
            0.003765106201171875,
            0.0037810802459716797,
            0.0037720203399658203,
            0.0038018226623535156,
            0.003844022750854492,
            0.004351139068603516,
            0.005197048187255859,
            0.003785848617553711
        ],
        "average": 0.004020118713378906,
        "min": 0.003756999969482422,
        "max": 0.005197048187255859
    },
    "fin06_startup": {
        "class": "FIn06",
        "include_startup": true,
        "runs": [
            0.0042269229888916016,
            0.003873109817504883,
            0.0038580894470214844,
            0.0038280487060546875,
            0.003831148147583008,
            0.0038909912109375,
            0.003871917724609375,
            0.0038840770721435547,
            0.0038650035858154297,
            0.0038640499114990234
        ],
        "average": 0.0038993358612060547,
        "min": 0.0038280487060546875,
        "max": 0.0042269229888916016
    },
    "p16": {
        "class": "P16",
        "include_startup": false,
        "runs": [
            0.003921985626220703,
            0.0034799575805664062,
            0.003464937210083008,
            0.003568887710571289,
            0.003482818603515625,
            0.0034949779510498047,
            0.0034580230712890625,
            0.003459930419921875,
            0.003450155258178711,
            0.0034589767456054688
        ],
        "average": 0.0035240650177001953,
        "min": 0.003450155258178711,
        "max": 0.003921985626220703
    },
    "p16_startup": {
        "class": "P16",
        "include_startup": true,
        "runs": [
            0.003936052322387695,
            0.0036170482635498047,
            0.0036928653717041016,
            0.0035400390625,
            0.0035581588745117188,
            0.003551006317138672,
            0.003576993942260742,
            0.003799915313720703,
            0.0035750865936279297,
            0.0036559104919433594
        ],
        "average": 0.0036503076553344727,
        "min": 0.0035400390625,
        "max": 0.003936052322387695
    },
    "pin16": {
        "class": "PIn16",
        "include_startup": false,
        "runs": [
            0.0041730403900146484,
            0.003801107406616211,
            0.003859996795654297,
            0.0038270950317382812,
            0.003838062286376953,
            0.0038280487060546875,
            0.0037899017333984375,
            0.003799915313720703,
            0.003760099411010742,
            0.0037698745727539062
        ],
        "average": 0.0038447141647338866,
        "min": 0.003760099411010742,
        "max": 0.0041730403900146484
    },
    "pin16_startup": {
        "class": "PIn16",
        "include_startup": true,
        "runs": [
            0.004353046417236328,
            0.0038928985595703125,
            0.0038728713989257812,
            0.003936052322387695,
            0.003885030746459961,
            0.003898143768310547,
            0.005077838897705078,
            0.005014896392822266,
            0.003911018371582031,
            0.003879070281982422
        ],
        "average": 0.004172086715698242,
        "min": 0.0038728713989257812,
        "max": 0.005077838897705078
    },
    "z26": {
        "class": "Z26",
        "include_startup": false,
        "runs": [
            0.0035490989685058594,
            0.0031020641326904297,
            0.003084897994995117,
            0.0030679702758789062,
            0.003072023391723633,
            0.0030782222747802734,
            0.0030770301818847656,
            0.0031058788299560547,
            0.0030951499938964844,
            0.0031249523162841797
        ],
        "average": 0.0031357288360595705,
        "min": 0.0030679702758789062,
        "max": 0.0035490989685058594
    },
    "z26_startup": {
        "class": "Z26",
        "include_startup": true,
        "runs": [
            0.004060983657836914,
            0.0035719871520996094,
            0.0035750865936279297,
            0.0035848617553710938,
            0.0035619735717773438,
            0.003610849380493164,
            0.003576040267944336,
            0.0035619735717773438,
            0.0035698413848876953,
            0.0035669803619384766
        ],
        "average": 0.0036240577697753905,
        "min": 0.0035619735717773438,
        "max": 0.004060983657836914
    },
    "zin26": {
        "class": "ZIn26",
        "include_startup": false,
        "runs": [
            0.0042188167572021484,
            0.003860950469970703,
            0.0037889480590820312,
            0.0037801265716552734,
            0.0037419795989990234,
            0.0057220458984375,
            0.0038118362426757812,
            0.003793954849243164,
            0.0037789344787597656,
            0.003862142562866211
        ],
        "average": 0.00403597354888916,
        "min": 0.0037419795989990234,
        "max": 0.0057220458984375
    },
    "zin26_startup": {
        "class": "ZIn26",
        "include_startup": true,
        "runs": [
            0.004133939743041992,
            0.0037529468536376953,
            0.0037429332733154297,
            0.003731966018676758,
            0.0037980079650878906,
            0.0038170814514160156,
            0.0038368701934814453,
            0.003826141357421875,
            0.003843069076538086,
            0.0038459300994873047
        ],
        "average": 0.003832888603210449,
        "min": 0.003731966018676758,
        "max": 0.004133939743041992
    }
}