{
    "f06": {
        "class": "F06",
        "include_startup": false,
        "runs": [
            0.003993034362792969,
            0.004041194915771484,
            0.004063844680786133,
            0.004086971282958984,
            0.004062175750732422,
            0.004117012023925781,
            0.004050016403198242,
            0.004082918167114258,
            0.0040531158447265625,
            0.004054069519042969
        ],
        "average": 0.004060435295104981,
        "min": 0.003993034362792969,
        "max": 0.004117012023925781
    },
    "f06_startup": {
        "class": "F06",
        "include_startup": true,
        "runs": [
            0.004279136657714844,
            0.0042150020599365234,
            0.004157066345214844,
            0.004374027252197266,
            0.004165172576904297,
            0.0036818981170654297,
            0.003587007522583008,
            0.0035839080810546875,
            0.005133867263793945,
            0.003638029098510742
        ],
        "average": 0.004081511497497558,
        "min": 0.0035839080810546875,
        "max": 0.005133867263793945
    },
    "fin06": {
        "class": "FIn06",
        "include_startup": false,
        "runs": [
            0.004108905792236328,
            0.004107952117919922,
            0.004085063934326172,
            0.00410914421081543,
            0.004110813140869141,
            0.005307912826538086,
            0.004050016403198242,
            0.0039899349212646484,
            0.003998994827270508,
            0.003983974456787109
        ],
        "average": 0.004185271263122558,
        "min": 0.003983974456787109,
        "max": 0.005307912826538086
    },
    "fin06_startup": {
        "class": "FIn06",
        "include_startup": true,
        "runs": [
            0.004119157791137695,
            0.004019975662231445,
            0.004002094268798828,
            0.004010915756225586,
            0.00403594970703125,
            0.0045239925384521484,
            0.004207134246826172,
            0.00419306755065918,
            0.00418400764465332,
            0.004225015640258789
        ],
        "average": 0.004152131080627441,
        "min": 0.004002094268798828,
        "max": 0.0045239925384521484
    },
    "p16": {
        "class": "P16",
        "include_startup": false,
        "runs": [
            0.004169940948486328,
            0.0041429996490478516,
            0.004363059997558594,
            0.004106044769287109,
            0.004611015319824219,
            0.0041768550872802734,
            0.004118919372558594,
            0.004072904586791992,
            0.004075050354003906,
            0.008210897445678711
        ],
        "average": 0.004604768753051758,
        "min": 0.004072904586791992,
        "max": 0.008210897445678711
    },
    "p16_startup": {
        "class": "P16",
        "include_startup": true,
        "runs": [
            0.0042459964752197266,
            0.004308938980102539,
            0.004251956939697266,
            0.004333972930908203,
            0.004296064376831055,
            0.004305124282836914,
            0.004269123077392578,
            0.004338979721069336,
            0.004239082336425781,
            0.004323005676269531
        ],
        "average": 0.004291224479675293,
        "min": 0.004239082336425781,
        "max": 0.004338979721069336
    },
    "pin16": {
        "class": "PIn16",
        "include_startup": false,
        "runs": [
            0.004008054733276367,
            0.004026889801025391,
            0.004084110260009766,
            0.008121967315673828,
            0.0045070648193359375,
            0.004024982452392578,
            0.004069089889526367,
            0.00427699089050293,
            0.0035398006439208984,
            0.004230022430419922
        ],
        "average": 0.004488897323608398,
        "min": 0.0035398006439208984,
        "max": 0.008121967315673828
    },
    "pin16_startup": {
        "class": "PIn16",
        "include_startup": true,
        "runs": [
            0.0042951107025146484,
            0.0038759708404541016,
            0.004232883453369141,
            0.004327058792114258,
            0.0042378902435302734,
            0.005848884582519531,
            0.004211902618408203,
            0.00432586669921875,
            0.0043430328369140625,
            0.004238128662109375
        ],
        "average": 0.004393672943115235,
        "min": 0.0038759708404541016,
        "max": 0.005848884582519531
    }
}