{
    "f06": {
        "class": "F06",
        "include_startup": false,
        "runs": [
            0.29448413848876953,
            0.2970860004425049,
            0.2964589595794678,
            0.30056285858154297,
            0.297745943069458,
            0.2949810028076172,
            0.30657410621643066,
            0.29087400436401367,
            0.29654717445373535,
            0.2904949188232422
        ],
        "average": 0.2965809106826782,
        "min": 0.2904949188232422,
        "max": 0.30657410621643066
    },
    "f06_startup": {
        "class": "F06",
        "include_startup": true,
        "runs": [
            0.2925560474395752,
            0.295745849609375,
            0.2941460609436035,
            0.29906296730041504,
            0.29740190505981445,
            0.29651904106140137,
            0.29357004165649414,
            0.2951231002807617,
            0.2971479892730713,
            0.29384708404541016
        ],
        "average": 0.2955120086669922,
        "min": 0.2925560474395752,
        "max": 0.29906296730041504
    },
    "fin06": {
        "class": "FIn06",
        "include_startup": false,
        "runs": [
            0.29886913299560547,
            0.2928462028503418,
            0.2973799705505371,
            0.29552602767944336,
            0.29420995712280273,
            0.2912769317626953,
            0.29398202896118164,
            0.2914450168609619,
            0.29642605781555176,
            0.2890479564666748
        ],
        "average": 0.2941009283065796,
        "min": 0.2890479564666748,
        "max": 0.29886913299560547
    },
    "fin06_startup": {
        "class": "FIn06",
        "include_startup": true,
        "runs": [
            0.2962820529937744,
            0.2965221405029297,
            0.3306920528411865,
            0.29291510581970215,
            0.35649800300598145,
            0.29999709129333496,
            0.2988770008087158,
            0.30051398277282715,
            0.2945549488067627,
            0.29126501083374023
        ],
        "average": 0.3058117389678955,
        "min": 0.29126501083374023,
        "max": 0.35649800300598145
    }
}