{
    "f06": {
        "class": "F06",
        "include_startup": false,
        "runs": [
            0.0012199878692626953,
            0.0007998943328857422,
            0.0008280277252197266,
            0.0008230209350585938,
            0.0008111000061035156,
            0.0008080005645751953,
            0.00080108642578125,
            0.0007848739624023438,
            0.000820159912109375,
            0.0008108615875244141
        ],
        "average": 0.0008507013320922851,
        "min": 0.0007848739624023438,
        "max": 0.0012199878692626953
    },
    "f06_startup": {
        "class": "F06",
        "include_startup": true,
        "runs": [
            0.0031850337982177734,
            0.0008549690246582031,
            0.0008790493011474609,
            0.0008699893951416016,
            0.0008709430694580078,
            0.000865936279296875,
            0.0008730888366699219,
            0.000865936279296875,
            0.0008800029754638672,
            0.0008630752563476562
        ],
        "average": 0.0011008024215698243,
        "min": 0.0008549690246582031,
        "max": 0.0031850337982177734
    },
    "p16": {
        "class": "P16",
        "include_startup": false,
        "runs": [
            0.0012731552124023438,
            0.0007679462432861328,
            0.0008220672607421875,
            0.000827789306640625,
            0.000843048095703125,
            0.0008180141448974609,
            0.000823974609375,
            0.0007920265197753906,
            0.0007948875427246094,
            0.0008039474487304688
        ],
        "average": 0.0008566856384277343,
        "min": 0.0007679462432861328,
        "max": 0.0012731552124023438
    },
    "p16_startup": {
        "class": "P16",
        "include_startup": true,
        "runs": [
            0.0031239986419677734,
            0.0008609294891357422,
            0.00084686279296875,
            0.0008401870727539062,
            0.0008611679077148438,
            0.0008511543273925781,
            0.0008320808410644531,
            0.0008378028869628906,
            0.0009038448333740234,
            0.0008959770202636719
        ],
        "average": 0.0010854005813598633,
        "min": 0.0008320808410644531,
        "max": 0.0031239986419677734
    },
    "z26": {
        "class": "Z26",
        "include_startup": false,
        "runs": [
            0.0021119117736816406,
            0.0012581348419189453,
            0.0012619495391845703,
            0.0013060569763183594,
            0.0012631416320800781,
            0.001252889633178711,
            0.0012841224670410156,
            0.0012760162353515625,
            0.0012600421905517578,
            0.0012629032135009766
        ],
        "average": 0.0013537168502807616,
        "min": 0.001252889633178711,
        "max": 0.0021119117736816406
    },
    "z26_startup": {
        "class": "Z26",
        "include_startup": true,
        "runs": [
            0.003183126449584961,
            0.0009441375732421875,
            0.0009238719940185547,
            0.0009551048278808594,
            0.0009129047393798828,
            0.0009071826934814453,
            0.00090789794921875,
            0.0009489059448242188,
            0.0009381771087646484,
            0.0009341239929199219
        ],
        "average": 0.001155543327331543,
        "min": 0.0009071826934814453,
        "max": 0.003183126449584961
    }
}