{
    "f06": {
        "class": "F06",
        "include_startup": false,
        "runs": [
            0.0005898475646972656,
            0.0005779266357421875,
            0.0006120204925537109,
            0.0005750656127929688,
            0.0005950927734375,
            0.0005848407745361328,
            0.0006110668182373047,
            0.0005669593811035156,
            0.0005700588226318359,
            0.0005660057067871094
        ],
        "average": 0.0005848884582519531,
        "min": 0.0005660057067871094,
        "max": 0.0006120204925537109
    },
    "f06_startup": {
        "class": "F06",
        "include_startup": true,
        "runs": [
            0.0005981922149658203,
            0.0005788803100585938,
            0.0006079673767089844,
            0.0006091594696044922,
            0.0005948543548583984,
            0.0005991458892822266,
            0.0006000995635986328,
            0.0005869865417480469,
            0.0005729198455810547,
            0.0005850791931152344
        ],
        "average": 0.0005933284759521484,
        "min": 0.0005729198455810547,
        "max": 0.0006091594696044922
    },
    "p16": {
        "class": "P16",
        "include_startup": false,
        "runs": [
            0.0005800724029541016,
            0.0006489753723144531,
            0.0006139278411865234,
            0.0004918575286865234,
            0.0006210803985595703,
            0.0005931854248046875,
            0.0008289813995361328,
            0.0006430149078369141,
            0.0006270408630371094,
            0.0006117820739746094
        ],
        "average": 0.0006259918212890625,
        "min": 0.0004918575286865234,
        "max": 0.0008289813995361328
    },
    "p16_startup": {
        "class": "P16",
        "include_startup": true,
        "runs": [
            0.0006120204925537109,
            0.0005738735198974609,
            0.0006930828094482422,
            0.0006060600280761719,
            0.0005869865417480469,
            0.0008618831634521484,
            0.0006358623504638672,
            0.0006098747253417969,
            0.0006279945373535156,
            0.0006420612335205078
        ],
        "average": 0.0006449699401855468,
        "min": 0.0005738735198974609,
        "max": 0.0008618831634521484
    }
}