{
    "f06": {
        "class": "F06",
        "include_startup": false,
        "runs": [
            0.09776782989501953,
            0.0973658561706543,
            0.09810900688171387,
            0.09952306747436523,
            0.09781098365783691,
            0.09829592704772949,
            0.10231590270996094,
            0.09896707534790039,
            0.09837102890014648,
            0.09784388542175293
        ],
        "average": 0.098637056350708,
        "min": 0.0973658561706543,
        "max": 0.10231590270996094
    },
    "f06_startup": {
        "class": "F06",
        "include_startup": true,
        "runs": [
            0.11989617347717285,
            0.0988318920135498,
            0.09875297546386719,
            0.09874296188354492,
            0.09889602661132812,
            0.09911108016967773,
            0.09870314598083496,
            0.09995102882385254,
            0.09863090515136719,
            0.09802389144897461
        ],
        "average": 0.10095400810241699,
        "min": 0.09802389144897461,
        "max": 0.11989617347717285
    },
    "fin06": {
        "class": "FIn06",
        "include_startup": false,
        "runs": [
            0.10190296173095703,
            0.10019493103027344,
            0.10053205490112305,
            0.10079383850097656,
            0.1020348072052002,
            0.1005699634552002,
            0.09922480583190918,
            0.09956908226013184,
            0.09889888763427734,
            0.0987238883972168
        ],
        "average": 0.10024452209472656,
        "min": 0.0987238883972168,
        "max": 0.1020348072052002
    },
    "fin06_startup": {
        "class": "FIn06",
        "include_startup": true,
        "runs": [
            0.09932208061218262,
            0.10004210472106934,
            0.09915709495544434,
            0.09941601753234863,
            0.10024380683898926,
            0.1005849838256836,
            0.09842514991760254,
            0.09903907775878906,
            0.09946298599243164,
            0.10006999969482422
        ],
        "average": 0.09957633018493653,
        "min": 0.09842514991760254,
        "max": 0.1005849838256836
    },
    "p16": {
        "class": "P16",
        "include_startup": false,
        "runs": [
            13.796100854873657,
            13.787055969238281,
            13.685301065444946,
            13.733464002609253,
            13.587146043777466,
            13.727812051773071,
            13.701704978942871,
            13.720580101013184,
            13.601682901382446,
            13.69337797164917
        ],
        "average": 13.703422594070435,
        "min": 13.587146043777466,
        "max": 13.796100854873657
    },
    "p16_startup": {
        "class": "P16",
        "include_startup": true,
        "runs": [
            13.70970892906189,
            13.938886165618896,
            13.578481197357178,
            13.937978029251099,
            13.672038793563843,
            13.68962287902832,
            13.858618974685669,
            13.671020030975342,
            13.072304964065552,
            13.637609004974365
        ],
        "average": 13.676626896858215,
        "min": 13.072304964065552,
        "max": 13.938886165618896
    },
    "pin16": {
        "class": "PIn16",
        "include_startup": false,
        "runs": [
            13.793508052825928,
            13.800078868865967,
            13.633417129516602,
            13.581778049468994,
            13.712307929992676,
            13.699729919433594,
            13.804988145828247,
            13.715274810791016,
            13.735699892044067,
            14.132957935333252
        ],
        "average": 13.760974073410035,
        "min": 13.581778049468994,
        "max": 14.132957935333252
    },
    "pin16_startup": {
        "class": "PIn16",
        "include_startup": true,
        "runs": [
            13.70417594909668,
            13.972856044769287,
            13.7376389503479,
            13.76131296157837,
            13.951560020446777,
            14.039658069610596,
            13.784504890441895,
            13.718432903289795,
            13.611762046813965,
            13.703655004501343
        ],
        "average": 13.79855568408966,
        "min": 13.611762046813965,
        "max": 14.039658069610596
    }
}