{
    "f06": {
        "class": "F06",
        "include_startup": false,
        "runs": [
            0.0022640228271484375,
            0.0021560192108154297,
            0.002195119857788086,
            0.002203226089477539,
            0.002198934555053711,
            0.0022029876708984375,
            0.0022139549255371094,
            0.002210855484008789,
            0.002191781997680664,
            0.0022208690643310547
        ],
        "average": 0.002205777168273926,
        "min": 0.0021560192108154297,
        "max": 0.0022640228271484375
    },
    "f06_startup": {
        "class": "F06",
        "include_startup": true,
        "runs": [
            0.0015480518341064453,
            0.0013461112976074219,
            0.0013439655303955078,
            0.0013179779052734375,
            0.0013399124145507812,
            0.0013232231140136719,
            0.0013179779052734375,
            0.0013167858123779297,
            0.001329183578491211,
            0.0013158321380615234
        ],
        "average": 0.0013499021530151366,
        "min": 0.0013158321380615234,
        "max": 0.0015480518341064453
    },
    "fin06": {
        "class": "FIn06",
        "include_startup": false,
        "runs": [
            0.0012750625610351562,
            0.0012819766998291016,
            0.0013082027435302734,
            0.0012788772583007812,
            0.0014691352844238281,
            0.0013141632080078125,
            0.0013439655303955078,
            0.0013270378112792969,
            0.0013020038604736328,
            0.0012822151184082031
        ],
        "average": 0.0013182640075683593,
        "min": 0.0012750625610351562,
        "max": 0.0014691352844238281
    },
    "fin06_startup": {
        "class": "FIn06",
        "include_startup": true,
        "runs": [
            0.0015671253204345703,
            0.0013120174407958984,
            0.0013360977172851562,
            0.001313924789428711,
            0.0013828277587890625,
            0.0013301372528076172,
            0.0012989044189453125,
            0.0013260841369628906,
            0.0013048648834228516,
            0.0013267993927001953
        ],
        "average": 0.0013498783111572266,
        "min": 0.0012989044189453125,
        "max": 0.0015671253204345703
    },
    "p16": {
        "class": "P16",
        "include_startup": false,
        "runs": [
            0.0012700557708740234,
            0.0013120174407958984,
            0.0012960433959960938,
            0.0012919902801513672,
            0.0013079643249511719,
            0.0013279914855957031,
            0.0013039112091064453,
            0.001293182373046875,
            0.001294851303100586,
            0.0012941360473632812
        ],
        "average": 0.0012992143630981446,
        "min": 0.0012700557708740234,
        "max": 0.0013279914855957031
    },
    "p16_startup": {
        "class": "P16",
        "include_startup": true,
        "runs": [
            0.0016100406646728516,
            0.0013399124145507812,
            0.0013859272003173828,
            0.0013070106506347656,
            0.0013480186462402344,
            0.0013680458068847656,
            0.0013508796691894531,
            0.0013461112976074219,
            0.0013539791107177734,
            0.0014088153839111328
        ],
        "average": 0.0013818740844726562,
        "min": 0.0013070106506347656,
        "max": 0.0016100406646728516
    },
    "pin16": {
        "class": "PIn16",
        "include_startup": false,
        "runs": [
            0.0012450218200683594,
            0.0012590885162353516,
            0.0012390613555908203,
            0.001255035400390625,
            0.0012519359588623047,
            0.0012400150299072266,
            0.0012478828430175781,
            0.0020558834075927734,
            0.0022411346435546875,
            0.0022649765014648438
        ],
        "average": 0.001530003547668457,
        "min": 0.0012390613555908203,
        "max": 0.0022649765014648438
    },
    "pin16_startup": {
        "class": "PIn16",
        "include_startup": true,
        "runs": [
            0.0016260147094726562,
            0.0013508796691894531,
            0.0013990402221679688,
            0.0013399124145507812,
            0.001352071762084961,
            0.0013599395751953125,
            0.0013589859008789062,
            0.0013840198516845703,
            0.0013430118560791016,
            0.0013670921325683594
        ],
        "average": 0.0013880968093872071,
        "min": 0.0013399124145507812,
        "max": 0.0016260147094726562
    },
    "z26": {
        "class": "Z26",
        "include_startup": false,
        "runs": [
            0.0010089874267578125,
            0.0009989738464355469,
            0.0009791851043701172,
            0.0009810924530029297,
            0.0009770393371582031,
            0.0009789466857910156,
            0.0009779930114746094,
            0.0009829998016357422,
            0.0009789466857910156,
            0.0009789466857910156
        ],
        "average": 0.0009843111038208008,
        "min": 0.0009770393371582031,
        "max": 0.0010089874267578125
    },
    "z26_startup": {
        "class": "Z26",
        "include_startup": true,
        "runs": [
            0.002759218215942383,
            0.0024080276489257812,
            0.002398967742919922,
            0.0023870468139648438,
            0.002393960952758789,
            0.002424001693725586,
            0.0024008750915527344,
            0.0024640560150146484,
            0.002402067184448242,
            0.0024471282958984375
        ],
        "average": 0.0024485349655151366,
        "min": 0.0023870468139648438,
        "max": 0.002759218215942383
    },
    "zin26": {
        "class": "ZIn26",
        "include_startup": false,
        "runs": [
            0.001271963119506836,
            0.0012919902801513672,
            0.0012869834899902344,
            0.0012700557708740234,
            0.0012750625610351562,
            0.0012729167938232422,
            0.001280069351196289,
            0.0012619495391845703,
            0.0012691020965576172,
            0.0012600421905517578
        ],
        "average": 0.0012740135192871095,
        "min": 0.0012600421905517578,
        "max": 0.0012919902801513672
    },
    "zin26_startup": {
        "class": "ZIn26",
        "include_startup": true,
        "runs": [
            0.0016679763793945312,
            0.0013420581817626953,
            0.0013990402221679688,
            0.0013391971588134766,
            0.0015270709991455078,
            0.0013821125030517578,
            0.0013689994812011719,
            0.0013561248779296875,
            0.0013539791107177734,
            0.001371145248413086
        ],
        "average": 0.0014107704162597656,
        "min": 0.0013391971588134766,
        "max": 0.0016679763793945312
    }
}