{
    "f06": {
        "class": "F06",
        "include_startup": false,
        "runs": [
            0.0014500617980957031,
            0.0012969970703125,
            0.001313924789428711,
            0.00131988525390625,
            0.0013189315795898438,
            0.0012891292572021484,
            0.0013341903686523438,
            0.00133514404296875,
            0.0013420581817626953,
            0.0013239383697509766
        ],
        "average": 0.0013324260711669923,
        "min": 0.0012891292572021484,
        "max": 0.0014500617980957031
    },
    "f06_startup": {
        "class": "F06",
        "include_startup": true,
        "runs": [
            0.0021839141845703125,
            0.0014009475708007812,
            0.0013780593872070312,
            0.0013887882232666016,
            0.0014040470123291016,
            0.0013790130615234375,
            0.0013670921325683594,
            0.0013821125030517578,
            0.0013580322265625,
            0.0013489723205566406
        ],
        "average": 0.0014590978622436523,
        "min": 0.0013489723205566406,
        "max": 0.0021839141845703125
    },
    "p16": {
        "class": "P16",
        "include_startup": false,
        "runs": [
            0.0014820098876953125,
            0.001363992691040039,
            0.0012938976287841797,
            0.0014178752899169922,
            0.0013470649719238281,
            0.00133514404296875,
            0.0013689994812011719,
            0.0013720989227294922,
            0.001363992691040039,
            0.0013518333435058594
        ],
        "average": 0.0013696908950805663,
        "min": 0.0012938976287841797,
        "max": 0.0014820098876953125
    },
    "p16_startup": {
        "class": "P16",
        "include_startup": true,
        "runs": [
            0.0023751258850097656,
            0.0014638900756835938,
            0.0014579296112060547,
            0.0014801025390625,
            0.001466989517211914,
            0.0014801025390625,
            0.0014729499816894531,
            0.0014910697937011719,
            0.0014579296112060547,
            0.0014770030975341797
        ],
        "average": 0.0015623092651367188,
        "min": 0.0014579296112060547,
        "max": 0.0023751258850097656
    },
    "z26": {
        "class": "Z26",
        "include_startup": false,
        "runs": [
            0.0013699531555175781,
            0.0011110305786132812,
            0.0010938644409179688,
            0.0011060237884521484,
            0.0010988712310791016,
            0.001104116439819336,
            0.001085042953491211,
            0.0010979175567626953,
            0.0010950565338134766,
            0.0010869503021240234
        ],
        "average": 0.0011248826980590821,
        "min": 0.001085042953491211,
        "max": 0.0013699531555175781
    },
    "z26_startup": {
        "class": "Z26",
        "include_startup": true,
        "runs": [
            0.0023131370544433594,
            0.0015060901641845703,
            0.001486063003540039,
            0.0014688968658447266,
            0.0014791488647460938,
            0.0014820098876953125,
            0.0015020370483398438,
            0.0014948844909667969,
            0.0014801025390625,
            0.0014989376068115234
        ],
        "average": 0.0015711307525634766,
        "min": 0.0014688968658447266,
        "max": 0.0023131370544433594
    }
}