{
    "f06": {
        "class": "F06",
        "include_startup": false,
        "runs": [
            0.0007600784301757812,
            0.0007770061492919922,
            0.0007739067077636719,
            0.0007948875427246094,
            0.000782012939453125,
            0.0007610321044921875,
            0.0007719993591308594,
            0.0007879734039306641,
            0.0007998943328857422,
            0.0007801055908203125
        ],
        "average": 0.0007788896560668946,
        "min": 0.0007600784301757812,
        "max": 0.0007998943328857422
    },
    "f06_startup": {
        "class": "F06",
        "include_startup": true,
        "runs": [
            0.001085042953491211,
            0.0007970333099365234,
            0.0007989406585693359,
            0.00080108642578125,
            0.0007848739624023438,
            0.0007920265197753906,
            0.0007889270782470703,
            0.0007829666137695312,
            0.0007832050323486328,
            0.00078582763671875
        ],
        "average": 0.000819993019104004,
        "min": 0.0007829666137695312,
        "max": 0.001085042953491211
    },
    "fin06": {
        "class": "FIn06",
        "include_startup": false,
        "runs": [
            0.0008320808410644531,
            0.0007770061492919922,
            0.0007860660552978516,
            0.0007910728454589844,
            0.0008039474487304688,
            0.0007879734039306641,
            0.0007779598236083984,
            0.0007901191711425781,
            0.0007898807525634766,
            0.0007851123809814453
        ],
        "average": 0.0007921218872070313,
        "min": 0.0007770061492919922,
        "max": 0.0008320808410644531
    },
    "fin06_startup": {
        "class": "FIn06",
        "include_startup": true,
        "runs": [
            0.0008618831634521484,
            0.0008020401000976562,
            0.0008370876312255859,
            0.0008440017700195312,
            0.0008099079132080078,
            0.0008080005645751953,
            0.0008950233459472656,
            0.0011441707611083984,
            0.0011439323425292969,
            0.0011491775512695312
        ],
        "average": 0.0009295225143432617,
        "min": 0.0008020401000976562,
        "max": 0.0011491775512695312
    },
    "p16": {
        "class": "P16",
        "include_startup": false,
        "runs": [
            0.0008449554443359375,
            0.0009000301361083984,
            0.0008158683776855469,
            0.0008208751678466797,
            0.0011250972747802734,
            0.0011761188507080078,
            0.0008151531219482422,
            0.0008339881896972656,
            0.0008509159088134766,
            0.0008420944213867188
        ],
        "average": 0.0009025096893310547,
        "min": 0.0008151531219482422,
        "max": 0.0011761188507080078
    },
    "p16_startup": {
        "class": "P16",
        "include_startup": true,
        "runs": [
            0.0008089542388916016,
            0.0008301734924316406,
            0.0008118152618408203,
            0.0008308887481689453,
            0.0008199214935302734,
            0.0008149147033691406,
            0.00080108642578125,
            0.0008299350738525391,
            0.0008270740509033203,
            0.0008139610290527344
        ],
        "average": 0.0008188724517822265,
        "min": 0.00080108642578125,
        "max": 0.0008308887481689453
    },
    "pin16": {
        "class": "PIn16",
        "include_startup": false,
        "runs": [
            0.0008370876312255859,
            0.0008020401000976562,
            0.0007929801940917969,
            0.0007910728454589844,
            0.0007870197296142578,
            0.0007891654968261719,
            0.0007979869842529297,
            0.0007929801940917969,
            0.0007910728454589844,
            0.0007848739624023438
        ],
        "average": 0.0007966279983520508,
        "min": 0.0007848739624023438,
        "max": 0.0008370876312255859
    },
    "pin16_startup": {
        "class": "PIn16",
        "include_startup": true,
        "runs": [
            0.0008568763732910156,
            0.0008358955383300781,
            0.0008258819580078125,
            0.0008249282836914062,
            0.0008118152618408203,
            0.0008168220520019531,
            0.0008041858673095703,
            0.0008158683776855469,
            0.0008189678192138672,
            0.0008251667022705078
        ],
        "average": 0.0008236408233642578,
        "min": 0.0008041858673095703,
        "max": 0.0008568763732910156
    },
    "z26": {
        "class": "Z26",
        "include_startup": false,
        "runs": [
            0.0008158683776855469,
            0.0007798671722412109,
            0.0007860660552978516,
            0.0008029937744140625,
            0.0007879734039306641,
            0.0007860660552978516,
            0.0007789134979248047,
            0.0007920265197753906,
            0.0007860660552978516,
            0.0008020401000976562
        ],
        "average": 0.0007917881011962891,
        "min": 0.0007789134979248047,
        "max": 0.0008158683776855469
    },
    "z26_startup": {
        "class": "Z26",
        "include_startup": true,
        "runs": [
            0.0008461475372314453,
            0.0008149147033691406,
            0.0008261203765869141,
            0.0008130073547363281,
            0.0007989406585693359,
            0.0007889270782470703,
            0.0008111000061035156,
            0.0008120536804199219,
            0.0008032321929931641,
            0.000823974609375
        ],
        "average": 0.0008138418197631836,
        "min": 0.0007889270782470703,
        "max": 0.0008461475372314453
    },
    "zin26": {
        "class": "ZIn26",
        "include_startup": false,
        "runs": [
            0.0008590221405029297,
            0.0007910728454589844,
            0.000782012939453125,
            0.0007700920104980469,
            0.0007948875427246094,
            0.0007760524749755859,
            0.0007910728454589844,
            0.0007710456848144531,
            0.0007860660552978516,
            0.0007939338684082031
        ],
        "average": 0.0007915258407592774,
        "min": 0.0007700920104980469,
        "max": 0.0008590221405029297
    },
    "zin26_startup": {
        "class": "ZIn26",
        "include_startup": true,
        "runs": [
            0.0008211135864257812,
            0.0007979869842529297,
            0.0007801055908203125,
            0.0007989406585693359,
            0.0008039474487304688,
            0.0007951259613037109,
            0.0007910728454589844,
            0.0007798671722412109,
            0.0007929801940917969,
            0.0007970333099365234
        ],
        "average": 0.0007958173751831055,
        "min": 0.0007798671722412109,
        "max": 0.0008211135864257812
    }
}