{
    "f06": {
        "class": "F06",
        "include_startup": false,
        "runs": [
            0.0013580322265625,
            0.0013170242309570312,
            0.0013458728790283203,
            0.0013279914855957031,
            0.0013320446014404297,
            0.001336812973022461,
            0.0013110637664794922,
            0.0013179779052734375,
            0.0013420581817626953,
            0.0013079643249511719
        ],
        "average": 0.0013296842575073243,
        "min": 0.0013079643249511719,
        "max": 0.0013580322265625
    },
    "f06_startup": {
        "class": "F06",
        "include_startup": true,
        "runs": [
            0.002710103988647461,
            0.001987934112548828,
            0.0019631385803222656,
            0.0019588470458984375,
            0.0019450187683105469,
            0.0019578933715820312,
            0.0019559860229492188,
            0.0020351409912109375,
            0.002023935317993164,
            0.002020120620727539
        ],
        "average": 0.002055811882019043,
        "min": 0.0019450187683105469,
        "max": 0.002710103988647461
    },
    "fin06": {
        "class": "FIn06",
        "include_startup": false,
        "runs": [
            0.003793001174926758,
            0.0038161277770996094,
            0.003766775131225586,
            0.003840923309326172,
            0.0038290023803710938,
            0.0037641525268554688,
            0.0037369728088378906,
            0.003779888153076172,
            0.0037698745727539062,
            0.0038909912109375
        ],
        "average": 0.003798770904541016,
        "min": 0.0037369728088378906,
        "max": 0.0038909912109375
    },
    "fin06_startup": {
        "class": "FIn06",
        "include_startup": true,
        "runs": [
            0.005321025848388672,
            0.004583120346069336,
            0.004589080810546875,
            0.004708051681518555,
            0.004567861557006836,
            0.004550933837890625,
            0.004553079605102539,
            0.004555940628051758,
            0.004817962646484375,
            0.004578828811645508
        ],
        "average": 0.004682588577270508,
        "min": 0.004550933837890625,
        "max": 0.005321025848388672
    },
    "p16": {
        "class": "P16",
        "include_startup": false,
        "runs": [
            0.002418994903564453,
            0.0022649765014648438,
            0.0022771358489990234,
            0.0022749900817871094,
            0.0022521018981933594,
            0.0022509098052978516,
            0.002290010452270508,
            0.0022699832916259766,
            0.0022401809692382812,
            0.0022699832916259766
        ],
        "average": 0.002280926704406738,
        "min": 0.0022401809692382812,
        "max": 0.002418994903564453
    },
    "p16_startup": {
        "class": "P16",
        "include_startup": true,
        "runs": [
            0.0027899742126464844,
            0.002074003219604492,
            0.0020449161529541016,
            0.0020678043365478516,
            0.0020258426666259766,
            0.002029895782470703,
            0.002054929733276367,
            0.002051115036010742,
            0.002096891403198242,
            0.0020599365234375
        ],
        "average": 0.002129530906677246,
        "min": 0.0020258426666259766,
        "max": 0.0027899742126464844
    },
    "pin16": {
        "class": "PIn16",
        "include_startup": false,
        "runs": [
            0.003949165344238281,
            0.003835916519165039,
            0.003865957260131836,
            0.00386810302734375,
            0.003815889358520508,
            0.003824949264526367,
            0.003883838653564453,
            0.0038340091705322266,
            0.0038149356842041016,
            0.0038559436798095703
        ],
        "average": 0.0038548707962036133,
        "min": 0.0038149356842041016,
        "max": 0.003949165344238281
    },
    "pin16_startup": {
        "class": "PIn16",
        "include_startup": true,
        "runs": [
            0.0052490234375,
            0.004650115966796875,
            0.004518032073974609,
            0.004642963409423828,
            0.0045490264892578125,
            0.004483938217163086,
            0.00450587272644043,
            0.004456996917724609,
            0.004681110382080078,
            0.004476070404052734
        ],
        "average": 0.004621315002441406,
        "min": 0.004456996917724609,
        "max": 0.0052490234375
    },
    "z26": {
        "class": "Z26",
        "include_startup": false,
        "runs": [
            0.0014190673828125,
            0.0013530254364013672,
            0.0013720989227294922,
            0.0013461112976074219,
            0.0013320446014404297,
            0.0013489723205566406,
            0.0013430118560791016,
            0.001344919204711914,
            0.0013370513916015625,
            0.002201080322265625
        ],
        "average": 0.0014397382736206054,
        "min": 0.0013320446014404297,
        "max": 0.002201080322265625
    },
    "z26_startup": {
        "class": "Z26",
        "include_startup": true,
        "runs": [
            0.0028820037841796875,
            0.0021228790283203125,
            0.0020780563354492188,
            0.002080202102661133,
            0.0033309459686279297,
            0.0027778148651123047,
            0.0020890235900878906,
            0.0021200180053710938,
            0.0020630359649658203,
            0.002064943313598633
        ],
        "average": 0.002360892295837402,
        "min": 0.0020630359649658203,
        "max": 0.0033309459686279297
    },
    "zin26": {
        "class": "ZIn26",
        "include_startup": false,
        "runs": [
            0.0038728713989257812,
            0.003771066665649414,
            0.0037679672241210938,
            0.0037610530853271484,
            0.0037870407104492188,
            0.003738880157470703,
            0.003802061080932617,
            0.0037598609924316406,
            0.003802061080932617,
            0.0037450790405273438
        ],
        "average": 0.0037807941436767576,
        "min": 0.003738880157470703,
        "max": 0.0038728713989257812
    },
    "zin26_startup": {
        "class": "ZIn26",
        "include_startup": true,
        "runs": [
            0.005239009857177734,
            0.004565000534057617,
            0.004456043243408203,
            0.0044629573822021484,
            0.006345987319946289,
            0.0045740604400634766,
            0.0045621395111083984,
            0.0044820308685302734,
            0.00468897819519043,
            0.004537105560302734
        ],
        "average": 0.00479133129119873,
        "min": 0.004456043243408203,
        "max": 0.006345987319946289
    }
}