{
    "f06": {
        "class": "F06",
        "include_startup": false,
        "runs": [
            3.5329349040985107,
            3.495087146759033,
            3.5425899028778076,
            3.508975028991699,
            3.5086300373077393,
            3.513658046722412,
            3.4803450107574463,
            3.471759080886841,
            3.513396978378296,
            3.4687390327453613
        ],
        "average": 3.503611516952515,
        "min": 3.4687390327453613,
        "max": 3.5425899028778076
    },
    "f06_startup": {
        "class": "F06",
        "include_startup": true,
        "runs": [
            3.4919259548187256,
            3.4368369579315186,
            3.462578058242798,
            3.480539083480835,
            3.52778697013855,
            3.485893964767456,
            3.4396331310272217,
            3.4802680015563965,
            3.525101900100708,
            3.5220799446105957
        ],
        "average": 3.4852643966674806,
        "min": 3.4368369579315186,
        "max": 3.52778697013855
    },
    "fin06": {
        "class": "FIn06",
        "include_startup": false,
        "runs": [
            3.5415191650390625,
            3.4973299503326416,
            3.499915838241577,
            3.478019952774048,
            3.5781898498535156,
            3.4827890396118164,
            3.5495691299438477,
            3.522961139678955,
            3.5037500858306885,
            3.547590970993042
        ],
        "average": 3.5201635122299195,
        "min": 3.478019952774048,
        "max": 3.5781898498535156
    },
    "fin06_startup": {
        "class": "FIn06",
        "include_startup": true,
        "runs": [
            3.5433859825134277,
            3.511579990386963,
            3.5185999870300293,
            3.5038561820983887,
            3.5197489261627197,
            3.495535135269165,
            3.528243064880371,
            3.5149240493774414,
            3.532315969467163,
            3.491276979446411
        ],
        "average": 3.515946626663208,
        "min": 3.491276979446411,
        "max": 3.5433859825134277
    }
}