{
    "f06": {
        "class": "F06",
        "include_startup": false,
        "runs": [
            0.33963894844055176,
            0.34647679328918457,
            0.34520506858825684,
            0.34152793884277344,
            0.34348201751708984,
            0.34003496170043945,
            0.3437530994415283,
            0.348114013671875,
            0.3465909957885742,
            0.3484649658203125
        ],
        "average": 0.3443288803100586,
        "min": 0.33963894844055176,
        "max": 0.3484649658203125
    },
    "f06_startup": {
        "class": "F06",
        "include_startup": true,
        "runs": [
            0.3800661563873291,
            0.3802371025085449,
            0.369952917098999,
            0.37950897216796875,
            0.3772120475769043,
            0.33263301849365234,
            0.38032102584838867,
            0.37616896629333496,
            0.3738889694213867,
            0.37616801261901855
        ],
        "average": 0.37261571884155276,
        "min": 0.33263301849365234,
        "max": 0.38032102584838867
    }
}