{
    "f06": {
        "class": "F06",
        "include_startup": false,
        "runs": [
            0.0008189678192138672,
            0.000782012939453125,
            0.0007688999176025391,
            0.0007770061492919922,
            0.000762939453125,
            0.0007789134979248047,
            0.0007841587066650391,
            0.0007710456848144531,
            0.0007708072662353516,
            0.0007879734039306641
        ],
        "average": 0.0007802724838256836,
        "min": 0.000762939453125,
        "max": 0.0008189678192138672
    },
    "f06_startup": {
        "class": "F06",
        "include_startup": true,
        "runs": [
            0.0007860660552978516,
            0.000762939453125,
            0.0007350444793701172,
            0.0007550716400146484,
            0.0007719993591308594,
            0.0007669925689697266,
            0.0007848739624023438,
            0.0007581710815429688,
            0.0007739067077636719,
            0.0007700920104980469
        ],
        "average": 0.0007665157318115234,
        "min": 0.0007350444793701172,
        "max": 0.0007860660552978516
    },
    "fin06": {
        "class": "FIn06",
        "include_startup": false,
        "runs": [
            0.0007870197296142578,
            0.0007729530334472656,
            0.0007710456848144531,
            0.0007758140563964844,
            0.0007607936859130859,
            0.0007631778717041016,
            0.0007638931274414062,
            0.0007619857788085938,
            0.0007879734039306641,
            0.0007529258728027344
        ],
        "average": 0.0007697582244873047,
        "min": 0.0007529258728027344,
        "max": 0.0007879734039306641
    },
    "fin06_startup": {
        "class": "FIn06",
        "include_startup": true,
        "runs": [
            0.0007729530334472656,
            0.000762939453125,
            0.0007550716400146484,
            0.0007350444793701172,
            0.0007472038269042969,
            0.0007488727569580078,
            0.0007441043853759766,
            0.0007331371307373047,
            0.0007429122924804688,
            0.0007419586181640625
        ],
        "average": 0.0007484197616577148,
        "min": 0.0007331371307373047,
        "max": 0.0007729530334472656
    },
    "p16": {
        "class": "P16",
        "include_startup": false,
        "runs": [
            0.0008020401000976562,
            0.0007650852203369141,
            0.0007817745208740234,
            0.0007851123809814453,
            0.0007660388946533203,
            0.0007808208465576172,
            0.000782012939453125,
            0.0007891654968261719,
            0.0007760524749755859,
            0.0007750988006591797
        ],
        "average": 0.0007803201675415039,
        "min": 0.0007650852203369141,
        "max": 0.0008020401000976562
    },
    "p16_startup": {
        "class": "P16",
        "include_startup": true,
        "runs": [
            0.0008058547973632812,
            0.0008039474487304688,
            0.0008141994476318359,
            0.0008039474487304688,
            0.0008051395416259766,
            0.0007889270782470703,
            0.0008871555328369141,
            0.0008230209350585938,
            0.0008020401000976562,
            0.0007960796356201172
        ],
        "average": 0.0008130311965942383,
        "min": 0.0007889270782470703,
        "max": 0.0008871555328369141
    },
    "pin16": {
        "class": "PIn16",
        "include_startup": false,
        "runs": [
            0.0007770061492919922,
            0.0007779598236083984,
            0.0007479190826416016,
            0.0007770061492919922,
            0.0009710788726806641,
            0.0008420944213867188,
            0.0008420944213867188,
            0.0008449554443359375,
            0.000843048095703125,
            0.0007829666137695312
        ],
        "average": 0.000820612907409668,
        "min": 0.0007479190826416016,
        "max": 0.0009710788726806641
    },
    "pin16_startup": {
        "class": "PIn16",
        "include_startup": true,
        "runs": [
            0.0008070468902587891,
            0.0007801055908203125,
            0.0007729530334472656,
            0.0007710456848144531,
            0.0007700920104980469,
            0.0007770061492919922,
            0.0007572174072265625,
            0.0007770061492919922,
            0.0007719993591308594,
            0.000762939453125
        ],
        "average": 0.0007747411727905273,
        "min": 0.0007572174072265625,
        "max": 0.0008070468902587891
    },
    "z26": {
        "class": "Z26",
        "include_startup": false,
        "runs": [
            0.0008320808410644531,
            0.0008149147033691406,
            0.00080108642578125,
            0.0008120536804199219,
            0.0008008480072021484,
            0.0008089542388916016,
            0.0012121200561523438,
            0.0012531280517578125,
            0.0012450218200683594,
            0.0009238719940185547
        ],
        "average": 0.0009504079818725586,
        "min": 0.0008008480072021484,
        "max": 0.0012531280517578125
    },
    "z26_startup": {
        "class": "Z26",
        "include_startup": true,
        "runs": [
            0.0007929801940917969,
            0.0007910728454589844,
            0.0007989406585693359,
            0.0008230209350585938,
            0.0007960796356201172,
            0.0007829666137695312,
            0.0007898807525634766,
            0.0007910728454589844,
            0.0007910728454589844,
            0.0007898807525634766
        ],
        "average": 0.0007946968078613281,
        "min": 0.0007829666137695312,
        "max": 0.0008230209350585938
    },
    "zin26": {
        "class": "ZIn26",
        "include_startup": false,
        "runs": [
            0.0008130073547363281,
            0.0007829666137695312,
            0.0007510185241699219,
            0.0007479190826416016,
            0.0007588863372802734,
            0.0009760856628417969,
            0.0007789134979248047,
            0.0007529258728027344,
            0.0007500648498535156,
            0.0007460117340087891
        ],
        "average": 0.0007857799530029297,
        "min": 0.0007460117340087891,
        "max": 0.0009760856628417969
    },
    "zin26_startup": {
        "class": "ZIn26",
        "include_startup": true,
        "runs": [
            0.0008351802825927734,
            0.0007879734039306641,
            0.0008339881896972656,
            0.0007829666137695312,
            0.0007939338684082031,
            0.0007989406585693359,
            0.0008170604705810547,
            0.0008270740509033203,
            0.0009670257568359375,
            0.0008311271667480469
        ],
        "average": 0.0008275270462036133,
        "min": 0.0007829666137695312,
        "max": 0.0009670257568359375
    }
}