{
    "f06": {
        "class": "F06",
        "include_startup": false,
        "runs": [
            0.002295970916748047,
            0.0011708736419677734,
            0.0011341571807861328,
            0.0011439323425292969,
            0.0011370182037353516,
            0.0011529922485351562,
            0.0011470317840576172,
            0.0011610984802246094,
            0.0011448860168457031,
            0.001129150390625
        ],
        "average": 0.0012617111206054688,
        "min": 0.001129150390625,
        "max": 0.002295970916748047
    },
    "f06_startup": {
        "class": "F06",
        "include_startup": true,
        "runs": [
            0.0028738975524902344,
            0.0008859634399414062,
            0.0009009838104248047,
            0.0008988380432128906,
            0.0008900165557861328,
            0.0008821487426757812,
            0.0008809566497802734,
            0.0008840560913085938,
            0.0008840560913085938,
            0.000885009765625
        ],
        "average": 0.001086592674255371,
        "min": 0.0008809566497802734,
        "max": 0.0028738975524902344
    },
    "fin06": {
        "class": "FIn06",
        "include_startup": false,
        "runs": [
            0.0014629364013671875,
            0.0007760524749755859,
            0.0007698535919189453,
            0.0007679462432861328,
            0.0007750988006591797,
            0.0007488727569580078,
            0.0007679462432861328,
            0.0007660388946533203,
            0.0007638931274414062,
            0.0007638931274414062
        ],
        "average": 0.0008362531661987305,
        "min": 0.0007488727569580078,
        "max": 0.0014629364013671875
    },
    "fin06_startup": {
        "class": "FIn06",
        "include_startup": true,
        "runs": [
            0.002875089645385742,
            0.0008730888366699219,
            0.000926971435546875,
            0.0010769367218017578,
            0.0008411407470703125,
            0.0008530616760253906,
            0.0008327960968017578,
            0.0008361339569091797,
            0.000823974609375,
            0.0008099079132080078
        ],
        "average": 0.0010749101638793945,
        "min": 0.0008099079132080078,
        "max": 0.002875089645385742
    },
    "p16": {
        "class": "P16",
        "include_startup": false,
        "runs": [
            0.001474142074584961,
            0.00080108642578125,
            0.0007648468017578125,
            0.0007741451263427734,
            0.0007550716400146484,
            0.0007638931274414062,
            0.0007679462432861328,
            0.0007610321044921875,
            0.0007710456848144531,
            0.0007519721984863281
        ],
        "average": 0.0008385181427001953,
        "min": 0.0007519721984863281,
        "max": 0.001474142074584961
    },
    "p16_startup": {
        "class": "P16",
        "include_startup": true,
        "runs": [
            0.004481077194213867,
            0.0013129711151123047,
            0.0013358592987060547,
            0.0013010501861572266,
            0.0012941360473632812,
            0.0012850761413574219,
            0.0013048648834228516,
            0.0013158321380615234,
            0.00131988525390625,
            0.0013310909271240234
        ],
        "average": 0.0016281843185424806,
        "min": 0.0012850761413574219,
        "max": 0.004481077194213867
    },
    "pin16": {
        "class": "PIn16",
        "include_startup": false,
        "runs": [
            0.0022780895233154297,
            0.0009369850158691406,
            0.0007519721984863281,
            0.0007331371307373047,
            0.0007441043853759766,
            0.0007390975952148438,
            0.0007359981536865234,
            0.0007441043853759766,
            0.0007410049438476562,
            0.0007319450378417969
        ],
        "average": 0.0009136438369750976,
        "min": 0.0007319450378417969,
        "max": 0.0022780895233154297
    },
    "pin16_startup": {
        "class": "PIn16",
        "include_startup": true,
        "runs": [
            0.0028619766235351562,
            0.0008788108825683594,
            0.0008940696716308594,
            0.0009000301361083984,
            0.0008780956268310547,
            0.0008671283721923828,
            0.0008828639984130859,
            0.0008780956268310547,
            0.0008759498596191406,
            0.0008690357208251953
        ],
        "average": 0.0010786056518554688,
        "min": 0.0008671283721923828,
        "max": 0.0028619766235351562
    },
    "z26": {
        "class": "Z26",
        "include_startup": false,
        "runs": [
            0.0015540122985839844,
            0.000782012939453125,
            0.0007700920104980469,
            0.0007750988006591797,
            0.0008020401000976562,
            0.0007750988006591797,
            0.0007708072662353516,
            0.0007219314575195312,
            0.0007641315460205078,
            0.0007760524749755859
        ],
        "average": 0.0008491277694702148,
        "min": 0.0007219314575195312,
        "max": 0.0015540122985839844
    },
    "z26_startup": {
        "class": "Z26",
        "include_startup": true,
        "runs": [
            0.002830028533935547,
            0.0009961128234863281,
            0.0009009838104248047,
            0.0008969306945800781,
            0.0008871555328369141,
            0.0008847713470458984,
            0.0009009838104248047,
            0.0008809566497802734,
            0.0008819103240966797,
            0.0008859634399414062
        ],
        "average": 0.0010945796966552734,
        "min": 0.0008809566497802734,
        "max": 0.002830028533935547
    },
    "zin26": {
        "class": "ZIn26",
        "include_startup": false,
        "runs": [
            0.0015649795532226562,
            0.0008299350738525391,
            0.0008120536804199219,
            0.0007891654968261719,
            0.0008020401000976562,
            0.0007970333099365234,
            0.0007731914520263672,
            0.0007550716400146484,
            0.0008089542388916016,
            0.0007669925689697266
        ],
        "average": 0.0008699417114257813,
        "min": 0.0007550716400146484,
        "max": 0.0015649795532226562
    },
    "zin26_startup": {
        "class": "ZIn26",
        "include_startup": true,
        "runs": [
            0.0029518604278564453,
            0.0009300708770751953,
            0.0009129047393798828,
            0.0009300708770751953,
            0.0009391307830810547,
            0.0009429454803466797,
            0.000926971435546875,
            0.0009429454803466797,
            0.0009350776672363281,
            0.0009369850158691406
        ],
        "average": 0.0011348962783813477,
        "min": 0.0009129047393798828,
        "max": 0.0029518604278564453
    }
}