{
    "f06": {
        "class": "F06",
        "include_startup": false,
        "runs": [
            0.0017740726470947266,
            0.0016031265258789062,
            0.001622915267944336,
            0.0016341209411621094,
            0.0016129016876220703,
            0.001766204833984375,
            0.0016529560089111328,
            0.0016350746154785156,
            0.0016210079193115234,
            0.0016219615936279297
        ],
        "average": 0.0016544342041015625,
        "min": 0.0016031265258789062,
        "max": 0.0017740726470947266
    },
    "f06_startup": {
        "class": "F06",
        "include_startup": true,
        "runs": [
            0.0027060508728027344,
            0.001773834228515625,
            0.001535177230834961,
            0.0015139579772949219,
            0.0014910697937011719,
            0.0036759376525878906,
            0.0018768310546875,
            0.0017940998077392578,
            0.001744985580444336,
            0.0017290115356445312
        ],
        "average": 0.001984095573425293,
        "min": 0.0014910697937011719,
        "max": 0.0036759376525878906
    },
    "fin06": {
        "class": "FIn06",
        "include_startup": false,
        "runs": [
            0.0017518997192382812,
            0.001600027084350586,
            0.0016698837280273438,
            0.0015931129455566406,
            0.0015759468078613281,
            0.0017390251159667969,
            0.0015730857849121094,
            0.0015769004821777344,
            0.0015988349914550781,
            0.0015912055969238281
        ],
        "average": 0.0016269922256469727,
        "min": 0.0015730857849121094,
        "max": 0.0017518997192382812
    },
    "fin06_startup": {
        "class": "FIn06",
        "include_startup": true,
        "runs": [
            0.0031290054321289062,
            0.0016930103302001953,
            0.0016868114471435547,
            0.0016639232635498047,
            0.0016789436340332031,
            0.0032129287719726562,
            0.0017361640930175781,
            0.00173187255859375,
            0.001783132553100586,
            0.0017299652099609375
        ],
        "average": 0.002004575729370117,
        "min": 0.0016639232635498047,
        "max": 0.0032129287719726562
    },
    "p16": {
        "class": "P16",
        "include_startup": false,
        "runs": [
            0.005327939987182617,
            0.005424022674560547,
            0.005326032638549805,
            0.0053789615631103516,
            0.005357980728149414,
            0.00531005859375,
            0.008664131164550781,
            0.0046579837799072266,
            0.005312204360961914,
            0.005357027053833008
        ],
        "average": 0.005611634254455567,
        "min": 0.0046579837799072266,
        "max": 0.008664131164550781
    },
    "p16_startup": {
        "class": "P16",
        "include_startup": true,
        "runs": [
            0.01247096061706543,
            0.006742000579833984,
            0.006622791290283203,
            0.0067369937896728516,
            0.00677490234375,
            0.006833076477050781,
            0.0066890716552734375,
            0.007095813751220703,
            0.006826877593994141,
            0.006691932678222656
        ],
        "average": 0.007348442077636718,
        "min": 0.006622791290283203,
        "max": 0.01247096061706543
    },
    "pin16": {
        "class": "PIn16",
        "include_startup": false,
        "runs": [
            0.0018849372863769531,
            0.001840829849243164,
            0.0015461444854736328,
            0.001825094223022461,
            0.001786947250366211,
            0.0018389225006103516,
            0.0018589496612548828,
            0.0017771720886230469,
            0.0018019676208496094,
            0.001631021499633789
        ],
        "average": 0.0017791986465454102,
        "min": 0.0015461444854736328,
        "max": 0.0018849372863769531
    },
    "pin16_startup": {
        "class": "PIn16",
        "include_startup": true,
        "runs": [
            0.0033330917358398438,
            0.0032749176025390625,
            0.0034749507904052734,
            0.0031681060791015625,
            0.0032978057861328125,
            0.003309011459350586,
            0.0033020973205566406,
            0.0033140182495117188,
            0.0027620792388916016,
            0.0032279491424560547
        ],
        "average": 0.0032464027404785155,
        "min": 0.0027620792388916016,
        "max": 0.0034749507904052734
    }
}