{
    "f06": {
        "class": "F06",
        "include_startup": false,
        "runs": [
            0.0017549991607666016,
            0.0015599727630615234,
            0.0015599727630615234,
            0.0015611648559570312,
            0.001580953598022461,
            0.001550912857055664,
            0.0014691352844238281,
            0.0014510154724121094,
            0.0013740062713623047,
            0.0013608932495117188
        ],
        "average": 0.0015223026275634766,
        "min": 0.0013608932495117188,
        "max": 0.0017549991607666016
    },
    "f06_startup": {
        "class": "F06",
        "include_startup": true,
        "runs": [
            0.0031599998474121094,
            0.0017468929290771484,
            0.0017349720001220703,
            0.0017120838165283203,
            0.0017430782318115234,
            0.0031998157501220703,
            0.001714944839477539,
            0.0016939640045166016,
            0.0016889572143554688,
            0.001711130142211914
        ],
        "average": 0.0020105838775634766,
        "min": 0.0016889572143554688,
        "max": 0.0031998157501220703
    },
    "fin06": {
        "class": "FIn06",
        "include_startup": false,
        "runs": [
            0.0017659664154052734,
            0.0015931129455566406,
            0.0016028881072998047,
            0.0016481876373291016,
            0.001611948013305664,
            0.001744985580444336,
            0.0016281604766845703,
            0.0016109943389892578,
            0.001611948013305664,
            0.0015821456909179688
        ],
        "average": 0.0016400337219238282,
        "min": 0.0015821456909179688,
        "max": 0.0017659664154052734
    },
    "fin06_startup": {
        "class": "FIn06",
        "include_startup": true,
        "runs": [
            0.003256082534790039,
            0.001725912094116211,
            0.0018150806427001953,
            0.001764059066772461,
            0.0017120838165283203,
            0.003142833709716797,
            0.0016908645629882812,
            0.001703023910522461,
            0.0016939640045166016,
            0.0017719268798828125
        ],
        "average": 0.002027583122253418,
        "min": 0.0016908645629882812,
        "max": 0.003256082534790039
    },
    "p16": {
        "class": "P16",
        "include_startup": false,
        "runs": [
            0.0052490234375,
            0.005334138870239258,
            0.006246089935302734,
            0.005239009857177734,
            0.005207061767578125,
            0.005301952362060547,
            0.005327939987182617,
            0.005287885665893555,
            0.005265951156616211,
            0.0052947998046875
        ],
        "average": 0.005375385284423828,
        "min": 0.005207061767578125,
        "max": 0.006246089935302734
    },
    "p16_startup": {
        "class": "P16",
        "include_startup": true,
        "runs": [
            0.006693840026855469,
            0.006613016128540039,
            0.006712913513183594,
            0.006637096405029297,
            0.0067291259765625,
            0.006697177886962891,
            0.006700038909912109,
            0.006680011749267578,
            0.006757974624633789,
            0.006741046905517578
        ],
        "average": 0.006696224212646484,
        "min": 0.006613016128540039,
        "max": 0.006757974624633789
    },
    "pin16": {
        "class": "PIn16",
        "include_startup": false,
        "runs": [
            0.0017910003662109375,
            0.0015740394592285156,
            0.0018219947814941406,
            0.0018019676208496094,
            0.0017960071563720703,
            0.0018301010131835938,
            0.0018188953399658203,
            0.0018589496612548828,
            0.0017809867858886719,
            0.0017940998077392578
        ],
        "average": 0.00178680419921875,
        "min": 0.0015740394592285156,
        "max": 0.0018589496612548828
    },
    "pin16_startup": {
        "class": "PIn16",
        "include_startup": true,
        "runs": [
            0.003203153610229492,
            0.003261089324951172,
            0.003348112106323242,
            0.003351926803588867,
            0.003289937973022461,
            0.002685070037841797,
            0.0032470226287841797,
            0.0027620792388916016,
            0.003180980682373047,
            0.0032951831817626953
        ],
        "average": 0.0031624555587768553,
        "min": 0.002685070037841797,
        "max": 0.003351926803588867
    }
}