{
    "f06": {
        "class": "F06",
        "include_startup": false,
        "runs": [
            0.38658785820007324,
            0.408405065536499,
            0.4185018539428711,
            0.4025731086730957,
            0.3994758129119873,
            0.3998880386352539,
            0.4133179187774658,
            0.39192700386047363,
            0.405411958694458,
            0.3991110324859619
        ],
        "average": 0.402519965171814,
        "min": 0.38658785820007324,
        "max": 0.4185018539428711
    },
    "f06_startup": {
        "class": "F06",
        "include_startup": true,
        "runs": [
            0.4195539951324463,
            0.40717101097106934,
            0.4007108211517334,
            0.40506696701049805,
            0.4578979015350342,
            0.4118988513946533,
            0.40223097801208496,
            0.3959372043609619,
            0.41591715812683105,
            0.4247441291809082
        ],
        "average": 0.41411290168762205,
        "min": 0.3959372043609619,
        "max": 0.4578979015350342
    }
}