{
    "f06": {
        "class": "F06",
        "include_startup": false,
        "runs": [
            0.3988988399505615,
            0.4048600196838379,
            0.39487290382385254,
            0.41224098205566406,
            0.3969252109527588,
            0.39832615852355957,
            0.3986082077026367,
            0.4004788398742676,
            0.40084409713745117,
            0.40421009063720703
        ],
        "average": 0.4010265350341797,
        "min": 0.39487290382385254,
        "max": 0.41224098205566406
    },
    "f06_startup": {
        "class": "F06",
        "include_startup": true,
        "runs": [
            0.3942859172821045,
            0.4184298515319824,
            0.42812299728393555,
            0.40440797805786133,
            0.40037989616394043,
            0.4022350311279297,
            0.40129685401916504,
            0.402249813079834,
            0.40729212760925293,
            0.4010658264160156
        ],
        "average": 0.4059766292572021,
        "min": 0.3942859172821045,
        "max": 0.42812299728393555
    }
}