{
    "f06": {
        "class": "F06",
        "include_startup": false,
        "runs": [
            0.06932210922241211,
            0.06846308708190918,
            0.06849384307861328,
            0.07126283645629883,
            0.06855201721191406,
            0.0693671703338623,
            0.07015514373779297,
            0.06930398941040039,
            0.0713350772857666,
            0.07031416893005371
        ],
        "average": 0.06965694427490235,
        "min": 0.06846308708190918,
        "max": 0.0713350772857666
    },
    "f06_startup": {
        "class": "F06",
        "include_startup": true,
        "runs": [
            0.09661006927490234,
            0.07067203521728516,
            0.07122302055358887,
            0.07360291481018066,
            0.07103705406188965,
            0.06896615028381348,
            0.0732870101928711,
            0.07295417785644531,
            0.07182908058166504,
            0.0722959041595459
        ],
        "average": 0.07424774169921874,
        "min": 0.06896615028381348,
        "max": 0.09661006927490234
    },
    "p16": {
        "class": "P16",
        "include_startup": false,
        "runs": [
            10.05647897720337,
            10.059770822525024,
            10.103893041610718,
            9.997160911560059,
            10.072173118591309,
            10.133255004882812,
            10.083388090133667,
            10.047854900360107,
            8.662758827209473,
            10.035120964050293
        ],
        "average": 9.925185465812683,
        "min": 8.662758827209473,
        "max": 10.133255004882812
    },
    "p16_startup": {
        "class": "P16",
        "include_startup": true,
        "runs": [
            9.884786128997803,
            9.964400053024292,
            10.0192711353302,
            10.165186166763306,
            9.939267873764038,
            10.01032280921936,
            10.01076602935791,
            10.080935001373291,
            8.647554159164429,
            10.024366855621338
        ],
        "average": 9.874685621261596,
        "min": 8.647554159164429,
        "max": 10.165186166763306
    }
}