{
    "f06": {
        "class": "F06",
        "include_startup": false,
        "runs": [
            0.07013702392578125,
            0.07007503509521484,
            0.07059502601623535,
            0.0721731185913086,
            0.06914401054382324,
            0.06977605819702148,
            0.06959104537963867,
            0.0694270133972168,
            0.07254385948181152,
            0.0684959888458252
        ],
        "average": 0.07019581794738769,
        "min": 0.0684959888458252,
        "max": 0.07254385948181152
    },
    "f06_startup": {
        "class": "F06",
        "include_startup": true,
        "runs": [
            0.07696223258972168,
            0.07063007354736328,
            0.07102298736572266,
            0.07098102569580078,
            0.07284402847290039,
            0.07727909088134766,
            0.07120704650878906,
            0.0712900161743164,
            0.07099294662475586,
            0.07071900367736816
        ],
        "average": 0.07239284515380859,
        "min": 0.07063007354736328,
        "max": 0.07727909088134766
    },
    "p16": {
        "class": "P16",
        "include_startup": false,
        "runs": [
            10.081598997116089,
            10.025641918182373,
            10.083545923233032,
            10.218019962310791,
            9.836684942245483,
            10.027980089187622,
            10.111703157424927,
            10.14274001121521,
            8.680056095123291,
            8.652639150619507
        ],
        "average": 9.786061024665832,
        "min": 8.652639150619507,
        "max": 10.218019962310791
    },
    "p16_startup": {
        "class": "P16",
        "include_startup": true,
        "runs": [
            8.680046796798706,
            10.048382997512817,
            8.66933798789978,
            9.898355960845947,
            9.968414068222046,
            9.936387062072754,
            10.089144945144653,
            10.108073949813843,
            10.119671821594238,
            9.9741051197052
        ],
        "average": 9.749192070960998,
        "min": 8.66933798789978,
        "max": 10.119671821594238
    }
}