{
    "f06": {
        "class": "F06",
        "include_startup": false,
        "runs": [
            0.000843048095703125,
            0.0008139610290527344,
            0.0008230209350585938,
            0.000823974609375,
            0.0008420944213867188,
            0.0008299350738525391,
            0.0008370876312255859,
            0.0008571147918701172,
            0.0008299350738525391,
            0.0008320808410644531
        ],
        "average": 0.0008332252502441407,
        "min": 0.0008139610290527344,
        "max": 0.0008571147918701172
    },
    "f06_startup": {
        "class": "F06",
        "include_startup": true,
        "runs": [
            0.0018911361694335938,
            0.0015151500701904297,
            0.0014460086822509766,
            0.0015001296997070312,
            0.0014448165893554688,
            0.0021839141845703125,
            0.001811981201171875,
            0.0017900466918945312,
            0.0018301010131835938,
            0.0018749237060546875
        ],
        "average": 0.00172882080078125,
        "min": 0.0014448165893554688,
        "max": 0.0021839141845703125
    },
    "fin06": {
        "class": "FIn06",
        "include_startup": false,
        "runs": [
            0.0008189678192138672,
            0.000843048095703125,
            0.0008189678192138672,
            0.0009419918060302734,
            0.0008289813995361328,
            0.0008251667022705078,
            0.0008499622344970703,
            0.0008349418640136719,
            0.0008611679077148438,
            0.000843048095703125
        ],
        "average": 0.0008466243743896484,
        "min": 0.0008189678192138672,
        "max": 0.0009419918060302734
    },
    "fin06_startup": {
        "class": "FIn06",
        "include_startup": true,
        "runs": [
            0.0022079944610595703,
            0.0019030570983886719,
            0.0017628669738769531,
            0.0017979145050048828,
            0.0017549991607666016,
            0.0022020339965820312,
            0.0017871856689453125,
            0.0017480850219726562,
            0.0017459392547607422,
            0.0017371177673339844
        ],
        "average": 0.0018647193908691406,
        "min": 0.0017371177673339844,
        "max": 0.0022079944610595703
    },
    "p16": {
        "class": "P16",
        "include_startup": false,
        "runs": [
            0.0014829635620117188,
            0.0008800029754638672,
            0.0008981227874755859,
            0.0008990764617919922,
            0.0008990764617919922,
            0.0008847713470458984,
            0.0008809566497802734,
            0.0008780956268310547,
            0.0009000301361083984,
            0.0009098052978515625
        ],
        "average": 0.0009512901306152344,
        "min": 0.0008780956268310547,
        "max": 0.0014829635620117188
    },
    "p16_startup": {
        "class": "P16",
        "include_startup": true,
        "runs": [
            0.002193927764892578,
            0.002260923385620117,
            0.0019259452819824219,
            0.002212047576904297,
            0.002379179000854492,
            0.002218961715698242,
            0.0022499561309814453,
            0.002238035202026367,
            0.002270936965942383,
            0.0018641948699951172
        ],
        "average": 0.002181410789489746,
        "min": 0.0018641948699951172,
        "max": 0.002379179000854492
    },
    "pin16": {
        "class": "PIn16",
        "include_startup": false,
        "runs": [
            0.0008890628814697266,
            0.000885009765625,
            0.0008800029754638672,
            0.0008749961853027344,
            0.0008819103240966797,
            0.0008769035339355469,
            0.0009129047393798828,
            0.00086212158203125,
            0.0008640289306640625,
            0.0008900165557861328
        ],
        "average": 0.0008816957473754883,
        "min": 0.00086212158203125,
        "max": 0.0009129047393798828
    },
    "pin16_startup": {
        "class": "PIn16",
        "include_startup": true,
        "runs": [
            0.0022330284118652344,
            0.002208232879638672,
            0.0018880367279052734,
            0.0023059844970703125,
            0.0026400089263916016,
            0.0022089481353759766,
            0.002195119857788086,
            0.002335071563720703,
            0.0022611618041992188,
            0.002256155014038086
        ],
        "average": 0.0022531747817993164,
        "min": 0.0018880367279052734,
        "max": 0.0026400089263916016
    }
}