{
    "f06": {
        "class": "F06",
        "include_startup": false,
        "runs": [
            0.0006959438323974609,
            0.0006937980651855469,
            0.0006778240203857422,
            0.0006780624389648438,
            0.0006899833679199219,
            0.0007169246673583984,
            0.0006840229034423828,
            0.0007050037384033203,
            0.0006890296936035156,
            0.0006740093231201172
        ],
        "average": 0.000690460205078125,
        "min": 0.0006740093231201172,
        "max": 0.0007169246673583984
    },
    "f06_startup": {
        "class": "F06",
        "include_startup": true,
        "runs": [
            0.0022008419036865234,
            0.0018401145935058594,
            0.0018279552459716797,
            0.0018451213836669922,
            0.0017719268798828125,
            0.0021800994873046875,
            0.0018219947814941406,
            0.0018131732940673828,
            0.0017709732055664062,
            0.0017809867858886719
        ],
        "average": 0.0018853187561035157,
        "min": 0.0017709732055664062,
        "max": 0.0022008419036865234
    },
    "fin06": {
        "class": "FIn06",
        "include_startup": false,
        "runs": [
            0.0008251667022705078,
            0.0008339881896972656,
            0.0008320808410644531,
            0.0008440017700195312,
            0.0008339881896972656,
            0.0008568763732910156,
            0.0008180141448974609,
            0.0008008480072021484,
            0.0008230209350585938,
            0.0008368492126464844
        ],
        "average": 0.0008304834365844727,
        "min": 0.0008008480072021484,
        "max": 0.0008568763732910156
    },
    "fin06_startup": {
        "class": "FIn06",
        "include_startup": true,
        "runs": [
            0.0022590160369873047,
            0.0018739700317382812,
            0.0018661022186279297,
            0.0018439292907714844,
            0.0018279552459716797,
            0.0021619796752929688,
            0.0018100738525390625,
            0.0017650127410888672,
            0.0017881393432617188,
            0.0017528533935546875
        ],
        "average": 0.0018949031829833985,
        "min": 0.0017528533935546875,
        "max": 0.0022590160369873047
    },
    "p16": {
        "class": "P16",
        "include_startup": false,
        "runs": [
            0.0008730888366699219,
            0.0008831024169921875,
            0.0008959770202636719,
            0.0008831024169921875,
            0.0008938312530517578,
            0.0008721351623535156,
            0.0008909702301025391,
            0.0008969306945800781,
            0.0008919239044189453,
            0.0008521080017089844
        ],
        "average": 0.0008833169937133789,
        "min": 0.0008521080017089844,
        "max": 0.0008969306945800781
    },
    "p16_startup": {
        "class": "P16",
        "include_startup": true,
        "runs": [
            0.0022478103637695312,
            0.002480030059814453,
            0.0018219947814941406,
            0.0023839473724365234,
            0.0022771358489990234,
            0.002234935760498047,
            0.0023620128631591797,
            0.002274036407470703,
            0.0022110939025878906,
            0.0022430419921875
        ],
        "average": 0.002253603935241699,
        "min": 0.0018219947814941406,
        "max": 0.002480030059814453
    },
    "pin16": {
        "class": "PIn16",
        "include_startup": false,
        "runs": [
            0.0007112026214599609,
            0.0008978843688964844,
            0.0009031295776367188,
            0.0008831024169921875,
            0.0008740425109863281,
            0.0008759498596191406,
            0.0008749961853027344,
            0.0007221698760986328,
            0.0008871555328369141,
            0.0008759498596191406
        ],
        "average": 0.0008505582809448242,
        "min": 0.0007112026214599609,
        "max": 0.0009031295776367188
    },
    "pin16_startup": {
        "class": "PIn16",
        "include_startup": true,
        "runs": [
            0.0022039413452148438,
            0.002187967300415039,
            0.0023009777069091797,
            0.0022029876708984375,
            0.0018591880798339844,
            0.0022840499877929688,
            0.002337932586669922,
            0.0022809505462646484,
            0.0018999576568603516,
            0.002213001251220703
        ],
        "average": 0.0021770954132080077,
        "min": 0.0018591880798339844,
        "max": 0.002337932586669922
    }
}