{
    "f06": {
        "class": "F06",
        "include_startup": false,
        "runs": [
            0.0008709430694580078,
            0.0008020401000976562,
            0.0008051395416259766,
            0.0007939338684082031,
            0.0009129047393798828,
            0.0007739067077636719,
            0.0007920265197753906,
            0.0007810592651367188,
            0.0007770061492919922,
            0.0007848739624023438
        ],
        "average": 0.0008093833923339844,
        "min": 0.0007739067077636719,
        "max": 0.0009129047393798828
    },
    "f06_startup": {
        "class": "F06",
        "include_startup": true,
        "runs": [
            0.0019750595092773438,
            0.0008320808410644531,
            0.0008089542388916016,
            0.0008189678192138672,
            0.0008208751678466797,
            0.0008189678192138672,
            0.0008211135864257812,
            0.0008141994476318359,
            0.0007920265197753906,
            0.0008177757263183594
        ],
        "average": 0.000932002067565918,
        "min": 0.0007920265197753906,
        "max": 0.0019750595092773438
    },
    "p16": {
        "class": "P16",
        "include_startup": false,
        "runs": [
            0.0009050369262695312,
            0.0008039474487304688,
            0.0007970333099365234,
            0.0007750988006591797,
            0.0007731914520263672,
            0.0007750988006591797,
            0.0007750988006591797,
            0.0007560253143310547,
            0.0007550716400146484,
            0.0007619857788085938
        ],
        "average": 0.0007877588272094726,
        "min": 0.0007550716400146484,
        "max": 0.0009050369262695312
    },
    "p16_startup": {
        "class": "P16",
        "include_startup": true,
        "runs": [
            0.002086162567138672,
            0.0009069442749023438,
            0.0008580684661865234,
            0.0008909702301025391,
            0.0008909702301025391,
            0.0009179115295410156,
            0.0008890628814697266,
            0.0009179115295410156,
            0.0009100437164306641,
            0.0008788108825683594
        ],
        "average": 0.0010146856307983398,
        "min": 0.0008580684661865234,
        "max": 0.002086162567138672
    },
    "z26": {
        "class": "Z26",
        "include_startup": false,
        "runs": [
            0.001130819320678711,
            0.0009071826934814453,
            0.0008609294891357422,
            0.0008709430694580078,
            0.0008549690246582031,
            0.0008060932159423828,
            0.0008268356323242188,
            0.0008230209350585938,
            0.0008590221405029297,
            0.0008521080017089844
        ],
        "average": 0.0008791923522949219,
        "min": 0.0008060932159423828,
        "max": 0.001130819320678711
    },
    "z26_startup": {
        "class": "Z26",
        "include_startup": true,
        "runs": [
            0.0017039775848388672,
            0.00080108642578125,
            0.0008070468902587891,
            0.0008039474487304688,
            0.0007939338684082031,
            0.0008778572082519531,
            0.0007839202880859375,
            0.0007841587066650391,
            0.0007739067077636719,
            0.0007610321044921875
        ],
        "average": 0.0008890867233276367,
        "min": 0.0007610321044921875,
        "max": 0.0017039775848388672
    }
}