{
    "f06": {
        "class": "F06",
        "include_startup": false,
        "runs": [
            0.0008549690246582031,
            0.0007770061492919922,
            0.0007560253143310547,
            0.0007691383361816406,
            0.0007791519165039062,
            0.0007648468017578125,
            0.0007719993591308594,
            0.0008299350738525391,
            0.0007951259613037109,
            0.0008318424224853516
        ],
        "average": 0.000793004035949707,
        "min": 0.0007560253143310547,
        "max": 0.0008549690246582031
    },
    "f06_startup": {
        "class": "F06",
        "include_startup": true,
        "runs": [
            0.001605987548828125,
            0.0006830692291259766,
            0.0006809234619140625,
            0.0006561279296875,
            0.0006868839263916016,
            0.0006759166717529297,
            0.0006620883941650391,
            0.0006701946258544922,
            0.0006620883941650391,
            0.0006890296936035156
        ],
        "average": 0.0007672309875488281,
        "min": 0.0006561279296875,
        "max": 0.001605987548828125
    },
    "p16": {
        "class": "P16",
        "include_startup": false,
        "runs": [
            0.0009109973907470703,
            0.0008089542388916016,
            0.0007910728454589844,
            0.0007758140563964844,
            0.0007891654968261719,
            0.0007998943328857422,
            0.0007979869842529297,
            0.0007750988006591797,
            0.0008020401000976562,
            0.0007951259613037109
        ],
        "average": 0.0008046150207519532,
        "min": 0.0007750988006591797,
        "max": 0.0009109973907470703
    },
    "p16_startup": {
        "class": "P16",
        "include_startup": true,
        "runs": [
            0.002050161361694336,
            0.0009038448333740234,
            0.0008780956268310547,
            0.0008831024169921875,
            0.0008800029754638672,
            0.0008790493011474609,
            0.0008840560913085938,
            0.0008819103240966797,
            0.0008838176727294922,
            0.0008790493011474609
        ],
        "average": 0.0010003089904785157,
        "min": 0.0008780956268310547,
        "max": 0.002050161361694336
    },
    "z26": {
        "class": "Z26",
        "include_startup": false,
        "runs": [
            0.0009839534759521484,
            0.0008268356323242188,
            0.0008041858673095703,
            0.0008871555328369141,
            0.0008111000061035156,
            0.0007898807525634766,
            0.0007970333099365234,
            0.0011680126190185547,
            0.0009670257568359375,
            0.0007860660552978516
        ],
        "average": 0.0008821249008178711,
        "min": 0.0007860660552978516,
        "max": 0.0011680126190185547
    },
    "z26_startup": {
        "class": "Z26",
        "include_startup": true,
        "runs": [
            0.0020771026611328125,
            0.0009298324584960938,
            0.0009410381317138672,
            0.0009851455688476562,
            0.0009391307830810547,
            0.0009469985961914062,
            0.0009548664093017578,
            0.0010068416595458984,
            0.0009720325469970703,
            0.0009889602661132812
        ],
        "average": 0.0010741949081420898,
        "min": 0.0009298324584960938,
        "max": 0.0020771026611328125
    }
}