{
    "f06": {
        "class": "F06",
        "include_startup": false,
        "runs": [
            0.6042461395263672,
            0.5840940475463867,
            0.573483943939209,
            0.5835909843444824,
            0.5793478488922119,
            0.5902140140533447,
            0.5787639617919922,
            0.5786290168762207,
            0.578840970993042,
            0.5786190032958984
        ],
        "average": 0.5829829931259155,
        "min": 0.573483943939209,
        "max": 0.6042461395263672
    },
    "f06_startup": {
        "class": "F06",
        "include_startup": true,
        "runs": [
            0.5816688537597656,
            0.5779209136962891,
            0.5774099826812744,
            0.5800771713256836,
            0.5769820213317871,
            0.5794429779052734,
            0.5775208473205566,
            0.5759549140930176,
            0.5749990940093994,
            0.5728938579559326
        ],
        "average": 0.5774870634078979,
        "min": 0.5728938579559326,
        "max": 0.5816688537597656
    },
    "p16": {
        "class": "P16",
        "include_startup": false,
        "runs": [
            81.42348194122314,
            81.52737283706665,
            81.44100594520569,
            80.9520480632782,
            80.64744901657104,
            80.86204600334167,
            68.35749506950378,
            80.76642203330994,
            81.13201689720154,
            80.89294791221619
        ],
        "average": 79.80022857189178,
        "min": 68.35749506950378,
        "max": 81.52737283706665
    },
    "p16_startup": {
        "class": "P16",
        "include_startup": true,
        "runs": [
            81.04930019378662,
            80.88088202476501,
            80.92880010604858,
            80.98296403884888,
            79.92753505706787,
            81.00700688362122,
            80.64305186271667,
            81.7167580127716,
            80.92574691772461,
            81.24125790596008
        ],
        "average": 80.93033030033112,
        "min": 79.92753505706787,
        "max": 81.7167580127716
    }
}