{
    "f06": {
        "class": "F06",
        "include_startup": false,
        "runs": [
            0.5868208408355713,
            0.5772340297698975,
            0.5754568576812744,
            0.5768780708312988,
            0.5731070041656494,
            0.5815021991729736,
            0.5700509548187256,
            0.5776829719543457,
            0.5765070915222168,
            0.5782990455627441
        ],
        "average": 0.5773539066314697,
        "min": 0.5700509548187256,
        "max": 0.5868208408355713
    },
    "f06_startup": {
        "class": "F06",
        "include_startup": true,
        "runs": [
            0.5924711227416992,
            0.574552059173584,
            0.5687069892883301,
            0.5753629207611084,
            0.6053562164306641,
            0.5818209648132324,
            0.5812990665435791,
            0.5796091556549072,
            0.589087963104248,
            0.5833439826965332
        ],
        "average": 0.5831610441207886,
        "min": 0.5687069892883301,
        "max": 0.6053562164306641
    },
    "p16": {
        "class": "P16",
        "include_startup": false,
        "runs": [
            81.11149501800537,
            80.48246693611145,
            69.08182406425476,
            81.06975603103638,
            80.93235898017883,
            80.28794598579407,
            82.10417079925537,
            81.048593044281,
            80.95024609565735,
            78.30751013755798
        ],
        "average": 79.53763670921326,
        "min": 69.08182406425476,
        "max": 82.10417079925537
    },
    "p16_startup": {
        "class": "P16",
        "include_startup": true,
        "runs": [
            81.47125387191772,
            80.74741888046265,
            81.58339500427246,
            83.60899209976196,
            81.23056387901306,
            80.46034789085388,
            80.38233494758606,
            81.47669100761414,
            80.88480114936829,
            81.55329489707947
        ],
        "average": 81.33990936279297,
        "min": 80.38233494758606,
        "max": 83.60899209976196
    }
}