{
    "f06": {
        "class": "F06",
        "include_startup": false,
        "runs": [
            0.0035729408264160156,
            0.0034379959106445312,
            0.0034198760986328125,
            0.003384113311767578,
            0.003320932388305664,
            0.002936124801635742,
            0.0027549266815185547,
            0.002782106399536133,
            0.00275421142578125,
            0.002749919891357422
        ],
        "average": 0.00311131477355957,
        "min": 0.002749919891357422,
        "max": 0.0035729408264160156
    },
    "f06_startup": {
        "class": "F06",
        "include_startup": true,
        "runs": [
            0.0050029754638671875,
            0.003570079803466797,
            0.003618955612182617,
            0.0035860538482666016,
            0.003628969192504883,
            0.004887819290161133,
            0.0034949779510498047,
            0.0034508705139160156,
            0.003422975540161133,
            0.003451108932495117
        ],
        "average": 0.003811478614807129,
        "min": 0.003422975540161133,
        "max": 0.0050029754638671875
    },
    "p16": {
        "class": "P16",
        "include_startup": false,
        "runs": [
            0.0036678314208984375,
            0.003765106201171875,
            0.003921985626220703,
            0.0036468505859375,
            0.003618001937866211,
            0.003715991973876953,
            0.0036928653717041016,
            0.003659963607788086,
            0.0038728713989257812,
            0.003618001937866211
        ],
        "average": 0.003717947006225586,
        "min": 0.003618001937866211,
        "max": 0.003921985626220703
    },
    "p16_startup": {
        "class": "P16",
        "include_startup": true,
        "runs": [
            0.004909038543701172,
            0.004761934280395508,
            0.0048580169677734375,
            0.0047149658203125,
            0.0048868656158447266,
            0.0048830509185791016,
            0.00545191764831543,
            0.0047800540924072266,
            0.004763126373291016,
            0.004856109619140625
        ],
        "average": 0.004886507987976074,
        "min": 0.0047149658203125,
        "max": 0.00545191764831543
    }
}