{
    "f06": {
        "class": "F06",
        "include_startup": false,
        "runs": [
            0.3535149097442627,
            0.3509249687194824,
            0.41276097297668457,
            0.4036998748779297,
            0.4052269458770752,
            0.424548864364624,
            0.40177488327026367,
            0.399399995803833,
            0.4079761505126953,
            0.39995908737182617
        ],
        "average": 0.39597866535186765,
        "min": 0.3509249687194824,
        "max": 0.424548864364624
    },
    "f06_startup": {
        "class": "F06",
        "include_startup": true,
        "runs": [
            0.3988230228424072,
            0.34418296813964844,
            0.3961801528930664,
            0.4033331871032715,
            0.4110410213470459,
            0.42336511611938477,
            0.4109079837799072,
            0.41163086891174316,
            0.3997509479522705,
            0.39862799644470215
        ],
        "average": 0.3997843265533447,
        "min": 0.34418296813964844,
        "max": 0.42336511611938477
    },
    "fin06": {
        "class": "FIn06",
        "include_startup": false,
        "runs": [
            0.37653112411499023,
            0.3955259323120117,
            0.3393518924713135,
            0.37820982933044434,
            0.37831902503967285,
            0.37493109703063965,
            0.37395191192626953,
            0.3864140510559082,
            0.37595701217651367,
            0.41574692726135254
        ],
        "average": 0.3794938802719116,
        "min": 0.3393518924713135,
        "max": 0.41574692726135254
    },
    "fin06_startup": {
        "class": "FIn06",
        "include_startup": true,
        "runs": [
            0.38373589515686035,
            0.37798500061035156,
            0.38103199005126953,
            0.375669002532959,
            0.3766648769378662,
            0.3799278736114502,
            0.37443995475769043,
            0.37520813941955566,
            0.38496899604797363,
            0.4059879779815674
        ],
        "average": 0.3815619707107544,
        "min": 0.37443995475769043,
        "max": 0.4059879779815674
    }
}