{
    "f06": {
        "class": "F06",
        "include_startup": false,
        "runs": [
            0.003587961196899414,
            0.003387928009033203,
            0.003345012664794922,
            0.0033690929412841797,
            0.0033919811248779297,
            0.003587961196899414,
            0.003343820571899414,
            0.003367900848388672,
            0.003381013870239258,
            0.0034987926483154297
        ],
        "average": 0.0034261465072631834,
        "min": 0.003343820571899414,
        "max": 0.003587961196899414
    },
    "f06_startup": {
        "class": "F06",
        "include_startup": true,
        "runs": [
            0.004942893981933594,
            0.003634929656982422,
            0.0035729408264160156,
            0.003587961196899414,
            0.003670930862426758,
            0.004670858383178711,
            0.003518819808959961,
            0.0034589767456054688,
            0.003448009490966797,
            0.00345611572265625
        ],
        "average": 0.003796243667602539,
        "min": 0.003448009490966797,
        "max": 0.004942893981933594
    },
    "p16": {
        "class": "P16",
        "include_startup": false,
        "runs": [
            0.003634929656982422,
            0.0036859512329101562,
            0.0036652088165283203,
            0.0030150413513183594,
            0.0036830902099609375,
            0.003615140914916992,
            0.0030410289764404297,
            0.0039288997650146484,
            0.003648996353149414,
            0.003695964813232422
        ],
        "average": 0.0035614252090454103,
        "min": 0.0030150413513183594,
        "max": 0.0039288997650146484
    },
    "p16_startup": {
        "class": "P16",
        "include_startup": true,
        "runs": [
            0.0040149688720703125,
            0.004867076873779297,
            0.004103183746337891,
            0.004906892776489258,
            0.004750967025756836,
            0.004792928695678711,
            0.003968000411987305,
            0.0047760009765625,
            0.004069089889526367,
            0.0049610137939453125
        ],
        "average": 0.004521012306213379,
        "min": 0.003968000411987305,
        "max": 0.0049610137939453125
    }
}