{
    "f06": {
        "class": "F06",
        "include_startup": false,
        "runs": [
            0.3980448246002197,
            0.3991520404815674,
            0.39354991912841797,
            0.4042549133300781,
            0.37455105781555176,
            0.3959839344024658,
            0.39620399475097656,
            0.4021718502044678,
            0.39998698234558105,
            0.4033489227294922
        ],
        "average": 0.39672484397888186,
        "min": 0.37455105781555176,
        "max": 0.4042549133300781
    },
    "f06_startup": {
        "class": "F06",
        "include_startup": true,
        "runs": [
            0.4105851650238037,
            0.3988640308380127,
            0.39673399925231934,
            0.35791897773742676,
            0.39946699142456055,
            0.400576114654541,
            0.4050569534301758,
            0.42250990867614746,
            0.40799808502197266,
            0.4020991325378418
        ],
        "average": 0.4001809358596802,
        "min": 0.35791897773742676,
        "max": 0.42250990867614746
    },
    "fin06": {
        "class": "FIn06",
        "include_startup": false,
        "runs": [
            0.37282419204711914,
            0.37256598472595215,
            0.3796210289001465,
            0.3739349842071533,
            0.3755669593811035,
            0.394381046295166,
            0.3842310905456543,
            0.39703893661499023,
            0.3764641284942627,
            0.3773970603942871
        ],
        "average": 0.3804025411605835,
        "min": 0.37256598472595215,
        "max": 0.39703893661499023
    },
    "fin06_startup": {
        "class": "FIn06",
        "include_startup": true,
        "runs": [
            0.38430285453796387,
            0.369783878326416,
            0.37902092933654785,
            0.3730499744415283,
            0.4081101417541504,
            0.39151787757873535,
            0.39000988006591797,
            0.3260359764099121,
            0.38378405570983887,
            0.38112497329711914
        ],
        "average": 0.378674054145813,
        "min": 0.3260359764099121,
        "max": 0.4081101417541504
    }
}