{
    "f06": {
        "class": "F06",
        "include_startup": false,
        "runs": [
            0.6957759857177734,
            0.6962528228759766,
            0.6996970176696777,
            0.6995830535888672,
            0.6911659240722656,
            0.6955389976501465,
            0.7188990116119385,
            0.6932528018951416,
            0.6009612083435059,
            0.7061610221862793
        ],
        "average": 0.6897287845611573,
        "min": 0.6009612083435059,
        "max": 0.7188990116119385
    },
    "f06_startup": {
        "class": "F06",
        "include_startup": true,
        "runs": [
            0.7139079570770264,
            0.7020678520202637,
            0.6963248252868652,
            0.7087440490722656,
            0.6147539615631104,
            0.7096810340881348,
            0.7248339653015137,
            0.6740739345550537,
            0.6785550117492676,
            0.6994380950927734
        ],
        "average": 0.6922380685806274,
        "min": 0.6147539615631104,
        "max": 0.7248339653015137
    }
}