{
    "f06": {
        "class": "F06",
        "include_startup": false,
        "runs": [
            0.6938960552215576,
            0.7340271472930908,
            0.6910898685455322,
            0.6739518642425537,
            0.698854923248291,
            0.7055819034576416,
            0.7039279937744141,
            0.6974050998687744,
            0.7120327949523926,
            0.7104530334472656
        ],
        "average": 0.7021220684051513,
        "min": 0.6739518642425537,
        "max": 0.7340271472930908
    },
    "f06_startup": {
        "class": "F06",
        "include_startup": true,
        "runs": [
            0.7018558979034424,
            0.708266019821167,
            0.6959609985351562,
            0.7194881439208984,
            0.60076904296875,
            0.696692943572998,
            0.7131531238555908,
            0.697354793548584,
            0.7101590633392334,
            0.719569206237793
        ],
        "average": 0.6963269233703613,
        "min": 0.60076904296875,
        "max": 0.719569206237793
    }
}