{
    "f06": {
        "class": "F06",
        "include_startup": false,
        "runs": [
            1.1282999515533447,
            1.1396441459655762,
            1.1229238510131836,
            1.1201081275939941,
            1.1549739837646484,
            1.12813401222229,
            1.1264710426330566,
            1.1634728908538818,
            1.1432440280914307,
            1.1419219970703125
        ],
        "average": 1.1369194030761718,
        "min": 1.1201081275939941,
        "max": 1.1634728908538818
    },
    "f06_startup": {
        "class": "F06",
        "include_startup": true,
        "runs": [
            1.2285349369049072,
            0.9834539890289307,
            1.1403050422668457,
            1.1290841102600098,
            0.9581937789916992,
            0.9629089832305908,
            1.134889841079712,
            1.125162124633789,
            1.1375019550323486,
            1.1299128532409668
        ],
        "average": 1.09299476146698,
        "min": 0.9581937789916992,
        "max": 1.2285349369049072
    },
    "fin06": {
        "class": "FIn06",
        "include_startup": false,
        "runs": [
            9.078163862228394,
            9.133125066757202,
            9.115869998931885,
            9.262754917144775,
            7.6424877643585205,
            9.186393976211548,
            9.15379810333252,
            9.249189138412476,
            9.144767045974731,
            9.142941951751709
        ],
        "average": 9.010949182510377,
        "min": 7.6424877643585205,
        "max": 9.262754917144775
    },
    "fin06_startup": {
        "class": "FIn06",
        "include_startup": true,
        "runs": [
            9.083003044128418,
            9.000037908554077,
            9.078933000564575,
            9.143784999847412,
            9.143353939056396,
            7.616846084594727,
            9.1875159740448,
            9.173805952072144,
            9.1880521774292,
            9.155509948730469
        ],
        "average": 8.977084302902222,
        "min": 7.616846084594727,
        "max": 9.1880521774292
    }
}