{
    "f06": {
        "class": "F06",
        "include_startup": false,
        "runs": [
            1.1535441875457764,
            1.1490199565887451,
            1.1321971416473389,
            0.9792318344116211,
            1.1340200901031494,
            1.127150058746338,
            1.10591721534729,
            1.1382420063018799,
            1.1223909854888916,
            1.160006046295166
        ],
        "average": 1.1201719522476197,
        "min": 0.9792318344116211,
        "max": 1.160006046295166
    },
    "f06_startup": {
        "class": "F06",
        "include_startup": true,
        "runs": [
            1.0869989395141602,
            1.123866081237793,
            1.141545057296753,
            1.13515305519104,
            1.1475019454956055,
            1.1270391941070557,
            1.1382789611816406,
            1.153007984161377,
            1.1380128860473633,
            1.1404380798339844
        ],
        "average": 1.1331842184066772,
        "min": 1.0869989395141602,
        "max": 1.153007984161377
    },
    "fin06": {
        "class": "FIn06",
        "include_startup": false,
        "runs": [
            9.124061107635498,
            9.323927164077759,
            9.196916103363037,
            9.144186019897461,
            9.112081050872803,
            9.206543922424316,
            9.11161994934082,
            9.088916063308716,
            9.251816987991333,
            7.64274001121521
        ],
        "average": 9.020280838012695,
        "min": 7.64274001121521,
        "max": 9.323927164077759
    },
    "fin06_startup": {
        "class": "FIn06",
        "include_startup": true,
        "runs": [
            9.160232782363892,
            9.169465065002441,
            9.132436037063599,
            9.222424030303955,
            9.845879077911377,
            9.165688037872314,
            9.087200164794922,
            9.158577919006348,
            8.846998929977417,
            9.121523141860962
        ],
        "average": 9.191042518615722,
        "min": 8.846998929977417,
        "max": 9.845879077911377
    }
}