{
    "f06": {
        "class": "F06",
        "include_startup": false,
        "runs": [
            0.003968000411987305,
            0.0035660266876220703,
            0.003582000732421875,
            0.0036461353302001953,
            0.003570079803466797,
            0.003537893295288086,
            0.0035691261291503906,
            0.0035610198974609375,
            0.0035619735717773438,
            0.003612995147705078
        ],
        "average": 0.003617525100708008,
        "min": 0.003537893295288086,
        "max": 0.003968000411987305
    },
    "f06_startup": {
        "class": "F06",
        "include_startup": true,
        "runs": [
            0.003938198089599609,
            0.003556966781616211,
            0.0035200119018554688,
            0.003509044647216797,
            0.0036079883575439453,
            0.0035429000854492188,
            0.0035529136657714844,
            0.003504037857055664,
            0.003523111343383789,
            0.0035190582275390625
        ],
        "average": 0.003577423095703125,
        "min": 0.003504037857055664,
        "max": 0.003938198089599609
    },
    "fin06": {
        "class": "FIn06",
        "include_startup": false,
        "runs": [
            0.0044708251953125,
            0.0041120052337646484,
            0.0040400028228759766,
            0.004102945327758789,
            0.004042863845825195,
            0.004012107849121094,
            0.0040280818939208984,
            0.0040318965911865234,
            0.003999948501586914,
            0.0040400028228759766
        ],
        "average": 0.004088068008422851,
        "min": 0.003999948501586914,
        "max": 0.0044708251953125
    },
    "fin06_startup": {
        "class": "FIn06",
        "include_startup": true,
        "runs": [
            0.004408836364746094,
            0.004023075103759766,
            0.003985166549682617,
            0.0040090084075927734,
            0.004077911376953125,
            0.004029035568237305,
            0.004058122634887695,
            0.004089832305908203,
            0.004075050354003906,
            0.00407099723815918
        ],
        "average": 0.004082703590393066,
        "min": 0.003985166549682617,
        "max": 0.004408836364746094
    },
    "p16": {
        "class": "P16",
        "include_startup": false,
        "runs": [
            0.003991127014160156,
            0.0035660266876220703,
            0.003570079803466797,
            0.005846977233886719,
            0.007132053375244141,
            0.006946086883544922,
            0.007138967514038086,
            0.007148027420043945,
            0.007033824920654297,
            0.0069239139556884766
        ],
        "average": 0.005929708480834961,
        "min": 0.0035660266876220703,
        "max": 0.007148027420043945
    },
    "p16_startup": {
        "class": "P16",
        "include_startup": true,
        "runs": [
            0.0038530826568603516,
            0.0035011768341064453,
            0.0034809112548828125,
            0.0035059452056884766,
            0.003493070602416992,
            0.0034990310668945312,
            0.003504037857055664,
            0.006529808044433594,
            0.007233858108520508,
            0.007294178009033203
        ],
        "average": 0.004589509963989258,
        "min": 0.0034809112548828125,
        "max": 0.007294178009033203
    },
    "pin16": {
        "class": "PIn16",
        "include_startup": false,
        "runs": [
            0.0043528079986572266,
            0.003985881805419922,
            0.003927946090698242,
            0.003981113433837891,
            0.003988027572631836,
            0.004006862640380859,
            0.004126071929931641,
            0.004029035568237305,
            0.00409388542175293,
            0.004064083099365234
        ],
        "average": 0.004055571556091308,
        "min": 0.003927946090698242,
        "max": 0.0043528079986572266
    },
    "pin16_startup": {
        "class": "PIn16",
        "include_startup": true,
        "runs": [
            0.004302024841308594,
            0.003965854644775391,
            0.003975868225097656,
            0.003961086273193359,
            0.003924131393432617,
            0.003931999206542969,
            0.0039517879486083984,
            0.003926992416381836,
            0.003952980041503906,
            0.003988027572631836
        ],
        "average": 0.003988075256347656,
        "min": 0.003924131393432617,
        "max": 0.004302024841308594
    },
    "z26": {
        "class": "Z26",
        "include_startup": false,
        "runs": [
            0.004030942916870117,
            0.0035910606384277344,
            0.0035920143127441406,
            0.003576040267944336,
            0.003580808639526367,
            0.003568887710571289,
            0.0036649703979492188,
            0.003554821014404297,
            0.0035600662231445312,
            0.0035347938537597656
        ],
        "average": 0.00362544059753418,
        "min": 0.0035347938537597656,
        "max": 0.004030942916870117
    },
    "z26_startup": {
        "class": "Z26",
        "include_startup": true,
        "runs": [
            0.003922939300537109,
            0.003526926040649414,
            0.003523111343383789,
            0.0035729408264160156,
            0.003570079803466797,
            0.0035669803619384766,
            0.003551959991455078,
            0.0035920143127441406,
            0.003543853759765625,
            0.0035369396209716797
        ],
        "average": 0.0035907745361328123,
        "min": 0.003523111343383789,
        "max": 0.003922939300537109
    },
    "zin26": {
        "class": "ZIn26",
        "include_startup": false,
        "runs": [
            0.004417896270751953,
            0.004027128219604492,
            0.006762027740478516,
            0.008096933364868164,
            0.007170200347900391,
            0.003937959671020508,
            0.003904104232788086,
            0.00394892692565918,
            0.0039010047912597656,
            0.003918170928955078
        ],
        "average": 0.005008435249328614,
        "min": 0.0039010047912597656,
        "max": 0.008096933364868164
    },
    "zin26_startup": {
        "class": "ZIn26",
        "include_startup": true,
        "runs": [
            0.004441976547241211,
            0.004077911376953125,
            0.004082202911376953,
            0.004065036773681641,
            0.004044055938720703,
            0.004210948944091797,
            0.004093170166015625,
            0.0041179656982421875,
            0.004081010818481445,
            0.004103899002075195
        ],
        "average": 0.004131817817687988,
        "min": 0.004044055938720703,
        "max": 0.004441976547241211
    }
}