{
    "f06": {
        "class": "F06",
        "include_startup": false,
        "runs": [
            0.003899097442626953,
            0.003515958786010742,
            0.0035109519958496094,
            0.003520965576171875,
            0.0034880638122558594,
            0.0045511722564697266,
            0.0069010257720947266,
            0.007138967514038086,
            0.007122039794921875,
            0.0038390159606933594
        ],
        "average": 0.004748725891113281,
        "min": 0.0034880638122558594,
        "max": 0.007138967514038086
    },
    "f06_startup": {
        "class": "F06",
        "include_startup": true,
        "runs": [
            0.0039010047912597656,
            0.003473043441772461,
            0.003464937210083008,
            0.0034990310668945312,
            0.003495931625366211,
            0.0035619735717773438,
            0.0035109519958496094,
            0.0035469532012939453,
            0.003512859344482422,
            0.003576040267944336
        ],
        "average": 0.0035542726516723635,
        "min": 0.003464937210083008,
        "max": 0.0039010047912597656
    },
    "fin06": {
        "class": "FIn06",
        "include_startup": false,
        "runs": [
            0.004449129104614258,
            0.0040130615234375,
            0.00403594970703125,
            0.004055976867675781,
            0.0043599605560302734,
            0.004045009613037109,
            0.003988027572631836,
            0.004029989242553711,
            0.003991842269897461,
            0.004191160202026367
        ],
        "average": 0.0041160106658935545,
        "min": 0.003988027572631836,
        "max": 0.004449129104614258
    },
    "fin06_startup": {
        "class": "FIn06",
        "include_startup": true,
        "runs": [
            0.004462003707885742,
            0.004063844680786133,
            0.0040171146392822266,
            0.00403594970703125,
            0.004581928253173828,
            0.00407099723815918,
            0.004017829895019531,
            0.004004955291748047,
            0.004015922546386719,
            0.004019975662231445
        ],
        "average": 0.00412905216217041,
        "min": 0.004004955291748047,
        "max": 0.004581928253173828
    },
    "p16": {
        "class": "P16",
        "include_startup": false,
        "runs": [
            0.00391697883605957,
            0.0034601688385009766,
            0.003464937210083008,
            0.0034830570220947266,
            0.003473997116088867,
            0.006953001022338867,
            0.007192850112915039,
            0.007141828536987305,
            0.0070111751556396484,
            0.00693511962890625
        ],
        "average": 0.005303311347961426,
        "min": 0.0034601688385009766,
        "max": 0.007192850112915039
    },
    "p16_startup": {
        "class": "P16",
        "include_startup": true,
        "runs": [
            0.003880023956298828,
            0.003470897674560547,
            0.003481149673461914,
            0.0034630298614501953,
            0.003493070602416992,
            0.003498077392578125,
            0.0038068294525146484,
            0.0036399364471435547,
            0.0035178661346435547,
            0.003473997116088867
        ],
        "average": 0.0035724878311157227,
        "min": 0.0034630298614501953,
        "max": 0.003880023956298828
    },
    "pin16": {
        "class": "PIn16",
        "include_startup": false,
        "runs": [
            0.004444122314453125,
            0.004002094268798828,
            0.003973960876464844,
            0.004672050476074219,
            0.007913827896118164,
            0.007990121841430664,
            0.00805211067199707,
            0.008115053176879883,
            0.007954835891723633,
            0.0077610015869140625
        ],
        "average": 0.006487917900085449,
        "min": 0.003973960876464844,
        "max": 0.008115053176879883
    },
    "pin16_startup": {
        "class": "PIn16",
        "include_startup": true,
        "runs": [
            0.004528045654296875,
            0.003969907760620117,
            0.0039520263671875,
            0.003958225250244141,
            0.003973960876464844,
            0.004019975662231445,
            0.003997087478637695,
            0.004082918167114258,
            0.004042863845825195,
            0.004564046859741211
        ],
        "average": 0.004108905792236328,
        "min": 0.0039520263671875,
        "max": 0.004564046859741211
    },
    "z26": {
        "class": "Z26",
        "include_startup": false,
        "runs": [
            0.003988981246948242,
            0.0034759044647216797,
            0.0034151077270507812,
            0.003429889678955078,
            0.003573894500732422,
            0.003492116928100586,
            0.0035049915313720703,
            0.003484010696411133,
            0.0034852027893066406,
            0.0034940242767333984
        ],
        "average": 0.003534412384033203,
        "min": 0.0034151077270507812,
        "max": 0.003988981246948242
    },
    "z26_startup": {
        "class": "Z26",
        "include_startup": true,
        "runs": [
            0.003912925720214844,
            0.0035338401794433594,
            0.003512144088745117,
            0.0035300254821777344,
            0.003503084182739258,
            0.003512144088745117,
            0.00350189208984375,
            0.003551959991455078,
            0.0035681724548339844,
            0.0035610198974609375
        ],
        "average": 0.003568720817565918,
        "min": 0.00350189208984375,
        "max": 0.003912925720214844
    },
    "zin26": {
        "class": "ZIn26",
        "include_startup": false,
        "runs": [
            0.004497051239013672,
            0.003972053527832031,
            0.0039670467376708984,
            0.004032135009765625,
            0.00407099723815918,
            0.0040590763092041016,
            0.004045009613037109,
            0.0040400028228759766,
            0.004002094268798828,
            0.004008054733276367
        ],
        "average": 0.0040693521499633786,
        "min": 0.0039670467376708984,
        "max": 0.004497051239013672
    },
    "zin26_startup": {
        "class": "ZIn26",
        "include_startup": true,
        "runs": [
            0.004021167755126953,
            0.003571033477783203,
            0.003528118133544922,
            0.003615856170654297,
            0.0038568973541259766,
            0.0035598278045654297,
            0.0036041736602783203,
            0.003595113754272461,
            0.003592967987060547,
            0.003612041473388672
        ],
        "average": 0.0036557197570800783,
        "min": 0.003528118133544922,
        "max": 0.004021167755126953
    }
}