{
    "f06": {
        "class": "F06",
        "include_startup": false,
        "runs": [
            0.29430699348449707,
            0.2863800525665283,
            0.29822492599487305,
            0.2915019989013672,
            0.2968130111694336,
            0.2908480167388916,
            0.30725598335266113,
            0.2782318592071533,
            0.2776010036468506,
            0.26617002487182617
        ],
        "average": 0.2887333869934082,
        "min": 0.26617002487182617,
        "max": 0.30725598335266113
    },
    "f06_startup": {
        "class": "F06",
        "include_startup": true,
        "runs": [
            0.2939891815185547,
            0.2924768924713135,
            0.2941780090332031,
            0.2990291118621826,
            0.2908618450164795,
            0.26300692558288574,
            0.2895009517669678,
            0.3030719757080078,
            0.30354809761047363,
            0.29035496711730957
        ],
        "average": 0.2920017957687378,
        "min": 0.26300692558288574,
        "max": 0.30354809761047363
    },
    "fin06": {
        "class": "FIn06",
        "include_startup": false,
        "runs": [
            0.292557954788208,
            0.2934889793395996,
            0.2930309772491455,
            0.2904798984527588,
            0.2955319881439209,
            0.2777740955352783,
            0.2952730655670166,
            0.296191930770874,
            0.2978529930114746,
            0.29885101318359375
        ],
        "average": 0.293103289604187,
        "min": 0.2777740955352783,
        "max": 0.29885101318359375
    },
    "fin06_startup": {
        "class": "FIn06",
        "include_startup": true,
        "runs": [
            0.28124403953552246,
            0.2942698001861572,
            0.295299768447876,
            0.28752779960632324,
            0.2919578552246094,
            0.2987220287322998,
            0.2940800189971924,
            0.2743258476257324,
            0.27763986587524414,
            0.29785609245300293
        ],
        "average": 0.289292311668396,
        "min": 0.2743258476257324,
        "max": 0.2987220287322998
    }
}