{
    "f06": {
        "class": "F06",
        "include_startup": false,
        "runs": [
            0.0036590099334716797,
            0.0035529136657714844,
            0.0034558773040771484,
            0.003535032272338867,
            0.003551006317138672,
            0.00391387939453125,
            0.003939151763916016,
            0.0038979053497314453,
            0.004648923873901367,
            0.0077478885650634766
        ],
        "average": 0.0041901588439941405,
        "min": 0.0034558773040771484,
        "max": 0.0077478885650634766
    },
    "f06_startup": {
        "class": "F06",
        "include_startup": true,
        "runs": [
            0.0047571659088134766,
            0.004015922546386719,
            0.004022121429443359,
            0.004050016403198242,
            0.004056215286254883,
            0.0041048526763916016,
            0.0040509700775146484,
            0.004066944122314453,
            0.0040700435638427734,
            0.0040509700775146484
        ],
        "average": 0.0041245222091674805,
        "min": 0.004015922546386719,
        "max": 0.0047571659088134766
    },
    "fin06": {
        "class": "FIn06",
        "include_startup": false,
        "runs": [
            0.005129098892211914,
            0.004094123840332031,
            0.005346059799194336,
            0.0039670467376708984,
            0.00402379035949707,
            0.00412297248840332,
            0.0041599273681640625,
            0.004105806350708008,
            0.004106998443603516,
            0.00430607795715332
        ],
        "average": 0.0043361902236938475,
        "min": 0.0039670467376708984,
        "max": 0.005346059799194336
    },
    "fin06_startup": {
        "class": "FIn06",
        "include_startup": true,
        "runs": [
            0.004188060760498047,
            0.0040111541748046875,
            0.004017829895019531,
            0.00403904914855957,
            0.004065036773681641,
            0.004519939422607422,
            0.004158973693847656,
            0.003963947296142578,
            0.004019021987915039,
            0.003957033157348633
        ],
        "average": 0.0040940046310424805,
        "min": 0.003957033157348633,
        "max": 0.004519939422607422
    },
    "p16": {
        "class": "P16",
        "include_startup": false,
        "runs": [
            0.0034360885620117188,
            0.003928184509277344,
            0.003974199295043945,
            0.003973960876464844,
            0.004008054733276367,
            0.003921985626220703,
            0.00403285026550293,
            0.0034210681915283203,
            0.003932952880859375,
            0.0035429000854492188
        ],
        "average": 0.0038172245025634766,
        "min": 0.0034210681915283203,
        "max": 0.00403285026550293
    },
    "p16_startup": {
        "class": "P16",
        "include_startup": true,
        "runs": [
            0.004157066345214844,
            0.004109859466552734,
            0.004178047180175781,
            0.0039520263671875,
            0.0041179656982421875,
            0.004181861877441406,
            0.004172086715698242,
            0.0041429996490478516,
            0.004199028015136719,
            0.004224061965942383
        ],
        "average": 0.0041435003280639645,
        "min": 0.0039520263671875,
        "max": 0.004224061965942383
    },
    "pin16": {
        "class": "PIn16",
        "include_startup": false,
        "runs": [
            0.004010915756225586,
            0.003933906555175781,
            0.0036780834197998047,
            0.004005908966064453,
            0.003448009490966797,
            0.004040956497192383,
            0.0039520263671875,
            0.0039920806884765625,
            0.004144906997680664,
            0.003979206085205078
        ],
        "average": 0.003918600082397461,
        "min": 0.003448009490966797,
        "max": 0.004144906997680664
    },
    "pin16_startup": {
        "class": "PIn16",
        "include_startup": true,
        "runs": [
            0.00415802001953125,
            0.004190921783447266,
            0.0042951107025146484,
            0.005597829818725586,
            0.004218101501464844,
            0.004218101501464844,
            0.0036139488220214844,
            0.0042438507080078125,
            0.00415802001953125,
            0.004233121871948242
        ],
        "average": 0.004292702674865723,
        "min": 0.0036139488220214844,
        "max": 0.005597829818725586
    }
}