{
    "f06": {
        "class": "F06",
        "include_startup": false,
        "runs": [
            0.003910064697265625,
            0.003879070281982422,
            0.0039031505584716797,
            0.0038650035858154297,
            0.003907918930053711,
            0.004044055938720703,
            0.004012107849121094,
            0.0040318965911865234,
            0.00398707389831543,
            0.004078865051269531
        ],
        "average": 0.003961920738220215,
        "min": 0.0038650035858154297,
        "max": 0.004078865051269531
    },
    "f06_startup": {
        "class": "F06",
        "include_startup": true,
        "runs": [
            0.004129171371459961,
            0.004034996032714844,
            0.00400996208190918,
            0.00404810905456543,
            0.0040280818939208984,
            0.0041310787200927734,
            0.004076957702636719,
            0.0040781497955322266,
            0.004101991653442383,
            0.004102945327758789
        ],
        "average": 0.0040741443634033205,
        "min": 0.00400996208190918,
        "max": 0.0041310787200927734
    },
    "fin06": {
        "class": "FIn06",
        "include_startup": false,
        "runs": [
            0.003933906555175781,
            0.003937959671020508,
            0.003923892974853516,
            0.003938198089599609,
            0.003906965255737305,
            0.003910064697265625,
            0.00391697883605957,
            0.003972053527832031,
            0.003954887390136719,
            0.003945112228393555
        ],
        "average": 0.003934001922607422,
        "min": 0.003906965255737305,
        "max": 0.003972053527832031
    },
    "fin06_startup": {
        "class": "FIn06",
        "include_startup": true,
        "runs": [
            0.004163980484008789,
            0.006509065628051758,
            0.007819890975952148,
            0.007888078689575195,
            0.007992029190063477,
            0.004115104675292969,
            0.003996133804321289,
            0.003988027572631836,
            0.003962039947509766,
            0.0039708614349365234
        ],
        "average": 0.005440521240234375,
        "min": 0.003962039947509766,
        "max": 0.007992029190063477
    },
    "p16": {
        "class": "P16",
        "include_startup": false,
        "runs": [
            0.0039157867431640625,
            0.003971099853515625,
            0.003406047821044922,
            0.003955841064453125,
            0.0039331912994384766,
            0.004004955291748047,
            0.004113912582397461,
            0.003885984420776367,
            0.003941059112548828,
            0.003947019577026367
        ],
        "average": 0.003907489776611328,
        "min": 0.003406047821044922,
        "max": 0.004113912582397461
    },
    "p16_startup": {
        "class": "P16",
        "include_startup": true,
        "runs": [
            0.0035729408264160156,
            0.004180908203125,
            0.0041658878326416016,
            0.004177093505859375,
            0.0041010379791259766,
            0.004172086715698242,
            0.004200935363769531,
            0.0041370391845703125,
            0.0041811466217041016,
            0.004175901412963867
        ],
        "average": 0.004106497764587403,
        "min": 0.0035729408264160156,
        "max": 0.004200935363769531
    },
    "pin16": {
        "class": "PIn16",
        "include_startup": false,
        "runs": [
            0.003904104232788086,
            0.0041239261627197266,
            0.003952980041503906,
            0.003961086273193359,
            0.003962039947509766,
            0.003988027572631836,
            0.0039539337158203125,
            0.004081010818481445,
            0.006402015686035156,
            0.0039348602294921875
        ],
        "average": 0.004226398468017578,
        "min": 0.003904104232788086,
        "max": 0.006402015686035156
    },
    "pin16_startup": {
        "class": "PIn16",
        "include_startup": true,
        "runs": [
            0.004157066345214844,
            0.0037369728088378906,
            0.004151821136474609,
            0.003876924514770508,
            0.004230976104736328,
            0.0036368370056152344,
            0.004244089126586914,
            0.004199028015136719,
            0.004186868667602539,
            0.003914833068847656
        ],
        "average": 0.0040335416793823246,
        "min": 0.0036368370056152344,
        "max": 0.004244089126586914
    }
}