{
    "f06": {
        "class": "F06",
        "include_startup": false,
        "runs": [
            0.3030848503112793,
            0.2964351177215576,
            0.2960679531097412,
            0.29537105560302734,
            0.2941548824310303,
            0.30219388008117676,
            0.3283720016479492,
            0.30477190017700195,
            0.2967061996459961,
            0.29484009742736816
        ],
        "average": 0.3011997938156128,
        "min": 0.2941548824310303,
        "max": 0.3283720016479492
    },
    "f06_startup": {
        "class": "F06",
        "include_startup": true,
        "runs": [
            0.2869679927825928,
            0.29518985748291016,
            0.2889690399169922,
            0.2732510566711426,
            0.29930996894836426,
            0.2944340705871582,
            0.2877230644226074,
            0.2990121841430664,
            0.29062485694885254,
            0.2942848205566406
        ],
        "average": 0.2909766912460327,
        "min": 0.2732510566711426,
        "max": 0.29930996894836426
    },
    "fin06": {
        "class": "FIn06",
        "include_startup": false,
        "runs": [
            0.29096508026123047,
            0.26227712631225586,
            0.29520297050476074,
            0.2692439556121826,
            0.2991299629211426,
            0.2984440326690674,
            0.3156461715698242,
            0.29714012145996094,
            0.2915940284729004,
            0.29492998123168945
        ],
        "average": 0.29145734310150145,
        "min": 0.26227712631225586,
        "max": 0.3156461715698242
    },
    "fin06_startup": {
        "class": "FIn06",
        "include_startup": true,
        "runs": [
            0.29495906829833984,
            0.2992818355560303,
            0.2938821315765381,
            0.2991631031036377,
            0.2900230884552002,
            0.2949810028076172,
            0.29268884658813477,
            0.3027949333190918,
            0.3041679859161377,
            0.2951188087463379
        ],
        "average": 0.29670608043670654,
        "min": 0.2900230884552002,
        "max": 0.3041679859161377
    }
}