{
    "f06": {
        "class": "F06",
        "include_startup": false,
        "runs": [
            0.0006039142608642578,
            0.0006151199340820312,
            0.0006060600280761719,
            0.0006120204925537109,
            0.0006148815155029297,
            0.0006232261657714844,
            0.0005648136138916016,
            0.0005729198455810547,
            0.0005929470062255859,
            0.0005819797515869141
        ],
        "average": 0.0005987882614135742,
        "min": 0.0005648136138916016,
        "max": 0.0006232261657714844
    },
    "f06_startup": {
        "class": "F06",
        "include_startup": true,
        "runs": [
            0.0006139278411865234,
            0.0006091594696044922,
            0.0006270408630371094,
            0.0005970001220703125,
            0.0005981922149658203,
            0.0006010532379150391,
            0.0006010532379150391,
            0.0006000995635986328,
            0.0005848407745361328,
            0.0006051063537597656
        ],
        "average": 0.0006037473678588868,
        "min": 0.0005848407745361328,
        "max": 0.0006270408630371094
    },
    "p16": {
        "class": "P16",
        "include_startup": false,
        "runs": [
            0.0006420612335205078,
            0.0006120204925537109,
            0.0005590915679931641,
            0.0006089210510253906,
            0.0006210803985595703,
            0.0005979537963867188,
            0.0004730224609375,
            0.0006780624389648438,
            0.0006709098815917969,
            0.0006270408630371094
        ],
        "average": 0.0006090164184570313,
        "min": 0.0004730224609375,
        "max": 0.0006780624389648438
    },
    "p16_startup": {
        "class": "P16",
        "include_startup": true,
        "runs": [
            0.0006778240203857422,
            0.0004611015319824219,
            0.000637054443359375,
            0.0004878044128417969,
            0.0006608963012695312,
            0.0004949569702148438,
            0.0006530284881591797,
            0.0005960464477539062,
            0.0006630420684814453,
            0.0008230209350585938
        ],
        "average": 0.0006154775619506836,
        "min": 0.0004611015319824219,
        "max": 0.0008230209350585938
    }
}