{
    "f06": {
        "class": "F06",
        "include_startup": false,
        "runs": [
            0.0012280941009521484,
            0.0008251667022705078,
            0.000827789306640625,
            0.000820159912109375,
            0.0008180141448974609,
            0.0008158683776855469,
            0.0008139610290527344,
            0.00080108642578125,
            0.0008180141448974609,
            0.0008058547973632812
        ],
        "average": 0.000857400894165039,
        "min": 0.00080108642578125,
        "max": 0.0012280941009521484
    },
    "f06_startup": {
        "class": "F06",
        "include_startup": true,
        "runs": [
            0.0032799243927001953,
            0.0009062290191650391,
            0.0008838176727294922,
            0.0009019374847412109,
            0.0008780956268310547,
            0.0008640289306640625,
            0.0008728504180908203,
            0.0008699893951416016,
            0.0008800029754638672,
            0.0008668899536132812
        ],
        "average": 0.0011203765869140625,
        "min": 0.0008640289306640625,
        "max": 0.0032799243927001953
    },
    "p16": {
        "class": "P16",
        "include_startup": false,
        "runs": [
            0.0014271736145019531,
            0.0010449886322021484,
            0.0010759830474853516,
            0.000988006591796875,
            0.0010349750518798828,
            0.0010221004486083984,
            0.001035928726196289,
            0.0010421276092529297,
            0.0010068416595458984,
            0.0010161399841308594
        ],
        "average": 0.0010694265365600586,
        "min": 0.000988006591796875,
        "max": 0.0014271736145019531
    },
    "p16_startup": {
        "class": "P16",
        "include_startup": true,
        "runs": [
            0.0033071041107177734,
            0.0009329319000244141,
            0.0009560585021972656,
            0.000988006591796875,
            0.000946044921875,
            0.0009121894836425781,
            0.0009191036224365234,
            0.0009181499481201172,
            0.0009381771087646484,
            0.0009207725524902344
        ],
        "average": 0.001173853874206543,
        "min": 0.0009121894836425781,
        "max": 0.0033071041107177734
    },
    "z26": {
        "class": "Z26",
        "include_startup": false,
        "runs": [
            0.0013129711151123047,
            0.0008168220520019531,
            0.00080108642578125,
            0.0008111000061035156,
            0.0008130073547363281,
            0.0008089542388916016,
            0.0008080005645751953,
            0.0008089542388916016,
            0.0007851123809814453,
            0.0007998943328857422
        ],
        "average": 0.0008565902709960938,
        "min": 0.0007851123809814453,
        "max": 0.0013129711151123047
    },
    "z26_startup": {
        "class": "Z26",
        "include_startup": true,
        "runs": [
            0.003328084945678711,
            0.0009920597076416016,
            0.0009930133819580078,
            0.0009829998016357422,
            0.0010409355163574219,
            0.0009999275207519531,
            0.0009908676147460938,
            0.0009870529174804688,
            0.0009810924530029297,
            0.0009670257568359375
        ],
        "average": 0.0012263059616088867,
        "min": 0.0009670257568359375,
        "max": 0.003328084945678711
    }
}