{
    "f06": {
        "class": "F06",
        "include_startup": false,
        "runs": [
            0.0006070137023925781,
            0.0005850791931152344,
            0.0005960464477539062,
            0.0005960464477539062,
            0.0005609989166259766,
            0.0005981922149658203,
            0.0005998611450195312,
            0.0006070137023925781,
            0.0005638599395751953,
            0.0005850791931152344
        ],
        "average": 0.0005899190902709961,
        "min": 0.0005609989166259766,
        "max": 0.0006070137023925781
    },
    "f06_startup": {
        "class": "F06",
        "include_startup": true,
        "runs": [
            0.0006260871887207031,
            0.0006098747253417969,
            0.0006089210510253906,
            0.0005838871002197266,
            0.0006148815155029297,
            0.0006489753723144531,
            0.0006821155548095703,
            0.0005979537963867188,
            0.0005998611450195312,
            0.0006411075592041016
        ],
        "average": 0.0006213665008544921,
        "min": 0.0005838871002197266,
        "max": 0.0006821155548095703
    },
    "p16": {
        "class": "P16",
        "include_startup": false,
        "runs": [
            0.0004801750183105469,
            0.0005731582641601562,
            0.0006139278411865234,
            0.000743865966796875,
            0.0006148815155029297,
            0.0006299018859863281,
            0.0006320476531982422,
            0.0005269050598144531,
            0.0006330013275146484,
            0.0006668567657470703
        ],
        "average": 0.0006114721298217773,
        "min": 0.0004801750183105469,
        "max": 0.000743865966796875
    },
    "p16_startup": {
        "class": "P16",
        "include_startup": true,
        "runs": [
            0.000453948974609375,
            0.0006000995635986328,
            0.0006220340728759766,
            0.0005970001220703125,
            0.0005578994750976562,
            0.0005040168762207031,
            0.0006380081176757812,
            0.0005600452423095703,
            0.0006330013275146484,
            0.0004718303680419922
        ],
        "average": 0.0005637884140014648,
        "min": 0.000453948974609375,
        "max": 0.0006380081176757812
    }
}