{
    "f06": {
        "class": "F06",
        "include_startup": false,
        "runs": [
            0.0013501644134521484,
            0.0008840560913085938,
            0.0008540153503417969,
            0.0008740425109863281,
            0.0008549690246582031,
            0.0008990764617919922,
            0.0008499622344970703,
            0.0008180141448974609,
            0.0007998943328857422,
            0.0007970333099365234
        ],
        "average": 0.0008981227874755859,
        "min": 0.0007970333099365234,
        "max": 0.0013501644134521484
    },
    "f06_startup": {
        "class": "F06",
        "include_startup": true,
        "runs": [
            0.0033860206604003906,
            0.0009169578552246094,
            0.0009200572967529297,
            0.0008869171142578125,
            0.0009000301361083984,
            0.0008931159973144531,
            0.0008969306945800781,
            0.0010318756103515625,
            0.0012710094451904297,
            0.0013630390167236328
        ],
        "average": 0.0012465953826904298,
        "min": 0.0008869171142578125,
        "max": 0.0033860206604003906
    },
    "p16": {
        "class": "P16",
        "include_startup": false,
        "runs": [
            0.0012888908386230469,
            0.0008540153503417969,
            0.0008559226989746094,
            0.0008339881896972656,
            0.0008149147033691406,
            0.0008358955383300781,
            0.00086212158203125,
            0.00086212158203125,
            0.0008499622344970703,
            0.0008618831634521484
        ],
        "average": 0.0008919715881347656,
        "min": 0.0008149147033691406,
        "max": 0.0012888908386230469
    },
    "p16_startup": {
        "class": "P16",
        "include_startup": true,
        "runs": [
            0.0025370121002197266,
            0.0007970333099365234,
            0.0007841587066650391,
            0.0007581710815429688,
            0.0007448196411132812,
            0.0007429122924804688,
            0.0007531642913818359,
            0.0007641315460205078,
            0.0007507801055908203,
            0.0007731914520263672
        ],
        "average": 0.0009405374526977539,
        "min": 0.0007429122924804688,
        "max": 0.0025370121002197266
    },
    "z26": {
        "class": "Z26",
        "include_startup": false,
        "runs": [
            0.0012891292572021484,
            0.0008149147033691406,
            0.0008170604705810547,
            0.0008189678192138672,
            0.0007929801940917969,
            0.0008060932159423828,
            0.0008070468902587891,
            0.0007929801940917969,
            0.0008289813995361328,
            0.0008039474487304688
        ],
        "average": 0.0008572101593017578,
        "min": 0.0007929801940917969,
        "max": 0.0012891292572021484
    },
    "z26_startup": {
        "class": "Z26",
        "include_startup": true,
        "runs": [
            0.0025920867919921875,
            0.0008399486541748047,
            0.0008299350738525391,
            0.00086212158203125,
            0.0008330345153808594,
            0.0008118152618408203,
            0.0008130073547363281,
            0.0007898807525634766,
            0.000820159912109375,
            0.0008230209350585938
        ],
        "average": 0.0010015010833740235,
        "min": 0.0007898807525634766,
        "max": 0.0025920867919921875
    }
}