{
    "f06": {
        "class": "F06",
        "include_startup": false,
        "runs": [
            0.0012178421020507812,
            0.0012471675872802734,
            0.0012061595916748047,
            0.0012488365173339844,
            0.0012819766998291016,
            0.0012240409851074219,
            0.0012269020080566406,
            0.0012331008911132812,
            0.0012319087982177734,
            0.0012259483337402344
        ],
        "average": 0.0012343883514404296,
        "min": 0.0012061595916748047,
        "max": 0.0012819766998291016
    },
    "f06_startup": {
        "class": "F06",
        "include_startup": true,
        "runs": [
            0.0015358924865722656,
            0.0013120174407958984,
            0.0013451576232910156,
            0.0013289451599121094,
            0.0012950897216796875,
            0.001300811767578125,
            0.0013117790222167969,
            0.0013031959533691406,
            0.001310110092163086,
            0.0013098716735839844
        ],
        "average": 0.001335287094116211,
        "min": 0.0012950897216796875,
        "max": 0.0015358924865722656
    },
    "fin06": {
        "class": "FIn06",
        "include_startup": false,
        "runs": [
            0.0012447834014892578,
            0.0012669563293457031,
            0.0012459754943847656,
            0.001252889633178711,
            0.001238107681274414,
            0.0012438297271728516,
            0.001238107681274414,
            0.0012500286102294922,
            0.0012691020965576172,
            0.0012369155883789062
        ],
        "average": 0.0012486696243286133,
        "min": 0.0012369155883789062,
        "max": 0.0012691020965576172
    },
    "fin06_startup": {
        "class": "FIn06",
        "include_startup": true,
        "runs": [
            0.0015859603881835938,
            0.0013279914855957031,
            0.001455068588256836,
            0.001355886459350586,
            0.0013289451599121094,
            0.0013320446014404297,
            0.0013070106506347656,
            0.0013530254364013672,
            0.0013530254364013672,
            0.0013380050659179688
        ],
        "average": 0.0013736963272094726,
        "min": 0.0013070106506347656,
        "max": 0.0015859603881835938
    },
    "p16": {
        "class": "P16",
        "include_startup": false,
        "runs": [
            0.0010349750518798828,
            0.001074075698852539,
            0.0010640621185302734,
            0.0010440349578857422,
            0.0010349750518798828,
            0.0010340213775634766,
            0.0010390281677246094,
            0.0010371208190917969,
            0.0010330677032470703,
            0.0010380744934082031
        ],
        "average": 0.0010433435440063477,
        "min": 0.0010330677032470703,
        "max": 0.001074075698852539
    },
    "p16_startup": {
        "class": "P16",
        "include_startup": true,
        "runs": [
            0.0015799999237060547,
            0.0013189315795898438,
            0.001355886459350586,
            0.001341104507446289,
            0.0013301372528076172,
            0.0012891292572021484,
            0.0013148784637451172,
            0.0013039112091064453,
            0.001294851303100586,
            0.0013189315795898438
        ],
        "average": 0.001344776153564453,
        "min": 0.0012891292572021484,
        "max": 0.0015799999237060547
    },
    "pin16": {
        "class": "PIn16",
        "include_startup": false,
        "runs": [
            0.001232147216796875,
            0.0012650489807128906,
            0.001249074935913086,
            0.001241922378540039,
            0.0012040138244628906,
            0.0012409687042236328,
            0.0012249946594238281,
            0.0012280941009521484,
            0.0012278556823730469,
            0.0012440681457519531
        ],
        "average": 0.001235818862915039,
        "min": 0.0012040138244628906,
        "max": 0.0012650489807128906
    },
    "pin16_startup": {
        "class": "PIn16",
        "include_startup": true,
        "runs": [
            0.001650094985961914,
            0.0013401508331298828,
            0.0013229846954345703,
            0.0013148784637451172,
            0.0013070106506347656,
            0.0012829303741455078,
            0.0013217926025390625,
            0.0013201236724853516,
            0.0013170242309570312,
            0.0013480186462402344
        ],
        "average": 0.0013525009155273438,
        "min": 0.0012829303741455078,
        "max": 0.001650094985961914
    },
    "z26": {
        "class": "Z26",
        "include_startup": false,
        "runs": [
            0.0012431144714355469,
            0.0012691020965576172,
            0.0012319087982177734,
            0.001271963119506836,
            0.0012390613555908203,
            0.0012509822845458984,
            0.0012149810791015625,
            0.001280069351196289,
            0.001222848892211914,
            0.0012412071228027344
        ],
        "average": 0.0012465238571166993,
        "min": 0.0012149810791015625,
        "max": 0.001280069351196289
    },
    "z26_startup": {
        "class": "Z26",
        "include_startup": true,
        "runs": [
            0.0015938282012939453,
            0.0013549327850341797,
            0.0013921260833740234,
            0.0013370513916015625,
            0.001367807388305664,
            0.0013461112976074219,
            0.0013320446014404297,
            0.0013480186462402344,
            0.0013270378112792969,
            0.0013461112976074219
        ],
        "average": 0.001374506950378418,
        "min": 0.0013270378112792969,
        "max": 0.0015938282012939453
    },
    "zin26": {
        "class": "ZIn26",
        "include_startup": false,
        "runs": [
            0.001032114028930664,
            0.0010209083557128906,
            0.0010111331939697266,
            0.001004934310913086,
            0.0010099411010742188,
            0.0009958744049072266,
            0.0009980201721191406,
            0.0009951591491699219,
            0.0009870529174804688,
            0.0009918212890625
        ],
        "average": 0.0010046958923339844,
        "min": 0.0009870529174804688,
        "max": 0.001032114028930664
    },
    "zin26_startup": {
        "class": "ZIn26",
        "include_startup": true,
        "runs": [
            0.0015621185302734375,
            0.0013279914855957031,
            0.0013799667358398438,
            0.0013318061828613281,
            0.001316070556640625,
            0.0013320446014404297,
            0.0013339519500732422,
            0.001299142837524414,
            0.0013239383697509766,
            0.0013208389282226562
        ],
        "average": 0.0013527870178222656,
        "min": 0.001299142837524414,
        "max": 0.0015621185302734375
    }
}