{
    "f06": {
        "class": "F06",
        "include_startup": false,
        "runs": [
            0.0012159347534179688,
            0.0012462139129638672,
            0.0012290477752685547,
            0.0012199878692626953,
            0.0012221336364746094,
            0.0012378692626953125,
            0.0012068748474121094,
            0.00121307373046875,
            0.0011990070343017578,
            0.0012099742889404297
        ],
        "average": 0.0012200117111206056,
        "min": 0.0011990070343017578,
        "max": 0.0012462139129638672
    },
    "f06_startup": {
        "class": "F06",
        "include_startup": true,
        "runs": [
            0.0015919208526611328,
            0.0013239383697509766,
            0.0013089179992675781,
            0.0013179779052734375,
            0.0013301372528076172,
            0.001322031021118164,
            0.0013248920440673828,
            0.001338958740234375,
            0.001322031021118164,
            0.0013349056243896484
        ],
        "average": 0.0013515710830688476,
        "min": 0.0013089179992675781,
        "max": 0.0015919208526611328
    },
    "fin06": {
        "class": "FIn06",
        "include_startup": false,
        "runs": [
            0.001219034194946289,
            0.0012359619140625,
            0.0012469291687011719,
            0.0012540817260742188,
            0.0012600421905517578,
            0.0012481212615966797,
            0.0012409687042236328,
            0.0012679100036621094,
            0.0012660026550292969,
            0.0012598037719726562
        ],
        "average": 0.0012498855590820312,
        "min": 0.001219034194946289,
        "max": 0.0012679100036621094
    },
    "fin06_startup": {
        "class": "FIn06",
        "include_startup": true,
        "runs": [
            0.0015568733215332031,
            0.0012819766998291016,
            0.001291036605834961,
            0.0012710094451904297,
            0.0012919902801513672,
            0.0012798309326171875,
            0.0018498897552490234,
            0.0019299983978271484,
            0.001964092254638672,
            0.0019669532775878906
        ],
        "average": 0.0015683650970458984,
        "min": 0.0012710094451904297,
        "max": 0.0019669532775878906
    },
    "p16": {
        "class": "P16",
        "include_startup": false,
        "runs": [
            0.0010480880737304688,
            0.001068115234375,
            0.001049041748046875,
            0.0010349750518798828,
            0.001024007797241211,
            0.0010249614715576172,
            0.0010209083557128906,
            0.0010788440704345703,
            0.00102996826171875,
            0.0010280609130859375
        ],
        "average": 0.0010406970977783203,
        "min": 0.0010209083557128906,
        "max": 0.0010788440704345703
    },
    "p16_startup": {
        "class": "P16",
        "include_startup": true,
        "runs": [
            0.0016069412231445312,
            0.0013921260833740234,
            0.0014369487762451172,
            0.0013298988342285156,
            0.0013630390167236328,
            0.0013451576232910156,
            0.0013530254364013672,
            0.0013730525970458984,
            0.0013511180877685547,
            0.0013811588287353516
        ],
        "average": 0.0013932466506958007,
        "min": 0.0013298988342285156,
        "max": 0.0016069412231445312
    },
    "pin16": {
        "class": "PIn16",
        "include_startup": false,
        "runs": [
            0.001271963119506836,
            0.0011680126190185547,
            0.0011911392211914062,
            0.0012009143829345703,
            0.0011849403381347656,
            0.0011861324310302734,
            0.001177072525024414,
            0.0011849403381347656,
            0.0011930465698242188,
            0.001194000244140625
        ],
        "average": 0.001195216178894043,
        "min": 0.0011680126190185547,
        "max": 0.001271963119506836
    },
    "pin16_startup": {
        "class": "PIn16",
        "include_startup": true,
        "runs": [
            0.001608133316040039,
            0.0013740062713623047,
            0.0013270378112792969,
            0.0013980865478515625,
            0.0013718605041503906,
            0.001344919204711914,
            0.0013279914855957031,
            0.0013840198516845703,
            0.0013339519500732422,
            0.0013399124145507812
        ],
        "average": 0.0013809919357299805,
        "min": 0.0013270378112792969,
        "max": 0.001608133316040039
    },
    "z26": {
        "class": "Z26",
        "include_startup": false,
        "runs": [
            0.0012378692626953125,
            0.0012710094451904297,
            0.0012309551239013672,
            0.0012478828430175781,
            0.0012459754943847656,
            0.0012590885162353516,
            0.001232147216796875,
            0.0012309551239013672,
            0.0012409687042236328,
            0.0012459754943847656
        ],
        "average": 0.0012442827224731444,
        "min": 0.0012309551239013672,
        "max": 0.0012710094451904297
    },
    "z26_startup": {
        "class": "Z26",
        "include_startup": true,
        "runs": [
            0.0016880035400390625,
            0.0013129711151123047,
            0.0013349056243896484,
            0.0013129711151123047,
            0.001313924789428711,
            0.0013170242309570312,
            0.0013060569763183594,
            0.00131988525390625,
            0.0013339519500732422,
            0.0013341903686523438
        ],
        "average": 0.0013573884963989258,
        "min": 0.0013060569763183594,
        "max": 0.0016880035400390625
    },
    "zin26": {
        "class": "ZIn26",
        "include_startup": false,
        "runs": [
            0.0012421607971191406,
            0.0012629032135009766,
            0.0012450218200683594,
            0.0012369155883789062,
            0.0012221336364746094,
            0.0012390613555908203,
            0.0012269020080566406,
            0.0012280941009521484,
            0.0012290477752685547,
            0.0012440681457519531
        ],
        "average": 0.001237630844116211,
        "min": 0.0012221336364746094,
        "max": 0.0012629032135009766
    },
    "zin26_startup": {
        "class": "ZIn26",
        "include_startup": true,
        "runs": [
            0.0015919208526611328,
            0.0013589859008789062,
            0.0013802051544189453,
            0.001336812973022461,
            0.0013470649719238281,
            0.001344919204711914,
            0.0013360977172851562,
            0.001344919204711914,
            0.0013470649719238281,
            0.001338958740234375
        ],
        "average": 0.001372694969177246,
        "min": 0.0013360977172851562,
        "max": 0.0015919208526611328
    }
}