{
    "f06": {
        "class": "F06",
        "include_startup": false,
        "runs": [
            0.10388898849487305,
            0.10273194313049316,
            0.10247492790222168,
            0.10238504409790039,
            0.10250592231750488,
            0.0996999740600586,
            0.09990310668945312,
            0.1019289493560791,
            0.09960794448852539,
            0.09998393058776855
        ],
        "average": 0.10151107311248779,
        "min": 0.09960794448852539,
        "max": 0.10388898849487305
    },
    "f06_startup": {
        "class": "F06",
        "include_startup": true,
        "runs": [
            0.10564804077148438,
            0.0994257926940918,
            0.1040959358215332,
            0.10112595558166504,
            0.10124802589416504,
            0.0986030101776123,
            0.12019109725952148,
            0.09935212135314941,
            0.0987401008605957,
            0.10104107856750488
        ],
        "average": 0.10294711589813232,
        "min": 0.0986030101776123,
        "max": 0.12019109725952148
    },
    "fin06": {
        "class": "FIn06",
        "include_startup": false,
        "runs": [
            0.1011800765991211,
            0.10172605514526367,
            0.10347914695739746,
            0.10073399543762207,
            0.10042214393615723,
            0.10033607482910156,
            0.13414597511291504,
            0.10373401641845703,
            0.10001707077026367,
            0.10654997825622559
        ],
        "average": 0.10523245334625245,
        "min": 0.10001707077026367,
        "max": 0.13414597511291504
    },
    "fin06_startup": {
        "class": "FIn06",
        "include_startup": true,
        "runs": [
            0.11061906814575195,
            0.09352898597717285,
            0.09553790092468262,
            0.09366202354431152,
            0.09508490562438965,
            0.1018819808959961,
            0.1000819206237793,
            0.10215401649475098,
            0.1031639575958252,
            0.101470947265625
        ],
        "average": 0.09971857070922852,
        "min": 0.09352898597717285,
        "max": 0.11061906814575195
    },
    "p16": {
        "class": "P16",
        "include_startup": false,
        "runs": [
            13.981202840805054,
            13.817351818084717,
            12.963770866394043,
            13.836480855941772,
            13.933949947357178,
            13.875000953674316,
            13.753164052963257,
            13.867881059646606,
            13.92406678199768,
            13.933289051055908
        ],
        "average": 13.788615822792053,
        "min": 12.963770866394043,
        "max": 13.981202840805054
    },
    "p16_startup": {
        "class": "P16",
        "include_startup": true,
        "runs": [
            13.939629077911377,
            13.364047765731812,
            13.923187017440796,
            13.872099876403809,
            14.334276914596558,
            13.868113040924072,
            13.960854053497314,
            13.88060998916626,
            13.886940002441406,
            12.951467990875244
        ],
        "average": 13.798122572898865,
        "min": 12.951467990875244,
        "max": 14.334276914596558
    },
    "pin16": {
        "class": "PIn16",
        "include_startup": false,
        "runs": [
            13.913470983505249,
            13.936397075653076,
            13.964952945709229,
            13.92559289932251,
            14.056203126907349,
            14.057820796966553,
            13.945129156112671,
            12.977953910827637,
            13.003999948501587,
            13.912243843078613
        ],
        "average": 13.769376468658447,
        "min": 12.977953910827637,
        "max": 14.057820796966553
    },
    "pin16_startup": {
        "class": "PIn16",
        "include_startup": true,
        "runs": [
            13.940208196640015,
            13.892746925354004,
            14.069876909255981,
            13.904102087020874,
            14.09105896949768,
            13.434777975082397,
            13.91128921508789,
            13.821678161621094,
            14.067173957824707,
            13.919403076171875
        ],
        "average": 13.905231547355651,
        "min": 13.434777975082397,
        "max": 14.09105896949768
    }
}