{
    "f06": {
        "class": "F06",
        "include_startup": false,
        "runs": [
            0.10126709938049316,
            0.098876953125,
            0.0999598503112793,
            0.09828400611877441,
            0.098480224609375,
            0.09849905967712402,
            0.09907913208007812,
            0.09898591041564941,
            0.09868097305297852,
            0.09880709648132324
        ],
        "average": 0.09909203052520751,
        "min": 0.09828400611877441,
        "max": 0.10126709938049316
    },
    "f06_startup": {
        "class": "F06",
        "include_startup": true,
        "runs": [
            0.10077881813049316,
            0.10102200508117676,
            0.10280489921569824,
            0.10064196586608887,
            0.10112619400024414,
            0.10803985595703125,
            0.09975600242614746,
            0.10253500938415527,
            0.10005998611450195,
            0.10109901428222656
        ],
        "average": 0.10178637504577637,
        "min": 0.09975600242614746,
        "max": 0.10803985595703125
    },
    "fin06": {
        "class": "FIn06",
        "include_startup": false,
        "runs": [
            0.11091995239257812,
            0.10300588607788086,
            0.10278201103210449,
            0.10066103935241699,
            0.10112714767456055,
            0.115264892578125,
            0.10082101821899414,
            0.10124087333679199,
            0.10059809684753418,
            0.10271811485290527
        ],
        "average": 0.10391390323638916,
        "min": 0.10059809684753418,
        "max": 0.115264892578125
    },
    "fin06_startup": {
        "class": "FIn06",
        "include_startup": true,
        "runs": [
            0.10657000541687012,
            0.10043096542358398,
            0.10369610786437988,
            0.10199999809265137,
            0.10248303413391113,
            0.10450506210327148,
            0.10305094718933105,
            0.10386490821838379,
            0.10240912437438965,
            0.10322308540344238
        ],
        "average": 0.10322332382202148,
        "min": 0.10043096542358398,
        "max": 0.10657000541687012
    },
    "p16": {
        "class": "P16",
        "include_startup": false,
        "runs": [
            13.02303695678711,
            13.873478889465332,
            13.84049916267395,
            14.19528317451477,
            14.06319785118103,
            13.914896965026855,
            13.966675043106079,
            12.992042064666748,
            13.04434609413147,
            13.007246971130371
        ],
        "average": 13.592070317268371,
        "min": 12.992042064666748,
        "max": 14.19528317451477
    },
    "p16_startup": {
        "class": "P16",
        "include_startup": true,
        "runs": [
            13.808180809020996,
            12.969841003417969,
            13.903266906738281,
            13.890531063079834,
            14.141072034835815,
            14.02912712097168,
            13.91510009765625,
            14.880644083023071,
            13.94594693183899,
            13.856796026229858
        ],
        "average": 13.934050607681275,
        "min": 12.969841003417969,
        "max": 14.880644083023071
    },
    "pin16": {
        "class": "PIn16",
        "include_startup": false,
        "runs": [
            14.116747856140137,
            13.254379034042358,
            13.91721796989441,
            14.166497945785522,
            13.962820053100586,
            13.63169002532959,
            13.989187955856323,
            13.92843508720398,
            13.11049199104309,
            13.99122405052185
        ],
        "average": 13.806869196891785,
        "min": 13.11049199104309,
        "max": 14.166497945785522
    },
    "pin16_startup": {
        "class": "PIn16",
        "include_startup": true,
        "runs": [
            14.04134488105774,
            13.26999306678772,
            14.260212898254395,
            13.907639026641846,
            13.845031976699829,
            14.005653142929077,
            13.960623979568481,
            14.037359952926636,
            14.025712966918945,
            13.945137977600098
        ],
        "average": 13.929870986938477,
        "min": 13.26999306678772,
        "max": 14.260212898254395
    }
}