{
    "f06": {
        "class": "F06",
        "include_startup": false,
        "runs": [
            0.0014090538024902344,
            0.0013689994812011719,
            0.001355886459350586,
            0.0013580322265625,
            0.0013589859008789062,
            0.0013530254364013672,
            0.0015349388122558594,
            0.0013630390167236328,
            0.0013580322265625,
            0.0013489723205566406
        ],
        "average": 0.0013808965682983398,
        "min": 0.0013489723205566406,
        "max": 0.0015349388122558594
    },
    "f06_startup": {
        "class": "F06",
        "include_startup": true,
        "runs": [
            0.002838134765625,
            0.0020940303802490234,
            0.0021429061889648438,
            0.0020627975463867188,
            0.0020678043365478516,
            0.0020618438720703125,
            0.0020720958709716797,
            0.002081155776977539,
            0.0020749568939208984,
            0.0020780563354492188
        ],
        "average": 0.0021573781967163088,
        "min": 0.0020618438720703125,
        "max": 0.002838134765625
    },
    "fin06": {
        "class": "FIn06",
        "include_startup": false,
        "runs": [
            0.004199981689453125,
            0.004168033599853516,
            0.004147052764892578,
            0.004127025604248047,
            0.004269123077392578,
            0.0041751861572265625,
            0.004111051559448242,
            0.004161834716796875,
            0.0041179656982421875,
            0.004091978073120117
        ],
        "average": 0.004156923294067383,
        "min": 0.004091978073120117,
        "max": 0.004269123077392578
    },
    "fin06_startup": {
        "class": "FIn06",
        "include_startup": true,
        "runs": [
            0.0049250125885009766,
            0.004181861877441406,
            0.0041501522064208984,
            0.004125833511352539,
            0.004141807556152344,
            0.004100799560546875,
            0.004100799560546875,
            0.004091024398803711,
            0.0041010379791259766,
            0.004091024398803711
        ],
        "average": 0.004200935363769531,
        "min": 0.004091024398803711,
        "max": 0.0049250125885009766
    },
    "p16": {
        "class": "P16",
        "include_startup": false,
        "runs": [
            0.0014328956604003906,
            0.0013680458068847656,
            0.0013608932495117188,
            0.0013859272003173828,
            0.0013570785522460938,
            0.0013549327850341797,
            0.0013670921325683594,
            0.001355886459350586,
            0.0013430118560791016,
            0.0013740062713623047
        ],
        "average": 0.0013699769973754884,
        "min": 0.0013430118560791016,
        "max": 0.0014328956604003906
    },
    "p16_startup": {
        "class": "P16",
        "include_startup": true,
        "runs": [
            0.002880096435546875,
            0.0020780563354492188,
            0.0020890235900878906,
            0.002074003219604492,
            0.002065896987915039,
            0.0020890235900878906,
            0.002084016799926758,
            0.0020809173583984375,
            0.002077817916870117,
            0.0020699501037597656
        ],
        "average": 0.0021588802337646484,
        "min": 0.002065896987915039,
        "max": 0.002880096435546875
    },
    "pin16": {
        "class": "PIn16",
        "include_startup": false,
        "runs": [
            0.004175901412963867,
            0.004124164581298828,
            0.004054069519042969,
            0.004129886627197266,
            0.0041730403900146484,
            0.004163026809692383,
            0.004179954528808594,
            0.0041468143463134766,
            0.004168987274169922,
            0.004168033599853516
        ],
        "average": 0.0041483879089355465,
        "min": 0.004054069519042969,
        "max": 0.004179954528808594
    },
    "pin16_startup": {
        "class": "PIn16",
        "include_startup": true,
        "runs": [
            0.0056879520416259766,
            0.004949808120727539,
            0.004873037338256836,
            0.0048558712005615234,
            0.00486302375793457,
            0.004878997802734375,
            0.004818916320800781,
            0.004794120788574219,
            0.004935026168823242,
            0.004798173904418945
        ],
        "average": 0.004945492744445801,
        "min": 0.004794120788574219,
        "max": 0.0056879520416259766
    },
    "z26": {
        "class": "Z26",
        "include_startup": false,
        "runs": [
            0.0014460086822509766,
            0.0014081001281738281,
            0.0014350414276123047,
            0.0013971328735351562,
            0.0014150142669677734,
            0.0014078617095947266,
            0.0013990402221679688,
            0.001413106918334961,
            0.001405954360961914,
            0.0013990402221679688
        ],
        "average": 0.0014126300811767578,
        "min": 0.0013971328735351562,
        "max": 0.0014460086822509766
    },
    "z26_startup": {
        "class": "Z26",
        "include_startup": true,
        "runs": [
            0.002952098846435547,
            0.0021300315856933594,
            0.0025398731231689453,
            0.002125978469848633,
            0.002103090286254883,
            0.002081155776977539,
            0.0020868778228759766,
            0.0020499229431152344,
            0.002053976058959961,
            0.0020689964294433594
        ],
        "average": 0.0022192001342773438,
        "min": 0.0020499229431152344,
        "max": 0.002952098846435547
    },
    "zin26": {
        "class": "ZIn26",
        "include_startup": false,
        "runs": [
            0.004700899124145508,
            0.00417017936706543,
            0.004141092300415039,
            0.004201173782348633,
            0.004187822341918945,
            0.004098176956176758,
            0.004172801971435547,
            0.0041790008544921875,
            0.004185199737548828,
            0.004125833511352539
        ],
        "average": 0.004216217994689941,
        "min": 0.004098176956176758,
        "max": 0.004700899124145508
    },
    "zin26_startup": {
        "class": "ZIn26",
        "include_startup": true,
        "runs": [
            0.0056340694427490234,
            0.004917144775390625,
            0.004945993423461914,
            0.004921913146972656,
            0.0048220157623291016,
            0.004796028137207031,
            0.0048601627349853516,
            0.004868030548095703,
            0.0049479007720947266,
            0.004791975021362305
        ],
        "average": 0.004950523376464844,
        "min": 0.004791975021362305,
        "max": 0.0056340694427490234
    }
}