{
    "f06": {
        "class": "F06",
        "include_startup": false,
        "runs": [
            0.0008668899536132812,
            0.000782012939453125,
            0.0007588863372802734,
            0.0007560253143310547,
            0.0007488727569580078,
            0.000743865966796875,
            0.0007388591766357422,
            0.0007510185241699219,
            0.0007479190826416016,
            0.0007519721984863281
        ],
        "average": 0.0007646322250366211,
        "min": 0.0007388591766357422,
        "max": 0.0008668899536132812
    },
    "f06_startup": {
        "class": "F06",
        "include_startup": true,
        "runs": [
            0.0007109642028808594,
            0.0006630420684814453,
            0.0006639957427978516,
            0.0006480216979980469,
            0.0006699562072753906,
            0.0006589889526367188,
            0.0006439685821533203,
            0.0006508827209472656,
            0.0006511211395263672,
            0.0006468296051025391
        ],
        "average": 0.0006607770919799805,
        "min": 0.0006439685821533203,
        "max": 0.0007109642028808594
    },
    "fin06": {
        "class": "FIn06",
        "include_startup": false,
        "runs": [
            0.000698089599609375,
            0.0006480216979980469,
            0.0006561279296875,
            0.0006661415100097656,
            0.0006570816040039062,
            0.0006580352783203125,
            0.0006680488586425781,
            0.0006499290466308594,
            0.0006589889526367188,
            0.0006501674652099609
        ],
        "average": 0.0006610631942749023,
        "min": 0.0006480216979980469,
        "max": 0.000698089599609375
    },
    "fin06_startup": {
        "class": "FIn06",
        "include_startup": true,
        "runs": [
            0.0008568763732910156,
            0.0008170604705810547,
            0.0007970333099365234,
            0.0008008480072021484,
            0.0008189678192138672,
            0.0008180141448974609,
            0.0008120536804199219,
            0.0008120536804199219,
            0.0008168220520019531,
            0.0008041858673095703
        ],
        "average": 0.0008153915405273438,
        "min": 0.0007970333099365234,
        "max": 0.0008568763732910156
    },
    "p16": {
        "class": "P16",
        "include_startup": false,
        "runs": [
            0.0008800029754638672,
            0.0008540153503417969,
            0.0008649826049804688,
            0.000865936279296875,
            0.0008568763732910156,
            0.0008518695831298828,
            0.0008590221405029297,
            0.0008399486541748047,
            0.00086212158203125,
            0.0008480548858642578
        ],
        "average": 0.0008582830429077149,
        "min": 0.0008399486541748047,
        "max": 0.0008800029754638672
    },
    "p16_startup": {
        "class": "P16",
        "include_startup": true,
        "runs": [
            0.0008130073547363281,
            0.0008189678192138672,
            0.0008330345153808594,
            0.0008230209350585938,
            0.0008168220520019531,
            0.0007901191711425781,
            0.0008008480072021484,
            0.0008161067962646484,
            0.0008180141448974609,
            0.0008289813995361328
        ],
        "average": 0.000815892219543457,
        "min": 0.0007901191711425781,
        "max": 0.0008330345153808594
    },
    "pin16": {
        "class": "PIn16",
        "include_startup": false,
        "runs": [
            0.0008580684661865234,
            0.0008611679077148438,
            0.0007798671722412109,
            0.0007879734039306641,
            0.0008170604705810547,
            0.0007898807525634766,
            0.0008051395416259766,
            0.0007817745208740234,
            0.0008020401000976562,
            0.0008099079132080078
        ],
        "average": 0.0008092880249023438,
        "min": 0.0007798671722412109,
        "max": 0.0008611679077148438
    },
    "pin16_startup": {
        "class": "PIn16",
        "include_startup": true,
        "runs": [
            0.0008478164672851562,
            0.0007958412170410156,
            0.0008211135864257812,
            0.000823974609375,
            0.0008180141448974609,
            0.0008141994476318359,
            0.0007982254028320312,
            0.0008029937744140625,
            0.0008108615875244141,
            0.0008089542388916016
        ],
        "average": 0.0008141994476318359,
        "min": 0.0007958412170410156,
        "max": 0.0008478164672851562
    },
    "z26": {
        "class": "Z26",
        "include_startup": false,
        "runs": [
            0.0008101463317871094,
            0.0007598400115966797,
            0.0007791519165039062,
            0.0007879734039306641,
            0.0007708072662353516,
            0.0007600784301757812,
            0.0007719993591308594,
            0.0007808208465576172,
            0.000782012939453125,
            0.0007710456848144531
        ],
        "average": 0.0007773876190185547,
        "min": 0.0007598400115966797,
        "max": 0.0008101463317871094
    },
    "z26_startup": {
        "class": "Z26",
        "include_startup": true,
        "runs": [
            0.0008158683776855469,
            0.0008118152618408203,
            0.0008289813995361328,
            0.0008208751678466797,
            0.0008101463317871094,
            0.0008149147033691406,
            0.0008070468902587891,
            0.0008130073547363281,
            0.0008320808410644531,
            0.0008080005645751953
        ],
        "average": 0.0008162736892700195,
        "min": 0.0008070468902587891,
        "max": 0.0008320808410644531
    },
    "zin26": {
        "class": "ZIn26",
        "include_startup": false,
        "runs": [
            0.0008611679077148438,
            0.0007748603820800781,
            0.0007889270782470703,
            0.0007810592651367188,
            0.0007638931274414062,
            0.0007779598236083984,
            0.0007791519165039062,
            0.0008699893951416016,
            0.0010590553283691406,
            0.00096893310546875
        ],
        "average": 0.0008424997329711914,
        "min": 0.0007638931274414062,
        "max": 0.0010590553283691406
    },
    "zin26_startup": {
        "class": "ZIn26",
        "include_startup": true,
        "runs": [
            0.0007128715515136719,
            0.0006778240203857422,
            0.0006520748138427734,
            0.0006589889526367188,
            0.0006721019744873047,
            0.0006461143493652344,
            0.0006639957427978516,
            0.0006721019744873047,
            0.0006439685821533203,
            0.0006580352783203125
        ],
        "average": 0.0006658077239990234,
        "min": 0.0006439685821533203,
        "max": 0.0007128715515136719
    }
}