{
    "f06": {
        "class": "F06",
        "include_startup": false,
        "runs": [
            0.0013918876647949219,
            0.0014331340789794922,
            0.0013730525970458984,
            0.0013751983642578125,
            0.0013759136199951172,
            0.0013768672943115234,
            0.0013670921325683594,
            0.0013458728790283203,
            0.0013720989227294922,
            0.0013689994812011719
        ],
        "average": 0.001378011703491211,
        "min": 0.0013458728790283203,
        "max": 0.0014331340789794922
    },
    "f06_startup": {
        "class": "F06",
        "include_startup": true,
        "runs": [
            0.0029430389404296875,
            0.0021369457244873047,
            0.0021250247955322266,
            0.0021581649780273438,
            0.0021059513092041016,
            0.0020771026611328125,
            0.0021140575408935547,
            0.002115011215209961,
            0.002084016799926758,
            0.002096891403198242
        ],
        "average": 0.0021956205368041993,
        "min": 0.0020771026611328125,
        "max": 0.0029430389404296875
    },
    "fin06": {
        "class": "FIn06",
        "include_startup": false,
        "runs": [
            0.003866910934448242,
            0.003793954849243164,
            0.0038230419158935547,
            0.003832101821899414,
            0.0038080215454101562,
            0.0038449764251708984,
            0.00460505485534668,
            0.006403923034667969,
            0.006400108337402344,
            0.006484031677246094
        ],
        "average": 0.004686212539672852,
        "min": 0.003793954849243164,
        "max": 0.006484031677246094
    },
    "fin06_startup": {
        "class": "FIn06",
        "include_startup": true,
        "runs": [
            0.004773139953613281,
            0.004132986068725586,
            0.004157066345214844,
            0.004095792770385742,
            0.004208087921142578,
            0.00409698486328125,
            0.004127979278564453,
            0.004088878631591797,
            0.004101991653442383,
            0.004130125045776367
        ],
        "average": 0.004191303253173828,
        "min": 0.004088878631591797,
        "max": 0.004773139953613281
    },
    "p16": {
        "class": "P16",
        "include_startup": false,
        "runs": [
            0.0014541149139404297,
            0.0014901161193847656,
            0.0013458728790283203,
            0.0013530254364013672,
            0.0013439655303955078,
            0.0013360977172851562,
            0.0013210773468017578,
            0.0013699531555175781,
            0.0013229846954345703,
            0.0013549327850341797
        ],
        "average": 0.0013692140579223632,
        "min": 0.0013210773468017578,
        "max": 0.0014901161193847656
    },
    "p16_startup": {
        "class": "P16",
        "include_startup": true,
        "runs": [
            0.0029821395874023438,
            0.002129077911376953,
            0.0020759105682373047,
            0.002104043960571289,
            0.00209808349609375,
            0.002103090286254883,
            0.002095937728881836,
            0.002129793167114258,
            0.002076864242553711,
            0.0020589828491210938
        ],
        "average": 0.0021853923797607424,
        "min": 0.0020589828491210938,
        "max": 0.0029821395874023438
    },
    "pin16": {
        "class": "PIn16",
        "include_startup": false,
        "runs": [
            0.003587007522583008,
            0.003704071044921875,
            0.0035469532012939453,
            0.0035271644592285156,
            0.003690958023071289,
            0.003515958786010742,
            0.003525972366333008,
            0.003520965576171875,
            0.003511190414428711,
            0.003523111343383789
        ],
        "average": 0.003565335273742676,
        "min": 0.003511190414428711,
        "max": 0.003704071044921875
    },
    "pin16_startup": {
        "class": "PIn16",
        "include_startup": true,
        "runs": [
            0.0056591033935546875,
            0.0050029754638671875,
            0.005002021789550781,
            0.004911899566650391,
            0.004910945892333984,
            0.004982948303222656,
            0.0048809051513671875,
            0.004914045333862305,
            0.004960060119628906,
            0.0048639774322509766
        ],
        "average": 0.005008888244628906,
        "min": 0.0048639774322509766,
        "max": 0.0056591033935546875
    },
    "z26": {
        "class": "Z26",
        "include_startup": false,
        "runs": [
            0.0014660358428955078,
            0.0013599395751953125,
            0.0013551712036132812,
            0.0014791488647460938,
            0.0013937950134277344,
            0.0014069080352783203,
            0.0013620853424072266,
            0.0013699531555175781,
            0.0013818740844726562,
            0.001377105712890625
        ],
        "average": 0.0013952016830444335,
        "min": 0.0013551712036132812,
        "max": 0.0014791488647460938
    },
    "z26_startup": {
        "class": "Z26",
        "include_startup": true,
        "runs": [
            0.002997875213623047,
            0.002164125442504883,
            0.0021479129791259766,
            0.0021200180053710938,
            0.0021219253540039062,
            0.0021309852600097656,
            0.002138853073120117,
            0.0021009445190429688,
            0.0022881031036376953,
            0.0021359920501708984
        ],
        "average": 0.002234673500061035,
        "min": 0.0021009445190429688,
        "max": 0.002997875213623047
    },
    "zin26": {
        "class": "ZIn26",
        "include_startup": false,
        "runs": [
            0.004199028015136719,
            0.004173994064331055,
            0.004119873046875,
            0.004199981689453125,
            0.0041391849517822266,
            0.004196882247924805,
            0.004141092300415039,
            0.004202842712402344,
            0.004167079925537109,
            0.004133939743041992
        ],
        "average": 0.004167389869689941,
        "min": 0.004119873046875,
        "max": 0.004202842712402344
    },
    "zin26_startup": {
        "class": "ZIn26",
        "include_startup": true,
        "runs": [
            0.0056269168853759766,
            0.0048329830169677734,
            0.004817962646484375,
            0.004940032958984375,
            0.00482177734375,
            0.004755973815917969,
            0.00483393669128418,
            0.005433082580566406,
            0.005093097686767578,
            0.004842996597290039
        ],
        "average": 0.004999876022338867,
        "min": 0.004755973815917969,
        "max": 0.0056269168853759766
    }
}