{
    "f06": {
        "class": "F06",
        "include_startup": false,
        "runs": [
            0.002192974090576172,
            0.002095937728881836,
            0.0017080307006835938,
            0.001168966293334961,
            0.0010859966278076172,
            0.0010869503021240234,
            0.001096963882446289,
            0.0010831356048583984,
            0.0010819435119628906,
            0.0010859966278076172
        ],
        "average": 0.0013686895370483398,
        "min": 0.0010819435119628906,
        "max": 0.002192974090576172
    },
    "f06_startup": {
        "class": "F06",
        "include_startup": true,
        "runs": [
            0.0022461414337158203,
            0.001413106918334961,
            0.001486063003540039,
            0.001580953598022461,
            0.001413106918334961,
            0.0014050006866455078,
            0.001435995101928711,
            0.0013799667358398438,
            0.0014209747314453125,
            0.0014140605926513672
        ],
        "average": 0.0015195369720458984,
        "min": 0.0013799667358398438,
        "max": 0.0022461414337158203
    },
    "p16": {
        "class": "P16",
        "include_startup": false,
        "runs": [
            0.0015468597412109375,
            0.001374959945678711,
            0.0014109611511230469,
            0.001361846923828125,
            0.001371145248413086,
            0.0013458728790283203,
            0.0013780593872070312,
            0.0013689994812011719,
            0.0013780593872070312,
            0.0013659000396728516
        ],
        "average": 0.0013902664184570312,
        "min": 0.0013458728790283203,
        "max": 0.0015468597412109375
    },
    "p16_startup": {
        "class": "P16",
        "include_startup": true,
        "runs": [
            0.0022208690643310547,
            0.0014529228210449219,
            0.0014300346374511719,
            0.001447916030883789,
            0.0014281272888183594,
            0.0014560222625732422,
            0.0014269351959228516,
            0.0014891624450683594,
            0.0014150142669677734,
            0.0014171600341796875
        ],
        "average": 0.001518416404724121,
        "min": 0.0014150142669677734,
        "max": 0.0022208690643310547
    },
    "z26": {
        "class": "Z26",
        "include_startup": false,
        "runs": [
            0.001608133316040039,
            0.0013959407806396484,
            0.0013501644134521484,
            0.0013611316680908203,
            0.0013720989227294922,
            0.0014200210571289062,
            0.00146484375,
            0.0013980865478515625,
            0.0013720989227294922,
            0.0014109611511230469
        ],
        "average": 0.0014153480529785155,
        "min": 0.0013501644134521484,
        "max": 0.001608133316040039
    },
    "z26_startup": {
        "class": "Z26",
        "include_startup": true,
        "runs": [
            0.0023949146270751953,
            0.0015749931335449219,
            0.0015718936920166016,
            0.0015418529510498047,
            0.0015788078308105469,
            0.0015342235565185547,
            0.0015251636505126953,
            0.001535177230834961,
            0.0015170574188232422,
            0.0015549659729003906
        ],
        "average": 0.0016329050064086913,
        "min": 0.0015170574188232422,
        "max": 0.0023949146270751953
    }
}