{
    "f06": {
        "class": "F06",
        "include_startup": false,
        "runs": [
            0.001505136489868164,
            0.0013828277587890625,
            0.0013689994812011719,
            0.0013740062713623047,
            0.0013439655303955078,
            0.0013680458068847656,
            0.0013968944549560547,
            0.0013728141784667969,
            0.0013799667358398438,
            0.0013718605041503906
        ],
        "average": 0.0013864517211914062,
        "min": 0.0013439655303955078,
        "max": 0.001505136489868164
    },
    "f06_startup": {
        "class": "F06",
        "include_startup": true,
        "runs": [
            0.0022470951080322266,
            0.0014259815216064453,
            0.0014281272888183594,
            0.001397848129272461,
            0.0014128684997558594,
            0.0014081001281738281,
            0.0014188289642333984,
            0.0013949871063232422,
            0.0013988018035888672,
            0.0013988018035888672
        ],
        "average": 0.0014931440353393554,
        "min": 0.0013949871063232422,
        "max": 0.0022470951080322266
    },
    "p16": {
        "class": "P16",
        "include_startup": false,
        "runs": [
            0.0015621185302734375,
            0.0013720989227294922,
            0.0013570785522460938,
            0.001363992691040039,
            0.001432180404663086,
            0.0013589859008789062,
            0.0014090538024902344,
            0.0013570785522460938,
            0.0013668537139892578,
            0.0014009475708007812
        ],
        "average": 0.0013980388641357422,
        "min": 0.0013570785522460938,
        "max": 0.0015621185302734375
    },
    "p16_startup": {
        "class": "P16",
        "include_startup": true,
        "runs": [
            0.0018270015716552734,
            0.001171112060546875,
            0.0011699199676513672,
            0.0011599063873291016,
            0.0011620521545410156,
            0.001138925552368164,
            0.0011529922485351562,
            0.0012362003326416016,
            0.001194000244140625,
            0.0011610984802246094
        ],
        "average": 0.0012373208999633789,
        "min": 0.001138925552368164,
        "max": 0.0018270015716552734
    },
    "z26": {
        "class": "Z26",
        "include_startup": false,
        "runs": [
            0.0016160011291503906,
            0.0013799667358398438,
            0.0013952255249023438,
            0.0013990402221679688,
            0.0014090538024902344,
            0.0013859272003173828,
            0.0013890266418457031,
            0.0013990402221679688,
            0.001374959945678711,
            0.001394033432006836
        ],
        "average": 0.0014142274856567382,
        "min": 0.001374959945678711,
        "max": 0.0016160011291503906
    },
    "z26_startup": {
        "class": "Z26",
        "include_startup": true,
        "runs": [
            0.0019459724426269531,
            0.0012390613555908203,
            0.0012621879577636719,
            0.0012311935424804688,
            0.0012280941009521484,
            0.001219034194946289,
            0.001230001449584961,
            0.0012149810791015625,
            0.0012359619140625,
            0.001219034194946289
        ],
        "average": 0.0013025522232055664,
        "min": 0.0012149810791015625,
        "max": 0.0019459724426269531
    }
}