{
    "f06": {
        "class": "F06",
        "include_startup": false,
        "runs": [
            0.0008349418640136719,
            0.0010380744934082031,
            0.0009529590606689453,
            0.0008230209350585938,
            0.0008330345153808594,
            0.0008449554443359375,
            0.0008330345153808594,
            0.0008058547973632812,
            0.0008311271667480469,
            0.0008108615875244141
        ],
        "average": 0.0008607864379882813,
        "min": 0.0008058547973632812,
        "max": 0.0010380744934082031
    },
    "f06_startup": {
        "class": "F06",
        "include_startup": true,
        "runs": [
            0.0010199546813964844,
            0.0009860992431640625,
            0.0010440349578857422,
            0.0009989738464355469,
            0.0010421276092529297,
            0.0010352134704589844,
            0.0010120868682861328,
            0.0010058879852294922,
            0.001024007797241211,
            0.0010061264038085938
        ],
        "average": 0.001017451286315918,
        "min": 0.0009860992431640625,
        "max": 0.0010440349578857422
    },
    "fin06": {
        "class": "FIn06",
        "include_startup": false,
        "runs": [
            0.0008499622344970703,
            0.0008220672607421875,
            0.0008020401000976562,
            0.0007929801940917969,
            0.0008180141448974609,
            0.0008270740509033203,
            0.0008199214935302734,
            0.0008261203765869141,
            0.0008080005645751953,
            0.0008168220520019531
        ],
        "average": 0.0008183002471923828,
        "min": 0.0007929801940917969,
        "max": 0.0008499622344970703
    },
    "fin06_startup": {
        "class": "FIn06",
        "include_startup": true,
        "runs": [
            0.0008199214935302734,
            0.0007979869842529297,
            0.0007979869842529297,
            0.0007829666137695312,
            0.0008039474487304688,
            0.0007929801940917969,
            0.0007939338684082031,
            0.0007910728454589844,
            0.0007739067077636719,
            0.0007841587066650391
        ],
        "average": 0.0007938861846923829,
        "min": 0.0007739067077636719,
        "max": 0.0008199214935302734
    },
    "p16": {
        "class": "P16",
        "include_startup": false,
        "runs": [
            0.0008590221405029297,
            0.0008220672607421875,
            0.0008139610290527344,
            0.0008060932159423828,
            0.0008339881896972656,
            0.0008080005645751953,
            0.0008192062377929688,
            0.0008127689361572266,
            0.0008060932159423828,
            0.0008139610290527344
        ],
        "average": 0.0008195161819458008,
        "min": 0.0008060932159423828,
        "max": 0.0008590221405029297
    },
    "p16_startup": {
        "class": "P16",
        "include_startup": true,
        "runs": [
            0.0008149147033691406,
            0.0008780956268310547,
            0.0008270740509033203,
            0.0008099079132080078,
            0.0008130073547363281,
            0.0008070468902587891,
            0.0007929801940917969,
            0.0008058547973632812,
            0.0008051395416259766,
            0.0008020401000976562
        ],
        "average": 0.0008156061172485352,
        "min": 0.0007929801940917969,
        "max": 0.0008780956268310547
    },
    "pin16": {
        "class": "PIn16",
        "include_startup": false,
        "runs": [
            0.0008511543273925781,
            0.0008189678192138672,
            0.0009670257568359375,
            0.0008609294891357422,
            0.0008559226989746094,
            0.001024007797241211,
            0.0010209083557128906,
            0.0010929107666015625,
            0.0008139610290527344,
            0.0008089542388916016
        ],
        "average": 0.0009114742279052734,
        "min": 0.0008089542388916016,
        "max": 0.0010929107666015625
    },
    "pin16_startup": {
        "class": "PIn16",
        "include_startup": true,
        "runs": [
            0.0008039474487304688,
            0.0007891654968261719,
            0.0007920265197753906,
            0.0007910728454589844,
            0.0007908344268798828,
            0.0007739067077636719,
            0.0007960796356201172,
            0.0007870197296142578,
            0.0007798671722412109,
            0.0007929801940917969
        ],
        "average": 0.0007896900177001953,
        "min": 0.0007739067077636719,
        "max": 0.0008039474487304688
    },
    "z26": {
        "class": "Z26",
        "include_startup": false,
        "runs": [
            0.0008919239044189453,
            0.0008158683776855469,
            0.0008029937744140625,
            0.0008001327514648438,
            0.000823974609375,
            0.0007879734039306641,
            0.0008111000061035156,
            0.0009157657623291016,
            0.0008158683776855469,
            0.0008039474487304688
        ],
        "average": 0.0008269548416137695,
        "min": 0.0007879734039306641,
        "max": 0.0009157657623291016
    },
    "z26_startup": {
        "class": "Z26",
        "include_startup": true,
        "runs": [
            0.0008289813995361328,
            0.0008389949798583984,
            0.0008060932159423828,
            0.0008180141448974609,
            0.0007948875427246094,
            0.0007989406585693359,
            0.0008060932159423828,
            0.0008029937744140625,
            0.0008070468902587891,
            0.0007891654968261719
        ],
        "average": 0.0008091211318969726,
        "min": 0.0007891654968261719,
        "max": 0.0008389949798583984
    },
    "zin26": {
        "class": "ZIn26",
        "include_startup": false,
        "runs": [
            0.0008678436279296875,
            0.0007929801940917969,
            0.0007979869842529297,
            0.0009601116180419922,
            0.0010080337524414062,
            0.0008409023284912109,
            0.0008070468902587891,
            0.0007898807525634766,
            0.0007839202880859375,
            0.0007951259613037109
        ],
        "average": 0.0008443832397460937,
        "min": 0.0007839202880859375,
        "max": 0.0010080337524414062
    },
    "zin26_startup": {
        "class": "ZIn26",
        "include_startup": true,
        "runs": [
            0.0008778572082519531,
            0.0008428096771240234,
            0.0007989406585693359,
            0.0008060932159423828,
            0.0008180141448974609,
            0.0008158683776855469,
            0.0008070468902587891,
            0.0008339881896972656,
            0.0008289813995361328,
            0.0008180141448974609
        ],
        "average": 0.0008247613906860352,
        "min": 0.0007989406585693359,
        "max": 0.0008778572082519531
    }
}