{
    "f06": {
        "class": "F06",
        "include_startup": false,
        "runs": [
            0.39339613914489746,
            0.3923771381378174,
            0.3888070583343506,
            0.39910197257995605,
            0.3453950881958008,
            0.38681602478027344,
            0.3854520320892334,
            0.40435791015625,
            0.3901801109313965,
            0.4242391586303711
        ],
        "average": 0.3910122632980347,
        "min": 0.3453950881958008,
        "max": 0.4242391586303711
    },
    "f06_startup": {
        "class": "F06",
        "include_startup": true,
        "runs": [
            0.38788294792175293,
            0.3927290439605713,
            0.3944239616394043,
            0.39923715591430664,
            0.3939480781555176,
            0.40073609352111816,
            0.42646193504333496,
            0.3924899101257324,
            0.4048020839691162,
            0.4104318618774414
        ],
        "average": 0.40031430721282957,
        "min": 0.38788294792175293,
        "max": 0.42646193504333496
    }
}