{
    "f06": {
        "class": "F06",
        "include_startup": false,
        "runs": [
            3.5754528045654297,
            3.617393970489502,
            3.5907349586486816,
            3.898287057876587,
            3.551197052001953,
            3.5857810974121094,
            3.5084381103515625,
            3.531419038772583,
            2.039566993713379,
            3.5138161182403564
        ],
        "average": 3.4412087202072144,
        "min": 2.039566993713379,
        "max": 3.898287057876587
    },
    "f06_startup": {
        "class": "F06",
        "include_startup": true,
        "runs": [
            2.020829916000366,
            2.0407609939575195,
            3.5872321128845215,
            3.594348907470703,
            3.616157054901123,
            3.55377197265625,
            3.621508836746216,
            3.682003974914551,
            3.6110169887542725,
            2.0280699729919434
        ],
        "average": 3.1355700731277465,
        "min": 2.020829916000366,
        "max": 3.682003974914551
    },
    "fin06": {
        "class": "FIn06",
        "include_startup": false,
        "runs": [
            3.561429977416992,
            3.6349480152130127,
            3.5990209579467773,
            3.6550989151000977,
            3.6049160957336426,
            3.523264169692993,
            2.0271480083465576,
            3.6114461421966553,
            3.5740020275115967,
            3.6157989501953125
        ],
        "average": 3.4407073259353638,
        "min": 2.0271480083465576,
        "max": 3.6550989151000977
    },
    "fin06_startup": {
        "class": "FIn06",
        "include_startup": true,
        "runs": [
            3.6644668579101562,
            2.0409698486328125,
            3.5848500728607178,
            3.5771849155426025,
            3.5715200901031494,
            3.570683002471924,
            3.4874989986419678,
            3.557734966278076,
            3.5844640731811523,
            3.5564019680023193
        ],
        "average": 3.419577479362488,
        "min": 2.0409698486328125,
        "max": 3.6644668579101562
    }
}