{
    "f06": {
        "class": "F06",
        "include_startup": false,
        "runs": [
            0.3845710754394531,
            0.3900890350341797,
            0.3894190788269043,
            0.40886497497558594,
            0.3996000289916992,
            0.38724708557128906,
            0.3952169418334961,
            0.3910210132598877,
            0.3890550136566162,
            0.38895297050476074
        ],
        "average": 0.3924037218093872,
        "min": 0.3845710754394531,
        "max": 0.40886497497558594
    },
    "f06_startup": {
        "class": "F06",
        "include_startup": true,
        "runs": [
            0.3896169662475586,
            0.3938939571380615,
            0.38790011405944824,
            0.3995399475097656,
            0.4061770439147949,
            0.39609503746032715,
            0.39484405517578125,
            0.39214205741882324,
            0.39217209815979004,
            0.3964400291442871
        ],
        "average": 0.39488213062286376,
        "min": 0.38790011405944824,
        "max": 0.4061770439147949
    }
}