{
    "f06": {
        "class": "F06",
        "include_startup": false,
        "runs": [
            3.574436902999878,
            3.5705759525299072,
            3.5126938819885254,
            3.5620980262756348,
            3.5660440921783447,
            3.5387508869171143,
            2.045056104660034,
            3.59197998046875,
            3.5596470832824707,
            3.5634729862213135
        ],
        "average": 3.4084755897521974,
        "min": 2.045056104660034,
        "max": 3.59197998046875
    },
    "f06_startup": {
        "class": "F06",
        "include_startup": true,
        "runs": [
            2.035054922103882,
            2.0627310276031494,
            3.561824083328247,
            3.559792995452881,
            3.5615499019622803,
            3.468327045440674,
            3.617233991622925,
            3.5150208473205566,
            3.492201089859009,
            3.6259589195251465
        ],
        "average": 3.249969482421875,
        "min": 2.035054922103882,
        "max": 3.6259589195251465
    },
    "fin06": {
        "class": "FIn06",
        "include_startup": false,
        "runs": [
            3.9154460430145264,
            3.5355799198150635,
            3.6452128887176514,
            3.569895029067993,
            3.6024301052093506,
            3.5760669708251953,
            3.5995378494262695,
            3.5890109539031982,
            3.602313995361328,
            3.6076500415802
        ],
        "average": 3.624314379692078,
        "min": 3.5355799198150635,
        "max": 3.9154460430145264
    },
    "fin06_startup": {
        "class": "FIn06",
        "include_startup": true,
        "runs": [
            3.573158025741577,
            3.5734269618988037,
            3.6149590015411377,
            3.6086580753326416,
            3.618705987930298,
            3.538264036178589,
            3.632459878921509,
            3.5954508781433105,
            3.6068899631500244,
            3.537544012069702
        ],
        "average": 3.589951682090759,
        "min": 3.537544012069702,
        "max": 3.632459878921509
    }
}