{
    "f06": {
        "class": "F06",
        "include_startup": false,
        "runs": [
            0.0008180141448974609,
            0.0007700920104980469,
            0.0007750988006591797,
            0.0007388591766357422,
            0.0007579326629638672,
            0.0007641315460205078,
            0.0007588863372802734,
            0.0007460117340087891,
            0.0007598400115966797,
            0.0007610321044921875
        ],
        "average": 0.0007649898529052734,
        "min": 0.0007388591766357422,
        "max": 0.0008180141448974609
    },
    "f06_startup": {
        "class": "F06",
        "include_startup": true,
        "runs": [
            0.0008530616760253906,
            0.0007832050323486328,
            0.00078582763671875,
            0.0007641315460205078,
            0.000762939453125,
            0.0007369518280029297,
            0.0007729530334472656,
            0.0007610321044921875,
            0.0007688999176025391,
            0.0007581710815429688
        ],
        "average": 0.0007747173309326172,
        "min": 0.0007369518280029297,
        "max": 0.0008530616760253906
    },
    "fin06": {
        "class": "FIn06",
        "include_startup": false,
        "runs": [
            0.0008370876312255859,
            0.0007419586181640625,
            0.0007579326629638672,
            0.0007641315460205078,
            0.0007479190826416016,
            0.0007350444793701172,
            0.0007469654083251953,
            0.0007679462432861328,
            0.0007469654083251953,
            0.0009129047393798828
        ],
        "average": 0.0007758855819702149,
        "min": 0.0007350444793701172,
        "max": 0.0009129047393798828
    },
    "fin06_startup": {
        "class": "FIn06",
        "include_startup": true,
        "runs": [
            0.0008111000061035156,
            0.0007939338684082031,
            0.0007419586181640625,
            0.0007770061492919922,
            0.0007760524749755859,
            0.0007569789886474609,
            0.0007710456848144531,
            0.0007688999176025391,
            0.00080108642578125,
            0.0007998943328857422
        ],
        "average": 0.0007797956466674804,
        "min": 0.0007419586181640625,
        "max": 0.0008111000061035156
    },
    "p16": {
        "class": "P16",
        "include_startup": false,
        "runs": [
            0.0008060932159423828,
            0.0007691383361816406,
            0.0007572174072265625,
            0.0007698535919189453,
            0.0007700920104980469,
            0.0007739067077636719,
            0.0007450580596923828,
            0.0007708072662353516,
            0.0007779598236083984,
            0.0007741451263427734
        ],
        "average": 0.0007714271545410156,
        "min": 0.0007450580596923828,
        "max": 0.0008060932159423828
    },
    "p16_startup": {
        "class": "P16",
        "include_startup": true,
        "runs": [
            0.0008769035339355469,
            0.0008108615875244141,
            0.0008168220520019531,
            0.0008270740509033203,
            0.0008149147033691406,
            0.0008349418640136719,
            0.0008101463317871094,
            0.0007901191711425781,
            0.0008101463317871094,
            0.0008070468902587891
        ],
        "average": 0.0008198976516723633,
        "min": 0.0007901191711425781,
        "max": 0.0008769035339355469
    },
    "pin16": {
        "class": "PIn16",
        "include_startup": false,
        "runs": [
            0.0007951259613037109,
            0.0007250308990478516,
            0.0007691383361816406,
            0.0007441043853759766,
            0.0007610321044921875,
            0.0007448196411132812,
            0.0007510185241699219,
            0.0007610321044921875,
            0.0007660388946533203,
            0.0007851123809814453
        ],
        "average": 0.0007602453231811523,
        "min": 0.0007250308990478516,
        "max": 0.0007951259613037109
    },
    "pin16_startup": {
        "class": "PIn16",
        "include_startup": true,
        "runs": [
            0.0007388591766357422,
            0.0008289813995361328,
            0.0008170604705810547,
            0.0007359981536865234,
            0.0007910728454589844,
            0.0007979869842529297,
            0.0007910728454589844,
            0.0007808208465576172,
            0.0007669925689697266,
            0.0007929801940917969
        ],
        "average": 0.0007841825485229492,
        "min": 0.0007359981536865234,
        "max": 0.0008289813995361328
    },
    "z26": {
        "class": "Z26",
        "include_startup": false,
        "runs": [
            0.0008189678192138672,
            0.0007920265197753906,
            0.0008111000061035156,
            0.0007970333099365234,
            0.0007719993591308594,
            0.0007770061492919922,
            0.0008001327514648438,
            0.0008151531219482422,
            0.0007967948913574219,
            0.0007979869842529297
        ],
        "average": 0.0007978200912475586,
        "min": 0.0007719993591308594,
        "max": 0.0008189678192138672
    },
    "z26_startup": {
        "class": "Z26",
        "include_startup": true,
        "runs": [
            0.0009090900421142578,
            0.0008630752563476562,
            0.0008568763732910156,
            0.0008127689361572266,
            0.0008451938629150391,
            0.0008358955383300781,
            0.0008409023284912109,
            0.0008289813995361328,
            0.0008451938629150391,
            0.0008211135864257812
        ],
        "average": 0.0008459091186523438,
        "min": 0.0008127689361572266,
        "max": 0.0009090900421142578
    },
    "zin26": {
        "class": "ZIn26",
        "include_startup": false,
        "runs": [
            0.0008149147033691406,
            0.0007538795471191406,
            0.0007631778717041016,
            0.0007710456848144531,
            0.0007600784301757812,
            0.0007569789886474609,
            0.0007719993591308594,
            0.0007410049438476562,
            0.0007588863372802734,
            0.0007641315460205078
        ],
        "average": 0.0007656097412109375,
        "min": 0.0007410049438476562,
        "max": 0.0008149147033691406
    },
    "zin26_startup": {
        "class": "ZIn26",
        "include_startup": true,
        "runs": [
            0.0008540153503417969,
            0.0008149147033691406,
            0.0008351802825927734,
            0.0008180141448974609,
            0.0008199214935302734,
            0.0008051395416259766,
            0.0007789134979248047,
            0.0008020401000976562,
            0.0008080005645751953,
            0.0008070468902587891
        ],
        "average": 0.0008143186569213867,
        "min": 0.0007789134979248047,
        "max": 0.0008540153503417969
    }
}