{
    "f06": {
        "class": "F06",
        "include_startup": false,
        "runs": [
            0.0008599758148193359,
            0.0007991790771484375,
            0.0007779598236083984,
            0.0007867813110351562,
            0.0008912086486816406,
            0.00080108642578125,
            0.0007860660552978516,
            0.0007729530334472656,
            0.0007669925689697266,
            0.0007348060607910156
        ],
        "average": 0.0007977008819580079,
        "min": 0.0007348060607910156,
        "max": 0.0008912086486816406
    },
    "f06_startup": {
        "class": "F06",
        "include_startup": true,
        "runs": [
            0.0008120536804199219,
            0.0007970333099365234,
            0.0007748603820800781,
            0.0007951259613037109,
            0.0007798671722412109,
            0.0007860660552978516,
            0.0007369518280029297,
            0.0007669925689697266,
            0.0007801055908203125,
            0.0007698535919189453
        ],
        "average": 0.0007798910140991211,
        "min": 0.0007369518280029297,
        "max": 0.0008120536804199219
    },
    "fin06": {
        "class": "FIn06",
        "include_startup": false,
        "runs": [
            0.0008451938629150391,
            0.0007770061492919922,
            0.0007679462432861328,
            0.0007870197296142578,
            0.0007648468017578125,
            0.0007970333099365234,
            0.0007739067077636719,
            0.0007770061492919922,
            0.0007791519165039062,
            0.0007829666137695312
        ],
        "average": 0.000785207748413086,
        "min": 0.0007648468017578125,
        "max": 0.0008451938629150391
    },
    "fin06_startup": {
        "class": "FIn06",
        "include_startup": true,
        "runs": [
            0.0007882118225097656,
            0.0007598400115966797,
            0.0007541179656982422,
            0.0007328987121582031,
            0.0007550716400146484,
            0.0007600784301757812,
            0.0007350444793701172,
            0.0007350444793701172,
            0.00074005126953125,
            0.0007469654083251953
        ],
        "average": 0.000750732421875,
        "min": 0.0007328987121582031,
        "max": 0.0007882118225097656
    },
    "p16": {
        "class": "P16",
        "include_startup": false,
        "runs": [
            0.0008389949798583984,
            0.0007929801940917969,
            0.0007958412170410156,
            0.0007932186126708984,
            0.0007770061492919922,
            0.000782012939453125,
            0.0007870197296142578,
            0.0008077621459960938,
            0.0007870197296142578,
            0.0008080005645751953
        ],
        "average": 0.0007969856262207032,
        "min": 0.0007770061492919922,
        "max": 0.0008389949798583984
    },
    "p16_startup": {
        "class": "P16",
        "include_startup": true,
        "runs": [
            0.0008819103240966797,
            0.0008590221405029297,
            0.0007917881011962891,
            0.0007920265197753906,
            0.0007920265197753906,
            0.0007839202880859375,
            0.0007860660552978516,
            0.0007808208465576172,
            0.0007729530334472656,
            0.0007839202880859375
        ],
        "average": 0.0008024454116821289,
        "min": 0.0007729530334472656,
        "max": 0.0008819103240966797
    },
    "pin16": {
        "class": "PIn16",
        "include_startup": false,
        "runs": [
            0.0008490085601806641,
            0.0007350444793701172,
            0.0007450580596923828,
            0.0007419586181640625,
            0.0007479190826416016,
            0.0007359981536865234,
            0.0007431507110595703,
            0.0007538795471191406,
            0.0007419586181640625,
            0.0007340908050537109
        ],
        "average": 0.0007528066635131836,
        "min": 0.0007340908050537109,
        "max": 0.0008490085601806641
    },
    "pin16_startup": {
        "class": "PIn16",
        "include_startup": true,
        "runs": [
            0.0008111000061035156,
            0.0008730888366699219,
            0.0007989406585693359,
            0.0007750988006591797,
            0.0007379055023193359,
            0.0007710456848144531,
            0.0007669925689697266,
            0.0011930465698242188,
            0.0009949207305908203,
            0.0007619857788085938
        ],
        "average": 0.0008484125137329102,
        "min": 0.0007379055023193359,
        "max": 0.0011930465698242188
    },
    "z26": {
        "class": "Z26",
        "include_startup": false,
        "runs": [
            0.0009140968322753906,
            0.000804901123046875,
            0.0008101463317871094,
            0.0008518695831298828,
            0.000820159912109375,
            0.0008208751678466797,
            0.0008189678192138672,
            0.0008029937744140625,
            0.0007951259613037109,
            0.0007848739624023438
        ],
        "average": 0.0008224010467529297,
        "min": 0.0007848739624023438,
        "max": 0.0009140968322753906
    },
    "z26_startup": {
        "class": "Z26",
        "include_startup": true,
        "runs": [
            0.0008561611175537109,
            0.0008409023284912109,
            0.0010821819305419922,
            0.0008389949798583984,
            0.0008180141448974609,
            0.0008261203765869141,
            0.0008211135864257812,
            0.0008180141448974609,
            0.000823974609375,
            0.0008199214935302734
        ],
        "average": 0.0008545398712158203,
        "min": 0.0008180141448974609,
        "max": 0.0010821819305419922
    },
    "zin26": {
        "class": "ZIn26",
        "include_startup": false,
        "runs": [
            0.0008440017700195312,
            0.0008268356323242188,
            0.0008108615875244141,
            0.0008080005645751953,
            0.0008189678192138672,
            0.0008211135864257812,
            0.0008418560028076172,
            0.0008361339569091797,
            0.000827789306640625,
            0.0008029937744140625
        ],
        "average": 0.0008238554000854492,
        "min": 0.0008029937744140625,
        "max": 0.0008440017700195312
    },
    "zin26_startup": {
        "class": "ZIn26",
        "include_startup": true,
        "runs": [
            0.0009109973907470703,
            0.0007889270782470703,
            0.0007929801940917969,
            0.0007781982421875,
            0.0010688304901123047,
            0.0008571147918701172,
            0.0007951259613037109,
            0.0007560253143310547,
            0.0007560253143310547,
            0.0007529258728027344
        ],
        "average": 0.0008257150650024414,
        "min": 0.0007529258728027344,
        "max": 0.0010688304901123047
    }
}