{
    "f06": {
        "class": "F06",
        "include_startup": false,
        "runs": [
            0.0011489391326904297,
            0.0008211135864257812,
            0.0007879734039306641,
            0.0008039474487304688,
            0.0008051395416259766,
            0.0007991790771484375,
            0.000804901123046875,
            0.0007960796356201172,
            0.000804901123046875,
            0.0008029937744140625
        ],
        "average": 0.0008375167846679688,
        "min": 0.0007879734039306641,
        "max": 0.0011489391326904297
    },
    "f06_startup": {
        "class": "F06",
        "include_startup": true,
        "runs": [
            0.0030100345611572266,
            0.0009570121765136719,
            0.0009338855743408203,
            0.0009429454803466797,
            0.0009448528289794922,
            0.0009119510650634766,
            0.0009019374847412109,
            0.0009298324584960938,
            0.0009551048278808594,
            0.0009591579437255859
        ],
        "average": 0.0011446714401245118,
        "min": 0.0009019374847412109,
        "max": 0.0030100345611572266
    },
    "fin06": {
        "class": "FIn06",
        "include_startup": false,
        "runs": [
            0.0011410713195800781,
            0.0008599758148193359,
            0.0008280277252197266,
            0.0008330345153808594,
            0.0008370876312255859,
            0.000804901123046875,
            0.0008280277252197266,
            0.0008249282836914062,
            0.000823974609375,
            0.0008230209350585938
        ],
        "average": 0.0008604049682617188,
        "min": 0.000804901123046875,
        "max": 0.0011410713195800781
    },
    "fin06_startup": {
        "class": "FIn06",
        "include_startup": true,
        "runs": [
            0.0029630661010742188,
            0.0009310245513916016,
            0.000904083251953125,
            0.0009219646453857422,
            0.0009238719940185547,
            0.0009288787841796875,
            0.0009071826934814453,
            0.0009031295776367188,
            0.0008969306945800781,
            0.0009069442749023438
        ],
        "average": 0.0011187076568603515,
        "min": 0.0008969306945800781,
        "max": 0.0029630661010742188
    },
    "p16": {
        "class": "P16",
        "include_startup": false,
        "runs": [
            0.0011630058288574219,
            0.0008678436279296875,
            0.0008440017700195312,
            0.0008151531219482422,
            0.0008449554443359375,
            0.0009748935699462891,
            0.0007770061492919922,
            0.0007870197296142578,
            0.0007879734039306641,
            0.0007860660552978516
        ],
        "average": 0.0008647918701171875,
        "min": 0.0007770061492919922,
        "max": 0.0011630058288574219
    },
    "p16_startup": {
        "class": "P16",
        "include_startup": true,
        "runs": [
            0.0030710697174072266,
            0.0009729862213134766,
            0.0009491443634033203,
            0.0009510517120361328,
            0.0009341239929199219,
            0.0009398460388183594,
            0.0012488365173339844,
            0.0013201236724853516,
            0.0013611316680908203,
            0.0013949871063232422
        ],
        "average": 0.0013143301010131836,
        "min": 0.0009341239929199219,
        "max": 0.0030710697174072266
    },
    "pin16": {
        "class": "PIn16",
        "include_startup": false,
        "runs": [
            0.0011510848999023438,
            0.000843048095703125,
            0.0007970333099365234,
            0.0008020401000976562,
            0.0007839202880859375,
            0.0008161067962646484,
            0.0008149147033691406,
            0.0008029937744140625,
            0.0007979869842529297,
            0.0007939338684082031
        ],
        "average": 0.000840306282043457,
        "min": 0.0007839202880859375,
        "max": 0.0011510848999023438
    },
    "pin16_startup": {
        "class": "PIn16",
        "include_startup": true,
        "runs": [
            0.002969980239868164,
            0.0009679794311523438,
            0.0009570121765136719,
            0.0009729862213134766,
            0.0009641647338867188,
            0.0009548664093017578,
            0.0009529590606689453,
            0.0009481906890869141,
            0.0009779930114746094,
            0.0009760856628417969
        ],
        "average": 0.00116422176361084,
        "min": 0.0009481906890869141,
        "max": 0.002969980239868164
    },
    "z26": {
        "class": "Z26",
        "include_startup": false,
        "runs": [
            0.0012421607971191406,
            0.0007951259613037109,
            0.0008161067962646484,
            0.0008170604705810547,
            0.0008139610290527344,
            0.0008099079132080078,
            0.0007920265197753906,
            0.0008230209350585938,
            0.0008189678192138672,
            0.0008111000061035156
        ],
        "average": 0.0008539438247680664,
        "min": 0.0007920265197753906,
        "max": 0.0012421607971191406
    },
    "z26_startup": {
        "class": "Z26",
        "include_startup": true,
        "runs": [
            0.003061056137084961,
            0.0010139942169189453,
            0.0010349750518798828,
            0.0010221004486083984,
            0.001013040542602539,
            0.001013040542602539,
            0.0010290145874023438,
            0.0010139942169189453,
            0.0010139942169189453,
            0.0010089874267578125
        ],
        "average": 0.0012224197387695312,
        "min": 0.0010089874267578125,
        "max": 0.003061056137084961
    },
    "zin26": {
        "class": "ZIn26",
        "include_startup": false,
        "runs": [
            0.0011930465698242188,
            0.0007939338684082031,
            0.0007789134979248047,
            0.0008020401000976562,
            0.0007860660552978516,
            0.0007829666137695312,
            0.0007779598236083984,
            0.0007891654968261719,
            0.0008039474487304688,
            0.0007889270782470703
        ],
        "average": 0.0008296966552734375,
        "min": 0.0007779598236083984,
        "max": 0.0011930465698242188
    },
    "zin26_startup": {
        "class": "ZIn26",
        "include_startup": true,
        "runs": [
            0.002538919448852539,
            0.0008149147033691406,
            0.0007960796356201172,
            0.0008261203765869141,
            0.0008230209350585938,
            0.0008401870727539062,
            0.0009169578552246094,
            0.0008709430694580078,
            0.0008199214935302734,
            0.0008537769317626953
        ],
        "average": 0.0010100841522216798,
        "min": 0.0007960796356201172,
        "max": 0.002538919448852539
    }
}