{
    "f06": {
        "class": "F06",
        "include_startup": false,
        "runs": [
            0.0013570785522460938,
            0.001157999038696289,
            0.0012829303741455078,
            0.0012469291687011719,
            0.0008809566497802734,
            0.0007929801940917969,
            0.0007829666137695312,
            0.0007920265197753906,
            0.0007910728454589844,
            0.0007939338684082031
        ],
        "average": 0.0009878873825073242,
        "min": 0.0007829666137695312,
        "max": 0.0013570785522460938
    },
    "f06_startup": {
        "class": "F06",
        "include_startup": true,
        "runs": [
            0.0028150081634521484,
            0.0008819103240966797,
            0.0008678436279296875,
            0.0008709430694580078,
            0.0008800029754638672,
            0.0008721351623535156,
            0.0008640289306640625,
            0.0008599758148193359,
            0.0008580684661865234,
            0.0008790493011474609
        ],
        "average": 0.001064896583557129,
        "min": 0.0008580684661865234,
        "max": 0.0028150081634521484
    },
    "fin06": {
        "class": "FIn06",
        "include_startup": false,
        "runs": [
            0.0015411376953125,
            0.0007870197296142578,
            0.0007898807525634766,
            0.0008130073547363281,
            0.0008170604705810547,
            0.0008029937744140625,
            0.0008139610290527344,
            0.0007920265197753906,
            0.00080108642578125,
            0.0007970333099365234
        ],
        "average": 0.0008755207061767578,
        "min": 0.0007870197296142578,
        "max": 0.0015411376953125
    },
    "fin06_startup": {
        "class": "FIn06",
        "include_startup": true,
        "runs": [
            0.0029418468475341797,
            0.0009260177612304688,
            0.0008749961853027344,
            0.0008721351623535156,
            0.0008740425109863281,
            0.0008749961853027344,
            0.0008599758148193359,
            0.0008609294891357422,
            0.0008687973022460938,
            0.0008640289306640625
        ],
        "average": 0.0010817766189575196,
        "min": 0.0008599758148193359,
        "max": 0.0029418468475341797
    },
    "p16": {
        "class": "P16",
        "include_startup": false,
        "runs": [
            0.0014188289642333984,
            0.0008339881896972656,
            0.0008120536804199219,
            0.0008170604705810547,
            0.0008089542388916016,
            0.0008118152618408203,
            0.0008051395416259766,
            0.0007929801940917969,
            0.0008130073547363281,
            0.0008139610290527344
        ],
        "average": 0.0008727788925170898,
        "min": 0.0007929801940917969,
        "max": 0.0014188289642333984
    },
    "p16_startup": {
        "class": "P16",
        "include_startup": true,
        "runs": [
            0.0031189918518066406,
            0.0010390281677246094,
            0.0010421276092529297,
            0.0009958744049072266,
            0.0009970664978027344,
            0.0009701251983642578,
            0.0009419918060302734,
            0.0009808540344238281,
            0.000946044921875,
            0.0009758472442626953
        ],
        "average": 0.0012007951736450195,
        "min": 0.0009419918060302734,
        "max": 0.0031189918518066406
    },
    "pin16": {
        "class": "PIn16",
        "include_startup": false,
        "runs": [
            0.0015490055084228516,
            0.0007879734039306641,
            0.0008270740509033203,
            0.0008189678192138672,
            0.000823974609375,
            0.0008108615875244141,
            0.0008120536804199219,
            0.0007989406585693359,
            0.0008218288421630859,
            0.0008280277252197266
        ],
        "average": 0.0008878707885742188,
        "min": 0.0007879734039306641,
        "max": 0.0015490055084228516
    },
    "pin16_startup": {
        "class": "PIn16",
        "include_startup": true,
        "runs": [
            0.0031900405883789062,
            0.0009920597076416016,
            0.0010190010070800781,
            0.0010662078857421875,
            0.0009620189666748047,
            0.0009601116180419922,
            0.0009739398956298828,
            0.0009601116180419922,
            0.0009598731994628906,
            0.0009741783142089844
        ],
        "average": 0.001205754280090332,
        "min": 0.0009598731994628906,
        "max": 0.0031900405883789062
    },
    "z26": {
        "class": "Z26",
        "include_startup": false,
        "runs": [
            0.00150299072265625,
            0.0007910728454589844,
            0.000762939453125,
            0.0007750988006591797,
            0.0007851123809814453,
            0.0007739067077636719,
            0.0007679462432861328,
            0.0007750988006591797,
            0.0007708072662353516,
            0.0007760524749755859
        ],
        "average": 0.0008481025695800781,
        "min": 0.000762939453125,
        "max": 0.00150299072265625
    },
    "z26_startup": {
        "class": "Z26",
        "include_startup": true,
        "runs": [
            0.003000020980834961,
            0.0009529590606689453,
            0.0009500980377197266,
            0.0010440349578857422,
            0.0009899139404296875,
            0.0009748935699462891,
            0.0009908676147460938,
            0.0010151863098144531,
            0.0009789466857910156,
            0.000988006591796875
        ],
        "average": 0.0011884927749633788,
        "min": 0.0009500980377197266,
        "max": 0.003000020980834961
    },
    "zin26": {
        "class": "ZIn26",
        "include_startup": false,
        "runs": [
            0.0019800662994384766,
            0.0008149147033691406,
            0.0008130073547363281,
            0.0007929801940917969,
            0.0008029937744140625,
            0.0007810592651367188,
            0.0008029937744140625,
            0.0008039474487304688,
            0.0007879734039306641,
            0.0007970333099365234
        ],
        "average": 0.0009176969528198242,
        "min": 0.0007810592651367188,
        "max": 0.0019800662994384766
    },
    "zin26_startup": {
        "class": "ZIn26",
        "include_startup": true,
        "runs": [
            0.0030469894409179688,
            0.0010161399841308594,
            0.0009889602661132812,
            0.000990152359008789,
            0.0009908676147460938,
            0.0009810924530029297,
            0.000982046127319336,
            0.0009870529174804688,
            0.0009739398956298828,
            0.0010020732879638672
        ],
        "average": 0.0011959314346313477,
        "min": 0.0009739398956298828,
        "max": 0.0030469894409179688
    }
}