{
    "f06": {
        "class": "F06",
        "include_startup": false,
        "runs": [
            0.0014128684997558594,
            0.0007648468017578125,
            0.0007529258728027344,
            0.0007500648498535156,
            0.0007600784301757812,
            0.0007660388946533203,
            0.0007548332214355469,
            0.0007581710815429688,
            0.0007538795471191406,
            0.0007669925689697266
        ],
        "average": 0.0008240699768066406,
        "min": 0.0007500648498535156,
        "max": 0.0014128684997558594
    },
    "f06_startup": {
        "class": "F06",
        "include_startup": true,
        "runs": [
            0.0029189586639404297,
            0.0008649826049804688,
            0.0008170604705810547,
            0.0008451938629150391,
            0.0008440017700195312,
            0.0008440017700195312,
            0.0008459091186523438,
            0.0008590221405029297,
            0.0008230209350585938,
            0.0008499622344970703
        ],
        "average": 0.0010512113571166993,
        "min": 0.0008170604705810547,
        "max": 0.0029189586639404297
    },
    "fin06": {
        "class": "FIn06",
        "include_startup": false,
        "runs": [
            0.0014498233795166016,
            0.0007789134979248047,
            0.0007679462432861328,
            0.0007450580596923828,
            0.0007588863372802734,
            0.0007660388946533203,
            0.0007948875427246094,
            0.0007560253143310547,
            0.0007638931274414062,
            0.0007550716400146484
        ],
        "average": 0.0008336544036865234,
        "min": 0.0007450580596923828,
        "max": 0.0014498233795166016
    },
    "fin06_startup": {
        "class": "FIn06",
        "include_startup": true,
        "runs": [
            0.0028791427612304688,
            0.0008220672607421875,
            0.0008080005645751953,
            0.0007929801940917969,
            0.0007839202880859375,
            0.0007910728454589844,
            0.0007731914520263672,
            0.000782012939453125,
            0.0007970333099365234,
            0.000782012939453125
        ],
        "average": 0.0010011434555053712,
        "min": 0.0007731914520263672,
        "max": 0.0028791427612304688
    },
    "p16": {
        "class": "P16",
        "include_startup": false,
        "runs": [
            0.0015001296997070312,
            0.0007810592651367188,
            0.0008020401000976562,
            0.0007789134979248047,
            0.0007739067077636719,
            0.0007810592651367188,
            0.000759124755859375,
            0.0007870197296142578,
            0.0007848739624023438,
            0.0007798671722412109
        ],
        "average": 0.0008527994155883789,
        "min": 0.000759124755859375,
        "max": 0.0015001296997070312
    },
    "p16_startup": {
        "class": "P16",
        "include_startup": true,
        "runs": [
            0.0022308826446533203,
            0.0007297992706298828,
            0.0007100105285644531,
            0.0006830692291259766,
            0.0009479522705078125,
            0.0009241104125976562,
            0.0007460117340087891,
            0.0006940364837646484,
            0.0006918907165527344,
            0.0006940364837646484
        ],
        "average": 0.0009051799774169922,
        "min": 0.0006830692291259766,
        "max": 0.0022308826446533203
    },
    "pin16": {
        "class": "PIn16",
        "include_startup": false,
        "runs": [
            0.0015101432800292969,
            0.0007951259613037109,
            0.0007848739624023438,
            0.0007650852203369141,
            0.0007607936859130859,
            0.0007679462432861328,
            0.0007641315460205078,
            0.0007560253143310547,
            0.0007407665252685547,
            0.0007522106170654297
        ],
        "average": 0.0008397102355957031,
        "min": 0.0007407665252685547,
        "max": 0.0015101432800292969
    },
    "pin16_startup": {
        "class": "PIn16",
        "include_startup": true,
        "runs": [
            0.002856016159057617,
            0.0008549690246582031,
            0.0008440017700195312,
            0.0009272098541259766,
            0.0008389949798583984,
            0.0008101463317871094,
            0.0008211135864257812,
            0.0008301734924316406,
            0.0008311271667480469,
            0.0008130073547363281
        ],
        "average": 0.0010426759719848633,
        "min": 0.0008101463317871094,
        "max": 0.002856016159057617
    },
    "z26": {
        "class": "Z26",
        "include_startup": false,
        "runs": [
            0.001219034194946289,
            0.0006530284881591797,
            0.0006341934204101562,
            0.0006239414215087891,
            0.0006229877471923828,
            0.0006167888641357422,
            0.0006299018859863281,
            0.0006051063537597656,
            0.0006070137023925781,
            0.0006189346313476562
        ],
        "average": 0.0006830930709838867,
        "min": 0.0006051063537597656,
        "max": 0.001219034194946289
    },
    "z26_startup": {
        "class": "Z26",
        "include_startup": true,
        "runs": [
            0.0029358863830566406,
            0.0010390281677246094,
            0.0009329319000244141,
            0.0009489059448242188,
            0.0009360313415527344,
            0.0009200572967529297,
            0.0009150505065917969,
            0.0009100437164306641,
            0.0009248256683349609,
            0.0009210109710693359
        ],
        "average": 0.0011383771896362304,
        "min": 0.0009100437164306641,
        "max": 0.0029358863830566406
    },
    "zin26": {
        "class": "ZIn26",
        "include_startup": false,
        "runs": [
            0.0015709400177001953,
            0.000759124755859375,
            0.0007729530334472656,
            0.0007588863372802734,
            0.0007660388946533203,
            0.0007450580596923828,
            0.0007688999176025391,
            0.0007669925689697266,
            0.0007688999176025391,
            0.0007631778717041016
        ],
        "average": 0.0008440971374511719,
        "min": 0.0007450580596923828,
        "max": 0.0015709400177001953
    },
    "zin26_startup": {
        "class": "ZIn26",
        "include_startup": true,
        "runs": [
            0.0030231475830078125,
            0.0010330677032470703,
            0.0009691715240478516,
            0.0010018348693847656,
            0.0010669231414794922,
            0.0010340213775634766,
            0.001071929931640625,
            0.0010080337524414062,
            0.0010309219360351562,
            0.0010120868682861328
        ],
        "average": 0.001225113868713379,
        "min": 0.0009691715240478516,
        "max": 0.0030231475830078125
    }
}