{
    "f06": {
        "class": "F06",
        "include_startup": false,
        "runs": [
            0.0014369487762451172,
            0.0008018016815185547,
            0.0007779598236083984,
            0.0007760524749755859,
            0.0007848739624023438,
            0.0007660388946533203,
            0.0007729530334472656,
            0.0007801055908203125,
            0.0007729530334472656,
            0.000759124755859375
        ],
        "average": 0.000842881202697754,
        "min": 0.000759124755859375,
        "max": 0.0014369487762451172
    },
    "f06_startup": {
        "class": "F06",
        "include_startup": true,
        "runs": [
            0.0028371810913085938,
            0.0008480548858642578,
            0.0008480548858642578,
            0.0008301734924316406,
            0.0008440017700195312,
            0.0008249282836914062,
            0.000823974609375,
            0.0008368492126464844,
            0.0008459091186523438,
            0.0008709430694580078
        ],
        "average": 0.0010410070419311524,
        "min": 0.000823974609375,
        "max": 0.0028371810913085938
    },
    "fin06": {
        "class": "FIn06",
        "include_startup": false,
        "runs": [
            0.0014541149139404297,
            0.0007710456848144531,
            0.0007698535919189453,
            0.0007641315460205078,
            0.0007588863372802734,
            0.0007560253143310547,
            0.0007879734039306641,
            0.0007669925689697266,
            0.0007631778717041016,
            0.0007579326629638672
        ],
        "average": 0.0008350133895874024,
        "min": 0.0007560253143310547,
        "max": 0.0014541149139404297
    },
    "fin06_startup": {
        "class": "FIn06",
        "include_startup": true,
        "runs": [
            0.0022890567779541016,
            0.0007281303405761719,
            0.0007281303405761719,
            0.0007028579711914062,
            0.0006859302520751953,
            0.0006940364837646484,
            0.0006639957427978516,
            0.0006639957427978516,
            0.0006670951843261719,
            0.0006749629974365234
        ],
        "average": 0.0008498191833496094,
        "min": 0.0006639957427978516,
        "max": 0.0022890567779541016
    },
    "p16": {
        "class": "P16",
        "include_startup": false,
        "runs": [
            0.0014379024505615234,
            0.0007369518280029297,
            0.0007240772247314453,
            0.0007529258728027344,
            0.0007410049438476562,
            0.0007610321044921875,
            0.0007231235504150391,
            0.0007560253143310547,
            0.0007479190826416016,
            0.0007610321044921875
        ],
        "average": 0.0008141994476318359,
        "min": 0.0007231235504150391,
        "max": 0.0014379024505615234
    },
    "p16_startup": {
        "class": "P16",
        "include_startup": true,
        "runs": [
            0.0029108524322509766,
            0.0008921623229980469,
            0.0008559226989746094,
            0.0008740425109863281,
            0.0008699893951416016,
            0.0008661746978759766,
            0.0008440017700195312,
            0.0008339881896972656,
            0.0008580684661865234,
            0.0008580684661865234
        ],
        "average": 0.0010663270950317383,
        "min": 0.0008339881896972656,
        "max": 0.0029108524322509766
    },
    "pin16": {
        "class": "PIn16",
        "include_startup": false,
        "runs": [
            0.0014469623565673828,
            0.0007221698760986328,
            0.0007469654083251953,
            0.0007359981536865234,
            0.0007331371307373047,
            0.0007250308990478516,
            0.0007212162017822266,
            0.0007228851318359375,
            0.0007078647613525391,
            0.0007338523864746094
        ],
        "average": 0.0007996082305908204,
        "min": 0.0007078647613525391,
        "max": 0.0014469623565673828
    },
    "pin16_startup": {
        "class": "PIn16",
        "include_startup": true,
        "runs": [
            0.002858877182006836,
            0.0008869171142578125,
            0.0008759498596191406,
            0.0009140968322753906,
            0.0009100437164306641,
            0.0008840560913085938,
            0.0008711814880371094,
            0.0008809566497802734,
            0.0008661746978759766,
            0.000888824462890625
        ],
        "average": 0.001083707809448242,
        "min": 0.0008661746978759766,
        "max": 0.002858877182006836
    },
    "z26": {
        "class": "Z26",
        "include_startup": false,
        "runs": [
            0.00156402587890625,
            0.0007910728454589844,
            0.0007729530334472656,
            0.0007779598236083984,
            0.0007829666137695312,
            0.0007779598236083984,
            0.0007579326629638672,
            0.0007600784301757812,
            0.0007739067077636719,
            0.0007650852203369141
        ],
        "average": 0.0008523941040039062,
        "min": 0.0007579326629638672,
        "max": 0.00156402587890625
    },
    "z26_startup": {
        "class": "Z26",
        "include_startup": true,
        "runs": [
            0.0029120445251464844,
            0.000985860824584961,
            0.0009100437164306641,
            0.0008771419525146484,
            0.0009059906005859375,
            0.0008869171142578125,
            0.0008831024169921875,
            0.0008981227874755859,
            0.0009038448333740234,
            0.0009169578552246094
        ],
        "average": 0.0011080026626586914,
        "min": 0.0008771419525146484,
        "max": 0.0029120445251464844
    },
    "zin26": {
        "class": "ZIn26",
        "include_startup": false,
        "runs": [
            0.0012500286102294922,
            0.00061798095703125,
            0.0006191730499267578,
            0.0005998611450195312,
            0.0006170272827148438,
            0.0005950927734375,
            0.0006089210510253906,
            0.0006120204925537109,
            0.0006058216094970703,
            0.0006120204925537109
        ],
        "average": 0.0006737947463989258,
        "min": 0.0005950927734375,
        "max": 0.0012500286102294922
    },
    "zin26_startup": {
        "class": "ZIn26",
        "include_startup": true,
        "runs": [
            0.002315044403076172,
            0.0008420944213867188,
            0.0008199214935302734,
            0.0007748603820800781,
            0.0007839202880859375,
            0.0007750988006591797,
            0.0007672309875488281,
            0.0007569789886474609,
            0.0007550716400146484,
            0.0007598400115966797
        ],
        "average": 0.0009350061416625976,
        "min": 0.0007550716400146484,
        "max": 0.002315044403076172
    }
}