{
    "f06": {
        "class": "F06",
        "include_startup": false,
        "runs": [
            0.00173187255859375,
            0.0015840530395507812,
            0.0015938282012939453,
            0.0015821456909179688,
            0.0015912055969238281,
            0.001750946044921875,
            0.0015819072723388672,
            0.0015940666198730469,
            0.0015919208526611328,
            0.001566171646118164
        ],
        "average": 0.0016168117523193359,
        "min": 0.001566171646118164,
        "max": 0.001750946044921875
    },
    "f06_startup": {
        "class": "F06",
        "include_startup": true,
        "runs": [
            0.0032739639282226562,
            0.0017938613891601562,
            0.0018091201782226562,
            0.002299070358276367,
            0.0018661022186279297,
            0.0032608509063720703,
            0.001744985580444336,
            0.0017077922821044922,
            0.0017130374908447266,
            0.0017371177673339844
        ],
        "average": 0.0021205902099609374,
        "min": 0.0017077922821044922,
        "max": 0.0032739639282226562
    },
    "fin06": {
        "class": "FIn06",
        "include_startup": false,
        "runs": [
            0.0017359256744384766,
            0.0016930103302001953,
            0.0016150474548339844,
            0.001605987548828125,
            0.0015850067138671875,
            0.0017468929290771484,
            0.0016689300537109375,
            0.0017549991607666016,
            0.0015921592712402344,
            0.0016281604766845703
        ],
        "average": 0.001662611961364746,
        "min": 0.0015850067138671875,
        "max": 0.0017549991607666016
    },
    "fin06_startup": {
        "class": "FIn06",
        "include_startup": true,
        "runs": [
            0.0030269622802734375,
            0.0016489028930664062,
            0.0016720294952392578,
            0.0016260147094726562,
            0.0016450881958007812,
            0.0032100677490234375,
            0.0017178058624267578,
            0.0016808509826660156,
            0.0017859935760498047,
            0.0016491413116455078
        ],
        "average": 0.0019662857055664064,
        "min": 0.0016260147094726562,
        "max": 0.0032100677490234375
    },
    "p16": {
        "class": "P16",
        "include_startup": false,
        "runs": [
            0.005269050598144531,
            0.005384922027587891,
            0.0052490234375,
            0.005254983901977539,
            0.005282878875732422,
            0.009756088256835938,
            0.010417938232421875,
            0.00533294677734375,
            0.005860090255737305,
            0.00564885139465332
        ],
        "average": 0.006345677375793457,
        "min": 0.0052490234375,
        "max": 0.010417938232421875
    },
    "p16_startup": {
        "class": "P16",
        "include_startup": true,
        "runs": [
            0.006905078887939453,
            0.0067958831787109375,
            0.0067119598388671875,
            0.006764888763427734,
            0.005282878875732422,
            0.0066280364990234375,
            0.006762027740478516,
            0.006911039352416992,
            0.006821870803833008,
            0.012392997741699219
        ],
        "average": 0.007197666168212891,
        "min": 0.005282878875732422,
        "max": 0.012392997741699219
    },
    "pin16": {
        "class": "PIn16",
        "include_startup": false,
        "runs": [
            0.0018389225006103516,
            0.001811981201171875,
            0.0009062290191650391,
            0.001399993896484375,
            0.0018470287322998047,
            0.0017969608306884766,
            0.0017971992492675781,
            0.0018360614776611328,
            0.0017910003662109375,
            0.0018150806427001953
        ],
        "average": 0.0016840457916259765,
        "min": 0.0009062290191650391,
        "max": 0.0018470287322998047
    },
    "pin16_startup": {
        "class": "PIn16",
        "include_startup": true,
        "runs": [
            0.0033249855041503906,
            0.003247976303100586,
            0.003359079360961914,
            0.003253936767578125,
            0.0032029151916503906,
            0.0032029151916503906,
            0.0035169124603271484,
            0.0032188892364501953,
            0.0032329559326171875,
            0.003270864486694336
        ],
        "average": 0.0032831430435180664,
        "min": 0.0032029151916503906,
        "max": 0.0035169124603271484
    }
}