{
    "f06": {
        "class": "F06",
        "include_startup": false,
        "runs": [
            0.001767873764038086,
            0.0016040802001953125,
            0.0016169548034667969,
            0.0015881061553955078,
            0.0015912055969238281,
            0.0018069744110107422,
            0.0016579627990722656,
            0.0016131401062011719,
            0.001631021499633789,
            0.0016131401062011719
        ],
        "average": 0.0016490459442138673,
        "min": 0.0015881061553955078,
        "max": 0.0018069744110107422
    },
    "f06_startup": {
        "class": "F06",
        "include_startup": true,
        "runs": [
            0.0032241344451904297,
            0.0018069744110107422,
            0.00174713134765625,
            0.0017361640930175781,
            0.0017309188842773438,
            0.0032720565795898438,
            0.0017728805541992188,
            0.0017549991607666016,
            0.0017578601837158203,
            0.0017430782318115234
        ],
        "average": 0.0020546197891235353,
        "min": 0.0017309188842773438,
        "max": 0.0032720565795898438
    },
    "fin06": {
        "class": "FIn06",
        "include_startup": false,
        "runs": [
            0.0017271041870117188,
            0.0016810894012451172,
            0.0015869140625,
            0.0016138553619384766,
            0.0016090869903564453,
            0.0017838478088378906,
            0.0016889572143554688,
            0.0016491413116455078,
            0.0016438961029052734,
            0.0016388893127441406
        ],
        "average": 0.001662278175354004,
        "min": 0.0015869140625,
        "max": 0.0017838478088378906
    },
    "fin06_startup": {
        "class": "FIn06",
        "include_startup": true,
        "runs": [
            0.003289937973022461,
            0.0017151832580566406,
            0.0017151832580566406,
            0.00168609619140625,
            0.001708984375,
            0.0030951499938964844,
            0.0017189979553222656,
            0.0017070770263671875,
            0.0017061233520507812,
            0.0018050670623779297
        ],
        "average": 0.002014780044555664,
        "min": 0.00168609619140625,
        "max": 0.003289937973022461
    },
    "p16": {
        "class": "P16",
        "include_startup": false,
        "runs": [
            0.005198955535888672,
            0.0041539669036865234,
            0.005264997482299805,
            0.0051708221435546875,
            0.005316019058227539,
            0.0052280426025390625,
            0.0053060054779052734,
            0.005228996276855469,
            0.005303144454956055,
            0.00528717041015625
        ],
        "average": 0.005145812034606933,
        "min": 0.0041539669036865234,
        "max": 0.005316019058227539
    },
    "p16_startup": {
        "class": "P16",
        "include_startup": true,
        "runs": [
            0.006857872009277344,
            0.006704092025756836,
            0.0057659149169921875,
            0.006659984588623047,
            0.006869077682495117,
            0.006699085235595703,
            0.00656890869140625,
            0.010710954666137695,
            0.006911039352416992,
            0.006584882736206055
        ],
        "average": 0.0070331811904907225,
        "min": 0.0057659149169921875,
        "max": 0.010710954666137695
    },
    "pin16": {
        "class": "PIn16",
        "include_startup": false,
        "runs": [
            0.0018548965454101562,
            0.0018420219421386719,
            0.001825094223022461,
            0.0013971328735351562,
            0.0018019676208496094,
            0.0018191337585449219,
            0.0037398338317871094,
            0.0017969608306884766,
            0.0018188953399658203,
            0.0018057823181152344
        ],
        "average": 0.0019701719284057617,
        "min": 0.0013971328735351562,
        "max": 0.0037398338317871094
    },
    "pin16_startup": {
        "class": "PIn16",
        "include_startup": true,
        "runs": [
            0.00398707389831543,
            0.003256082534790039,
            0.003300905227661133,
            0.0028619766235351562,
            0.00321197509765625,
            0.0033020973205566406,
            0.0032720565795898438,
            0.002696990966796875,
            0.003216981887817383,
            0.003306865692138672
        ],
        "average": 0.003241300582885742,
        "min": 0.002696990966796875,
        "max": 0.00398707389831543
    }
}