{
    "f06": {
        "class": "F06",
        "include_startup": false,
        "runs": [
            0.3581869602203369,
            0.3082401752471924,
            0.4124181270599365,
            0.1972799301147461,
            0.4034080505371094,
            0.40199995040893555,
            0.40828990936279297,
            0.40769290924072266,
            0.405332088470459,
            0.4021739959716797
        ],
        "average": 0.3705022096633911,
        "min": 0.1972799301147461,
        "max": 0.4124181270599365
    },
    "f06_startup": {
        "class": "F06",
        "include_startup": true,
        "runs": [
            0.40825486183166504,
            0.4183189868927002,
            0.41686582565307617,
            0.4091799259185791,
            0.3596470355987549,
            0.31110095977783203,
            0.4040050506591797,
            0.4069700241088867,
            0.40640687942504883,
            0.4086730480194092
        ],
        "average": 0.39494225978851316,
        "min": 0.31110095977783203,
        "max": 0.4183189868927002
    }
}