{
    "f06": {
        "class": "F06",
        "include_startup": false,
        "runs": [
            0.3987569808959961,
            0.40093016624450684,
            0.40004801750183105,
            0.4068589210510254,
            0.39261579513549805,
            0.3974740505218506,
            0.41101908683776855,
            0.3965330123901367,
            0.40563392639160156,
            0.39586496353149414
        ],
        "average": 0.4005734920501709,
        "min": 0.39261579513549805,
        "max": 0.41101908683776855
    },
    "f06_startup": {
        "class": "F06",
        "include_startup": true,
        "runs": [
            0.4132270812988281,
            0.40264892578125,
            0.40364718437194824,
            0.31923508644104004,
            0.36318492889404297,
            0.3974180221557617,
            0.40030717849731445,
            0.4053208827972412,
            0.4192180633544922,
            0.41304802894592285
        ],
        "average": 0.3937255382537842,
        "min": 0.31923508644104004,
        "max": 0.4192180633544922
    }
}