{
    "f06": {
        "class": "F06",
        "include_startup": false,
        "runs": [
            0.06964802742004395,
            0.06971502304077148,
            0.07074117660522461,
            0.07137203216552734,
            0.06970691680908203,
            0.07120585441589355,
            0.06971192359924316,
            0.06966400146484375,
            0.07149004936218262,
            0.06925106048583984
        ],
        "average": 0.07025060653686524,
        "min": 0.06925106048583984,
        "max": 0.07149004936218262
    },
    "f06_startup": {
        "class": "F06",
        "include_startup": true,
        "runs": [
            0.06969594955444336,
            0.06903290748596191,
            0.07078099250793457,
            0.06876993179321289,
            0.06920409202575684,
            0.08146190643310547,
            0.07791399955749512,
            0.07413911819458008,
            0.07623910903930664,
            0.07380390167236328
        ],
        "average": 0.07310419082641602,
        "min": 0.06876993179321289,
        "max": 0.08146190643310547
    },
    "p16": {
        "class": "P16",
        "include_startup": false,
        "runs": [
            9.956299066543579,
            8.779311895370483,
            10.345458030700684,
            10.419375896453857,
            10.00406289100647,
            10.466540098190308,
            10.419631004333496,
            10.544162034988403,
            10.473387002944946,
            10.27879810333252
        ],
        "average": 10.168702602386475,
        "min": 8.779311895370483,
        "max": 10.544162034988403
    },
    "p16_startup": {
        "class": "P16",
        "include_startup": true,
        "runs": [
            9.830704927444458,
            10.106986999511719,
            10.030990839004517,
            10.14903998374939,
            10.114030838012695,
            10.526977062225342,
            10.351417064666748,
            10.426759004592896,
            10.21982216835022,
            10.178836822509766
        ],
        "average": 10.193556571006775,
        "min": 9.830704927444458,
        "max": 10.526977062225342
    }
}