{
    "f06": {
        "class": "F06",
        "include_startup": false,
        "runs": [
            0.0008261203765869141,
            0.0008218288421630859,
            0.0008099079132080078,
            0.0008258819580078125,
            0.0008251667022705078,
            0.0008151531219482422,
            0.0008499622344970703,
            0.0008528232574462891,
            0.0008530616760253906,
            0.0008749961853027344
        ],
        "average": 0.0008354902267456055,
        "min": 0.0008099079132080078,
        "max": 0.0008749961853027344
    },
    "f06_startup": {
        "class": "F06",
        "include_startup": true,
        "runs": [
            0.0016889572143554688,
            0.00138092041015625,
            0.0013730525970458984,
            0.0014791488647460938,
            0.001383066177368164,
            0.002173185348510742,
            0.0018010139465332031,
            0.0017628669738769531,
            0.0017769336700439453,
            0.0018320083618164062
        ],
        "average": 0.0016651153564453125,
        "min": 0.0013730525970458984,
        "max": 0.002173185348510742
    },
    "fin06": {
        "class": "FIn06",
        "include_startup": false,
        "runs": [
            0.0008399486541748047,
            0.0008320808410644531,
            0.0008268356323242188,
            0.0008311271667480469,
            0.0008370876312255859,
            0.001013040542602539,
            0.0008540153503417969,
            0.0008230209350585938,
            0.0008599758148193359,
            0.0008528232574462891
        ],
        "average": 0.0008569955825805664,
        "min": 0.0008230209350585938,
        "max": 0.001013040542602539
    },
    "fin06_startup": {
        "class": "FIn06",
        "include_startup": true,
        "runs": [
            0.0022459030151367188,
            0.001851797103881836,
            0.0018420219421386719,
            0.0018398761749267578,
            0.0018498897552490234,
            0.0022559165954589844,
            0.0018210411071777344,
            0.0017888545989990234,
            0.0017938613891601562,
            0.001767873764038086
        ],
        "average": 0.0019057035446166993,
        "min": 0.001767873764038086,
        "max": 0.0022559165954589844
    },
    "p16": {
        "class": "P16",
        "include_startup": false,
        "runs": [
            0.0009100437164306641,
            0.0008978843688964844,
            0.0009829998016357422,
            0.0008800029754638672,
            0.0007710456848144531,
            0.0009348392486572266,
            0.0008819103240966797,
            0.0006930828094482422,
            0.00040602684020996094,
            0.0008749961853027344
        ],
        "average": 0.0008232831954956054,
        "min": 0.00040602684020996094,
        "max": 0.0009829998016357422
    },
    "p16_startup": {
        "class": "P16",
        "include_startup": true,
        "runs": [
            0.0022950172424316406,
            0.002238035202026367,
            0.002602100372314453,
            0.0022139549255371094,
            0.002331972122192383,
            0.003412961959838867,
            0.0022749900817871094,
            0.002318859100341797,
            0.0019690990447998047,
            0.0023221969604492188
        ],
        "average": 0.002397918701171875,
        "min": 0.0019690990447998047,
        "max": 0.003412961959838867
    },
    "pin16": {
        "class": "PIn16",
        "include_startup": false,
        "runs": [
            0.000885009765625,
            0.0008919239044189453,
            0.0008668899536132812,
            0.0009260177612304688,
            0.0007510185241699219,
            0.0008938312530517578,
            0.0008740425109863281,
            0.0008680820465087891,
            0.0008509159088134766,
            0.0008518695831298828
        ],
        "average": 0.0008659601211547851,
        "min": 0.0007510185241699219,
        "max": 0.0009260177612304688
    },
    "pin16_startup": {
        "class": "PIn16",
        "include_startup": true,
        "runs": [
            0.0023040771484375,
            0.0022568702697753906,
            0.00173187255859375,
            0.002321958541870117,
            0.002259969711303711,
            0.003384828567504883,
            0.0028400421142578125,
            0.0023338794708251953,
            0.002268075942993164,
            0.0022318363189697266
        ],
        "average": 0.002393341064453125,
        "min": 0.00173187255859375,
        "max": 0.003384828567504883
    }
}