{
    "f06": {
        "class": "F06",
        "include_startup": false,
        "runs": [
            0.0014088153839111328,
            0.0013499259948730469,
            0.0012979507446289062,
            0.0010640621185302734,
            0.0008020401000976562,
            0.0008177757263183594,
            0.0008618831634521484,
            0.0008490085601806641,
            0.0008580684661865234,
            0.0008380413055419922
        ],
        "average": 0.0010147571563720703,
        "min": 0.0008020401000976562,
        "max": 0.0014088153839111328
    },
    "f06_startup": {
        "class": "F06",
        "include_startup": true,
        "runs": [
            0.002223968505859375,
            0.001809835433959961,
            0.0017578601837158203,
            0.0017697811126708984,
            0.0017728805541992188,
            0.0022470951080322266,
            0.0019550323486328125,
            0.0018558502197265625,
            0.0018579959869384766,
            0.0018320083618164062
        ],
        "average": 0.0019082307815551757,
        "min": 0.0017578601837158203,
        "max": 0.0022470951080322266
    },
    "fin06": {
        "class": "FIn06",
        "include_startup": false,
        "runs": [
            0.0008320808410644531,
            0.0007989406585693359,
            0.0008120536804199219,
            0.0008320808410644531,
            0.0008189678192138672,
            0.001219034194946289,
            0.0011539459228515625,
            0.0011630058288574219,
            0.0012028217315673828,
            0.0011639595031738281
        ],
        "average": 0.0009996891021728516,
        "min": 0.0007989406585693359,
        "max": 0.001219034194946289
    },
    "fin06_startup": {
        "class": "FIn06",
        "include_startup": true,
        "runs": [
            0.0023000240325927734,
            0.001786947250366211,
            0.0017499923706054688,
            0.0017788410186767578,
            0.0017478466033935547,
            0.002196073532104492,
            0.001809835433959961,
            0.0018160343170166016,
            0.0018007755279541016,
            0.0018031597137451172
        ],
        "average": 0.0018789529800415038,
        "min": 0.0017478466033935547,
        "max": 0.0023000240325927734
    },
    "p16": {
        "class": "P16",
        "include_startup": false,
        "runs": [
            0.0008809566497802734,
            0.0008740425109863281,
            0.0008790493011474609,
            0.0013279914855957031,
            0.0009009838104248047,
            0.0008940696716308594,
            0.0008900165557861328,
            0.0008931159973144531,
            0.0009069442749023438,
            0.0009009838104248047
        ],
        "average": 0.0009348154067993164,
        "min": 0.0008740425109863281,
        "max": 0.0013279914855957031
    },
    "p16_startup": {
        "class": "P16",
        "include_startup": true,
        "runs": [
            0.0022270679473876953,
            0.0021741390228271484,
            0.0022912025451660156,
            0.002270936965942383,
            0.002299070358276367,
            0.002285003662109375,
            0.0027408599853515625,
            0.0022590160369873047,
            0.001856088638305664,
            0.0021920204162597656
        ],
        "average": 0.0022595405578613283,
        "min": 0.001856088638305664,
        "max": 0.0027408599853515625
    },
    "pin16": {
        "class": "PIn16",
        "include_startup": false,
        "runs": [
            0.0009789466857910156,
            0.0008771419525146484,
            0.0008800029754638672,
            0.0008671283721923828,
            0.0008590221405029297,
            0.0006859302520751953,
            0.0008819103240966797,
            0.0009810924530029297,
            0.0009350776672363281,
            0.0008831024169921875
        ],
        "average": 0.0008829355239868164,
        "min": 0.0006859302520751953,
        "max": 0.0009810924530029297
    },
    "pin16_startup": {
        "class": "PIn16",
        "include_startup": true,
        "runs": [
            0.0022361278533935547,
            0.0030159950256347656,
            0.0024030208587646484,
            0.002237081527709961,
            0.002246856689453125,
            0.0023050308227539062,
            0.0022368431091308594,
            0.0023560523986816406,
            0.0022580623626708984,
            0.0022199153900146484
        ],
        "average": 0.0023514986038208007,
        "min": 0.0022199153900146484,
        "max": 0.0030159950256347656
    }
}