{
    "f06": {
        "class": "F06",
        "include_startup": false,
        "runs": [
            0.05923104286193848,
            0.05794405937194824,
            0.0544431209564209,
            0.053006887435913086,
            0.057890892028808594,
            0.0719900131225586,
            0.0715789794921875,
            0.07190418243408203,
            0.07462882995605469,
            0.0709998607635498
        ],
        "average": 0.0643617868423462,
        "min": 0.053006887435913086,
        "max": 0.07462882995605469
    },
    "f06_startup": {
        "class": "F06",
        "include_startup": true,
        "runs": [
            0.06414103507995605,
            0.06337594985961914,
            0.06370091438293457,
            0.06298685073852539,
            0.06371712684631348,
            0.06892895698547363,
            0.06884384155273438,
            0.06866598129272461,
            0.06814980506896973,
            0.06875801086425781
        ],
        "average": 0.06612684726715087,
        "min": 0.06298685073852539,
        "max": 0.06892895698547363
    },
    "p16": {
        "class": "P16",
        "include_startup": false,
        "runs": [
            10.400400161743164,
            8.807928085327148,
            10.239445924758911,
            10.407135009765625,
            10.059772968292236,
            10.436897039413452,
            10.426316976547241,
            10.14810299873352,
            10.018029928207397,
            9.968069076538086
        ],
        "average": 10.091209816932679,
        "min": 8.807928085327148,
        "max": 10.436897039413452
    },
    "p16_startup": {
        "class": "P16",
        "include_startup": true,
        "runs": [
            10.077754020690918,
            10.377799034118652,
            8.792222023010254,
            10.290349006652832,
            8.780282020568848,
            9.89958906173706,
            9.90617299079895,
            10.369987964630127,
            9.92258095741272,
            10.280362129211426
        ],
        "average": 9.869709920883178,
        "min": 8.780282020568848,
        "max": 10.377799034118652
    }
}