{
    "f06": {
        "class": "F06",
        "include_startup": false,
        "runs": [
            0.0013539791107177734,
            0.0011911392211914062,
            0.001210927963256836,
            0.0012078285217285156,
            0.0012309551239013672,
            0.0012209415435791016,
            0.0012090206146240234,
            0.0012049674987792969,
            0.0012431144714355469,
            0.001210927963256836
        ],
        "average": 0.0012283802032470703,
        "min": 0.0011911392211914062,
        "max": 0.0013539791107177734
    },
    "f06_startup": {
        "class": "F06",
        "include_startup": true,
        "runs": [
            0.0020308494567871094,
            0.0008931159973144531,
            0.0008308887481689453,
            0.000823974609375,
            0.0008242130279541016,
            0.0008039474487304688,
            0.0008089542388916016,
            0.0008020401000976562,
            0.0008161067962646484,
            0.0008299350738525391
        ],
        "average": 0.0009464025497436523,
        "min": 0.0008020401000976562,
        "max": 0.0020308494567871094
    },
    "p16": {
        "class": "P16",
        "include_startup": false,
        "runs": [
            0.0009038448333740234,
            0.0007839202880859375,
            0.0008029937744140625,
            0.0008089542388916016,
            0.000804901123046875,
            0.0007920265197753906,
            0.0007810592651367188,
            0.0008001327514648438,
            0.0008220672607421875,
            0.0008330345153808594
        ],
        "average": 0.00081329345703125,
        "min": 0.0007810592651367188,
        "max": 0.0009038448333740234
    },
    "p16_startup": {
        "class": "P16",
        "include_startup": true,
        "runs": [
            0.002062082290649414,
            0.0009119510650634766,
            0.0008690357208251953,
            0.0010528564453125,
            0.0008780956268310547,
            0.0008749961853027344,
            0.0008819103240966797,
            0.0008759498596191406,
            0.0008630752563476562,
            0.0008509159088134766
        ],
        "average": 0.0010120868682861328,
        "min": 0.0008509159088134766,
        "max": 0.002062082290649414
    },
    "z26": {
        "class": "Z26",
        "include_startup": false,
        "runs": [
            0.00096893310546875,
            0.0007910728454589844,
            0.0008058547973632812,
            0.0007910728454589844,
            0.0008199214935302734,
            0.0008149147033691406,
            0.00080108642578125,
            0.0008158683776855469,
            0.0007829666137695312,
            0.0007970333099365234
        ],
        "average": 0.0008188724517822265,
        "min": 0.0007829666137695312,
        "max": 0.00096893310546875
    },
    "z26_startup": {
        "class": "Z26",
        "include_startup": true,
        "runs": [
            0.0021669864654541016,
            0.0009779930114746094,
            0.0009150505065917969,
            0.0009200572967529297,
            0.0009911060333251953,
            0.0009667873382568359,
            0.0009589195251464844,
            0.0010221004486083984,
            0.0009601116180419922,
            0.0009739398956298828
        ],
        "average": 0.0010853052139282227,
        "min": 0.0009150505065917969,
        "max": 0.0021669864654541016
    }
}