{
    "f06": {
        "class": "F06",
        "include_startup": false,
        "runs": [
            0.0008289813995361328,
            0.0007619857788085938,
            0.0007870197296142578,
            0.0007801055908203125,
            0.0007770061492919922,
            0.0007569789886474609,
            0.0007808208465576172,
            0.0007729530334472656,
            0.0007719993591308594,
            0.0007741451263427734
        ],
        "average": 0.0007791996002197265,
        "min": 0.0007569789886474609,
        "max": 0.0008289813995361328
    },
    "f06_startup": {
        "class": "F06",
        "include_startup": true,
        "runs": [
            0.0020749568939208984,
            0.0008890628814697266,
            0.0008649826049804688,
            0.0008177757263183594,
            0.0008678436279296875,
            0.0008828639984130859,
            0.0008571147918701172,
            0.0008580684661865234,
            0.0008859634399414062,
            0.0008471012115478516
        ],
        "average": 0.0009845733642578126,
        "min": 0.0008177757263183594,
        "max": 0.0020749568939208984
    },
    "p16": {
        "class": "P16",
        "include_startup": false,
        "runs": [
            0.0009338855743408203,
            0.0008339881896972656,
            0.0008230209350585938,
            0.0008149147033691406,
            0.0008320808410644531,
            0.0007848739624023438,
            0.0007989406585693359,
            0.0008330345153808594,
            0.0008120536804199219,
            0.0008778572082519531
        ],
        "average": 0.0008344650268554688,
        "min": 0.0007848739624023438,
        "max": 0.0009338855743408203
    },
    "p16_startup": {
        "class": "P16",
        "include_startup": true,
        "runs": [
            0.001650094985961914,
            0.0007579326629638672,
            0.0007729530334472656,
            0.0007538795471191406,
            0.0007429122924804688,
            0.0007131099700927734,
            0.0007340908050537109,
            0.00072479248046875,
            0.0007121562957763672,
            0.0007188320159912109
        ],
        "average": 0.0008280754089355468,
        "min": 0.0007121562957763672,
        "max": 0.001650094985961914
    },
    "z26": {
        "class": "Z26",
        "include_startup": false,
        "runs": [
            0.0009920597076416016,
            0.0007910728454589844,
            0.0007739067077636719,
            0.0007910728454589844,
            0.0007848739624023438,
            0.0007989406585693359,
            0.0007979869842529297,
            0.0007750988006591797,
            0.0007879734039306641,
            0.0007920265197753906
        ],
        "average": 0.0008085012435913086,
        "min": 0.0007739067077636719,
        "max": 0.0009920597076416016
    },
    "z26_startup": {
        "class": "Z26",
        "include_startup": true,
        "runs": [
            0.0022640228271484375,
            0.0009729862213134766,
            0.0009379386901855469,
            0.0009510517120361328,
            0.0009188652038574219,
            0.0009510517120361328,
            0.000946044921875,
            0.0009739398956298828,
            0.0009329319000244141,
            0.0009281635284423828
        ],
        "average": 0.0010776996612548828,
        "min": 0.0009188652038574219,
        "max": 0.0022640228271484375
    }
}