{
    "f06": {
        "class": "F06",
        "include_startup": false,
        "runs": [
            0.40653181076049805,
            0.4056520462036133,
            0.3459348678588867,
            0.4065878391265869,
            0.40062999725341797,
            0.3193659782409668,
            0.3433349132537842,
            0.40018320083618164,
            0.40263795852661133,
            0.41632699966430664
        ],
        "average": 0.3847185611724854,
        "min": 0.3193659782409668,
        "max": 0.41632699966430664
    },
    "f06_startup": {
        "class": "F06",
        "include_startup": true,
        "runs": [
            0.4100780487060547,
            0.40854883193969727,
            0.40452098846435547,
            0.411013126373291,
            0.4006941318511963,
            0.41427087783813477,
            0.31078386306762695,
            0.349977970123291,
            0.40704989433288574,
            0.4007089138031006
        ],
        "average": 0.3917646646499634,
        "min": 0.31078386306762695,
        "max": 0.41427087783813477
    },
    "fin06": {
        "class": "FIn06",
        "include_startup": false,
        "runs": [
            0.3778960704803467,
            0.37239789962768555,
            0.3827369213104248,
            0.3865811824798584,
            0.29091405868530273,
            0.37474489212036133,
            0.37951087951660156,
            0.37960314750671387,
            0.373258113861084,
            0.37408900260925293
        ],
        "average": 0.3691732168197632,
        "min": 0.29091405868530273,
        "max": 0.3865811824798584
    },
    "fin06_startup": {
        "class": "FIn06",
        "include_startup": true,
        "runs": [
            0.3809778690338135,
            0.3839578628540039,
            0.3738069534301758,
            0.37655091285705566,
            0.37430906295776367,
            0.38936495780944824,
            0.3803560733795166,
            0.3774271011352539,
            0.38814210891723633,
            0.37577319145202637
        ],
        "average": 0.3800666093826294,
        "min": 0.3738069534301758,
        "max": 0.38936495780944824
    }
}