{
    "f06": {
        "class": "F06",
        "include_startup": false,
        "runs": [
            0.5810151100158691,
            0.5805060863494873,
            0.5747280120849609,
            0.5789449214935303,
            0.5778980255126953,
            0.5755000114440918,
            0.5705440044403076,
            0.5709130764007568,
            0.5744178295135498,
            0.5826590061187744
        ],
        "average": 0.5767126083374023,
        "min": 0.5705440044403076,
        "max": 0.5826590061187744
    },
    "f06_startup": {
        "class": "F06",
        "include_startup": true,
        "runs": [
            0.5695409774780273,
            0.5686690807342529,
            0.5691490173339844,
            0.5730481147766113,
            0.5698790550231934,
            0.290330171585083,
            0.2930910587310791,
            0.2969198226928711,
            0.2922210693359375,
            0.2889859676361084
        ],
        "average": 0.4311834335327148,
        "min": 0.2889859676361084,
        "max": 0.5730481147766113
    },
    "p16": {
        "class": "P16",
        "include_startup": false,
        "runs": [
            81.08075284957886,
            79.90807604789734,
            80.23830199241638,
            80.15439701080322,
            80.91469597816467,
            81.82919907569885,
            67.91592216491699,
            81.23549890518188,
            80.58912587165833,
            81.42403292655945
        ],
        "average": 79.5290002822876,
        "min": 67.91592216491699,
        "max": 81.82919907569885
    },
    "p16_startup": {
        "class": "P16",
        "include_startup": true,
        "runs": [
            80.48723196983337,
            82.30911302566528,
            80.64310002326965,
            80.50056600570679,
            80.90960597991943,
            80.10805988311768,
            62.450052976608276,
            81.90637397766113,
            80.78846311569214,
            67.91537809371948
        ],
        "average": 77.80179450511932,
        "min": 62.450052976608276,
        "max": 82.30911302566528
    }
}