{
    "f06": {
        "class": "F06",
        "include_startup": false,
        "runs": [
            0.39755702018737793,
            0.410599946975708,
            0.42403316497802734,
            0.41779303550720215,
            0.4324350357055664,
            0.4077730178833008,
            0.3193700313568115,
            0.4023869037628174,
            0.33905911445617676,
            0.36043286323547363
        ],
        "average": 0.39114401340484617,
        "min": 0.3193700313568115,
        "max": 0.4324350357055664
    },
    "f06_startup": {
        "class": "F06",
        "include_startup": true,
        "runs": [
            0.4351019859313965,
            0.40938496589660645,
            0.40277791023254395,
            0.4063258171081543,
            0.4050729274749756,
            0.4206521511077881,
            0.41115617752075195,
            0.40204906463623047,
            0.40024495124816895,
            0.4096109867095947
        ],
        "average": 0.4102376937866211,
        "min": 0.40024495124816895,
        "max": 0.4351019859313965
    },
    "fin06": {
        "class": "FIn06",
        "include_startup": false,
        "runs": [
            0.3840510845184326,
            0.38550901412963867,
            0.37526583671569824,
            0.3892979621887207,
            0.2914252281188965,
            0.3444361686706543,
            0.3862721920013428,
            0.3845489025115967,
            0.3812580108642578,
            0.376816987991333
        ],
        "average": 0.36988813877105714,
        "min": 0.2914252281188965,
        "max": 0.3892979621887207
    },
    "fin06_startup": {
        "class": "FIn06",
        "include_startup": true,
        "runs": [
            0.3951089382171631,
            0.3789839744567871,
            0.37555909156799316,
            0.38776111602783203,
            0.37661314010620117,
            0.37774014472961426,
            0.39557504653930664,
            0.32893896102905273,
            0.38889288902282715,
            0.38796210289001465
        ],
        "average": 0.3793135404586792,
        "min": 0.32893896102905273,
        "max": 0.39557504653930664
    }
}