{
    "f06": {
        "class": "F06",
        "include_startup": false,
        "runs": [
            0.003660917282104492,
            0.0034050941467285156,
            0.003328084945678711,
            0.003407001495361328,
            0.0033240318298339844,
            0.003731966018676758,
            0.003431081771850586,
            0.003448009490966797,
            0.003408193588256836,
            0.0034220218658447266
        ],
        "average": 0.0034566402435302736,
        "min": 0.0033240318298339844,
        "max": 0.003731966018676758
    },
    "f06_startup": {
        "class": "F06",
        "include_startup": true,
        "runs": [
            0.004817008972167969,
            0.003373861312866211,
            0.0036919116973876953,
            0.0033898353576660156,
            0.003412008285522461,
            0.005079984664916992,
            0.003587961196899414,
            0.003574848175048828,
            0.003618001937866211,
            0.003506898880004883
        ],
        "average": 0.003805232048034668,
        "min": 0.003373861312866211,
        "max": 0.005079984664916992
    },
    "p16": {
        "class": "P16",
        "include_startup": false,
        "runs": [
            0.005900144577026367,
            0.003757953643798828,
            0.0038890838623046875,
            0.003771066665649414,
            0.003813028335571289,
            0.005644083023071289,
            0.0038330554962158203,
            0.004003047943115234,
            0.004831075668334961,
            0.003790140151977539
        ],
        "average": 0.004323267936706543,
        "min": 0.003757953643798828,
        "max": 0.005900144577026367
    },
    "p16_startup": {
        "class": "P16",
        "include_startup": true,
        "runs": [
            0.00408482551574707,
            0.004987955093383789,
            0.003902912139892578,
            0.005132913589477539,
            0.0050449371337890625,
            0.007590055465698242,
            0.005160808563232422,
            0.005105018615722656,
            0.007472991943359375,
            0.005241870880126953
        ],
        "average": 0.005372428894042968,
        "min": 0.003902912139892578,
        "max": 0.007590055465698242
    }
}