{
    "f06": {
        "class": "F06",
        "include_startup": false,
        "runs": [
            0.003893136978149414,
            0.003543853759765625,
            0.00351715087890625,
            0.003551006317138672,
            0.003515005111694336,
            0.003682851791381836,
            0.003665924072265625,
            0.0034210681915283203,
            0.0034050941467285156,
            0.0033960342407226562
        ],
        "average": 0.003559112548828125,
        "min": 0.0033960342407226562,
        "max": 0.003893136978149414
    },
    "f06_startup": {
        "class": "F06",
        "include_startup": true,
        "runs": [
            0.005017995834350586,
            0.003498077392578125,
            0.0035200119018554688,
            0.0035300254821777344,
            0.0034580230712890625,
            0.004929065704345703,
            0.003509998321533203,
            0.003489971160888672,
            0.003464937210083008,
            0.003489971160888672
        ],
        "average": 0.0037908077239990233,
        "min": 0.0034580230712890625,
        "max": 0.005017995834350586
    },
    "p16": {
        "class": "P16",
        "include_startup": false,
        "runs": [
            0.0030760765075683594,
            0.0037348270416259766,
            0.0037660598754882812,
            0.003773927688598633,
            0.0038299560546875,
            0.0030171871185302734,
            0.003763914108276367,
            0.003777027130126953,
            0.00393986701965332,
            0.003941059112548828
        ],
        "average": 0.0036619901657104492,
        "min": 0.0030171871185302734,
        "max": 0.003941059112548828
    },
    "p16_startup": {
        "class": "P16",
        "include_startup": true,
        "runs": [
            0.004964113235473633,
            0.004094123840332031,
            0.0050470829010009766,
            0.004088878631591797,
            0.005154132843017578,
            0.0038831233978271484,
            0.005030155181884766,
            0.003896951675415039,
            0.005266904830932617,
            0.005106925964355469
        ],
        "average": 0.004653239250183105,
        "min": 0.0038831233978271484,
        "max": 0.005266904830932617
    }
}