{
    "f06": {
        "class": "F06",
        "include_startup": false,
        "runs": [
            0.5802450180053711,
            0.5799858570098877,
            0.5821218490600586,
            0.5836751461029053,
            0.5814769268035889,
            0.48984408378601074,
            0.4865579605102539,
            0.48538804054260254,
            0.4891691207885742,
            0.4871230125427246
        ],
        "average": 0.5345587015151978,
        "min": 0.48538804054260254,
        "max": 0.5836751461029053
    },
    "f06_startup": {
        "class": "F06",
        "include_startup": true,
        "runs": [
            0.5799820423126221,
            0.574091911315918,
            0.5741970539093018,
            0.5760998725891113,
            0.5836379528045654,
            0.6031649112701416,
            0.5730891227722168,
            0.569443941116333,
            0.571112871170044,
            0.5710480213165283
        ],
        "average": 0.5775867700576782,
        "min": 0.569443941116333,
        "max": 0.6031649112701416
    },
    "p16": {
        "class": "P16",
        "include_startup": false,
        "runs": [
            81.01918911933899,
            62.07556891441345,
            79.81647205352783,
            68.06253695487976,
            81.9010100364685,
            67.99520897865295,
            81.59772777557373,
            80.81535601615906,
            81.75226187705994,
            81.9566581249237
        ],
        "average": 76.6991989850998,
        "min": 62.07556891441345,
        "max": 81.9566581249237
    },
    "p16_startup": {
        "class": "P16",
        "include_startup": true,
        "runs": [
            80.54047703742981,
            81.07937097549438,
            82.28242087364197,
            82.61620092391968,
            80.50408911705017,
            80.90160799026489,
            81.10155391693115,
            80.99212408065796,
            80.75093483924866,
            81.12867283821106
        ],
        "average": 81.18974525928498,
        "min": 80.50408911705017,
        "max": 82.61620092391968
    }
}