{
    "f06": {
        "class": "F06",
        "include_startup": false,
        "runs": [
            0.6899888515472412,
            0.684816837310791,
            0.7234818935394287,
            0.6965539455413818,
            0.6878550052642822,
            0.5464189052581787,
            0.6024219989776611,
            0.7075839042663574,
            0.6849100589752197,
            0.7013180255889893
        ],
        "average": 0.6725349426269531,
        "min": 0.5464189052581787,
        "max": 0.7234818935394287
    },
    "f06_startup": {
        "class": "F06",
        "include_startup": true,
        "runs": [
            0.6902759075164795,
            0.6836578845977783,
            0.6858761310577393,
            0.6090049743652344,
            0.6872968673706055,
            0.6959538459777832,
            0.7087290287017822,
            0.7153158187866211,
            0.5976369380950928,
            0.6962940692901611
        ],
        "average": 0.6770041465759278,
        "min": 0.5976369380950928,
        "max": 0.7153158187866211
    }
}