{
    "f06": {
        "class": "F06",
        "include_startup": false,
        "runs": [
            1.1329820156097412,
            1.161026954650879,
            0.9644119739532471,
            1.1761789321899414,
            1.2061009407043457,
            1.186690092086792,
            1.148529052734375,
            1.128767967224121,
            1.1356229782104492,
            1.1235699653625488
        ],
        "average": 1.136388087272644,
        "min": 0.9644119739532471,
        "max": 1.2061009407043457
    },
    "f06_startup": {
        "class": "F06",
        "include_startup": true,
        "runs": [
            1.14847993850708,
            0.968242883682251,
            1.160066843032837,
            1.1301939487457275,
            0.8730878829956055,
            1.1407268047332764,
            1.1660139560699463,
            1.1301300525665283,
            1.1547670364379883,
            1.1428539752960205
        ],
        "average": 1.1014563322067261,
        "min": 0.8730878829956055,
        "max": 1.1660139560699463
    },
    "fin06": {
        "class": "FIn06",
        "include_startup": false,
        "runs": [
            9.2585608959198,
            9.52510690689087,
            9.166346073150635,
            9.308270931243896,
            9.419853210449219,
            9.225826978683472,
            9.35513710975647,
            9.223330974578857,
            9.166972875595093,
            9.193688154220581
        ],
        "average": 9.28430941104889,
        "min": 9.166346073150635,
        "max": 9.52510690689087
    },
    "fin06_startup": {
        "class": "FIn06",
        "include_startup": true,
        "runs": [
            9.351676940917969,
            9.141382932662964,
            9.27023196220398,
            9.179991006851196,
            9.252633094787598,
            7.196548938751221,
            9.211563110351562,
            9.408885955810547,
            9.433701038360596,
            9.310662984848022
        ],
        "average": 9.075727796554565,
        "min": 7.196548938751221,
        "max": 9.433701038360596
    }
}