{
    "f06": {
        "class": "F06",
        "include_startup": false,
        "runs": [
            1.1570250988006592,
            1.1621830463409424,
            0.8767340183258057,
            1.1453330516815186,
            0.9796538352966309,
            1.1647050380706787,
            1.131485939025879,
            1.1448159217834473,
            1.139488935470581,
            1.1597599983215332
        ],
        "average": 1.1061184883117676,
        "min": 0.8767340183258057,
        "max": 1.1647050380706787
    },
    "f06_startup": {
        "class": "F06",
        "include_startup": true,
        "runs": [
            1.146165132522583,
            1.1347200870513916,
            1.1448099613189697,
            1.1289210319519043,
            1.1286799907684326,
            0.6556150913238525,
            1.1352050304412842,
            0.9963610172271729,
            0.9638690948486328,
            1.1385250091552734
        ],
        "average": 1.0572871446609498,
        "min": 0.6556150913238525,
        "max": 1.146165132522583
    },
    "fin06": {
        "class": "FIn06",
        "include_startup": false,
        "runs": [
            9.333420038223267,
            9.417569875717163,
            4.652751922607422,
            9.155313968658447,
            9.32273006439209,
            7.689813137054443,
            7.680293798446655,
            7.588347911834717,
            9.36736512184143,
            9.20442008972168
        ],
        "average": 8.341202592849731,
        "min": 4.652751922607422,
        "max": 9.417569875717163
    },
    "fin06_startup": {
        "class": "FIn06",
        "include_startup": true,
        "runs": [
            9.213071823120117,
            9.146386861801147,
            9.19904112815857,
            9.225764036178589,
            9.670711040496826,
            7.555559873580933,
            9.634936809539795,
            9.29276704788208,
            9.524785995483398,
            9.736145973205566
        ],
        "average": 9.219917058944702,
        "min": 7.555559873580933,
        "max": 9.736145973205566
    }
}