{
    "f06": {
        "class": "F06",
        "include_startup": false,
        "runs": [
            0.5334529876708984,
            0.687830924987793,
            0.6935849189758301,
            0.5352840423583984,
            0.689284086227417,
            0.6961228847503662,
            0.6045229434967041,
            0.6962661743164062,
            0.5980730056762695,
            0.7081630229949951
        ],
        "average": 0.6442584991455078,
        "min": 0.5334529876708984,
        "max": 0.7081630229949951
    },
    "f06_startup": {
        "class": "F06",
        "include_startup": true,
        "runs": [
            0.6949970722198486,
            0.7096960544586182,
            0.6121749877929688,
            0.5349810123443604,
            0.7054970264434814,
            0.6906850337982178,
            0.6975381374359131,
            0.704016923904419,
            0.7011501789093018,
            0.7134120464324951
        ],
        "average": 0.6764148473739624,
        "min": 0.5349810123443604,
        "max": 0.7134120464324951
    }
}