{
    "f06": {
        "class": "F06",
        "include_startup": false,
        "runs": [
            0.003668069839477539,
            0.0031709671020507812,
            0.0031571388244628906,
            0.003145933151245117,
            0.003158092498779297,
            0.0031549930572509766,
            0.0032160282135009766,
            0.003117084503173828,
            0.0031228065490722656,
            0.0031960010528564453
        ],
        "average": 0.003210711479187012,
        "min": 0.003117084503173828,
        "max": 0.003668069839477539
    },
    "f06_startup": {
        "class": "F06",
        "include_startup": true,
        "runs": [
            0.0035440921783447266,
            0.0031359195709228516,
            0.0031249523162841797,
            0.0031108856201171875,
            0.0031299591064453125,
            0.0031409263610839844,
            0.00311279296875,
            0.003153085708618164,
            0.003123044967651367,
            0.003164052963256836
        ],
        "average": 0.003173971176147461,
        "min": 0.0031108856201171875,
        "max": 0.0035440921783447266
    },
    "fin06": {
        "class": "FIn06",
        "include_startup": false,
        "runs": [
            0.004359006881713867,
            0.0035851001739501953,
            0.003565073013305664,
            0.0035970211029052734,
            0.003537893295288086,
            0.0035448074340820312,
            0.0035250186920166016,
            0.003551959991455078,
            0.0035390853881835938,
            0.0035409927368164062
        ],
        "average": 0.0036345958709716798,
        "min": 0.0035250186920166016,
        "max": 0.004359006881713867
    },
    "fin06_startup": {
        "class": "FIn06",
        "include_startup": true,
        "runs": [
            0.003126859664916992,
            0.002804994583129883,
            0.0029778480529785156,
            0.002794027328491211,
            0.0027670860290527344,
            0.002807140350341797,
            0.0027549266815185547,
            0.0030460357666015625,
            0.002810955047607422,
            0.0028340816497802734
        ],
        "average": 0.0028723955154418947,
        "min": 0.0027549266815185547,
        "max": 0.003126859664916992
    },
    "p16": {
        "class": "P16",
        "include_startup": false,
        "runs": [
            0.003885030746459961,
            0.0034241676330566406,
            0.003442049026489258,
            0.0034079551696777344,
            0.0034830570220947266,
            0.0033960342407226562,
            0.003451108932495117,
            0.0034050941467285156,
            0.0034308433532714844,
            0.0034379959106445312
        ],
        "average": 0.0034763336181640623,
        "min": 0.0033960342407226562,
        "max": 0.003885030746459961
    },
    "p16_startup": {
        "class": "P16",
        "include_startup": true,
        "runs": [
            0.002796173095703125,
            0.002485036849975586,
            0.0024712085723876953,
            0.002485036849975586,
            0.0024781227111816406,
            0.002452850341796875,
            0.0028760433197021484,
            0.0024700164794921875,
            0.0024449825286865234,
            0.002468109130859375
        ],
        "average": 0.0025427579879760743,
        "min": 0.0024449825286865234,
        "max": 0.0028760433197021484
    },
    "pin16": {
        "class": "PIn16",
        "include_startup": false,
        "runs": [
            0.0030918121337890625,
            0.0027730464935302734,
            0.0027060508728027344,
            0.0027098655700683594,
            0.0028808116912841797,
            0.0030961036682128906,
            0.0028820037841796875,
            0.002714872360229492,
            0.0027170181274414062,
            0.002691030502319336
        ],
        "average": 0.0028262615203857424,
        "min": 0.002691030502319336,
        "max": 0.0030961036682128906
    },
    "pin16_startup": {
        "class": "PIn16",
        "include_startup": true,
        "runs": [
            0.004289865493774414,
            0.003840208053588867,
            0.0038471221923828125,
            0.003824949264526367,
            0.003854036331176758,
            0.0038390159606933594,
            0.0038390159606933594,
            0.0038399696350097656,
            0.003782033920288086,
            0.003804922103881836
        ],
        "average": 0.0038761138916015626,
        "min": 0.003782033920288086,
        "max": 0.004289865493774414
    },
    "z26": {
        "class": "Z26",
        "include_startup": false,
        "runs": [
            0.0038909912109375,
            0.0034990310668945312,
            0.0034439563751220703,
            0.0034651756286621094,
            0.003453969955444336,
            0.0034389495849609375,
            0.003437042236328125,
            0.0034461021423339844,
            0.0034668445587158203,
            0.003437042236328125
        ],
        "average": 0.0034979104995727537,
        "min": 0.003437042236328125,
        "max": 0.0038909912109375
    },
    "z26_startup": {
        "class": "Z26",
        "include_startup": true,
        "runs": [
            0.003718852996826172,
            0.0032181739807128906,
            0.0032219886779785156,
            0.0032351016998291016,
            0.0031659603118896484,
            0.0032050609588623047,
            0.0032019615173339844,
            0.0032019615173339844,
            0.003184080123901367,
            0.003183126449584961
        ],
        "average": 0.003253626823425293,
        "min": 0.0031659603118896484,
        "max": 0.003718852996826172
    },
    "zin26": {
        "class": "ZIn26",
        "include_startup": false,
        "runs": [
            0.003692150115966797,
            0.0033118724822998047,
            0.0033249855041503906,
            0.0033011436462402344,
            0.0032911300659179688,
            0.003287792205810547,
            0.003309965133666992,
            0.003398895263671875,
            0.003358125686645508,
            0.00333404541015625
        ],
        "average": 0.003361010551452637,
        "min": 0.003287792205810547,
        "max": 0.003692150115966797
    },
    "zin26_startup": {
        "class": "ZIn26",
        "include_startup": true,
        "runs": [
            0.007580995559692383,
            0.007652997970581055,
            0.0039098262786865234,
            0.0038208961486816406,
            0.003798961639404297,
            0.003832101821899414,
            0.0037970542907714844,
            0.0037779808044433594,
            0.0037910938262939453,
            0.0038099288940429688
        ],
        "average": 0.004577183723449707,
        "min": 0.0037779808044433594,
        "max": 0.007652997970581055
    }
}