{
    "f06": {
        "class": "F06",
        "include_startup": false,
        "runs": [
            0.003557920455932617,
            0.003103017807006836,
            0.0031080245971679688,
            0.003123044967651367,
            0.003081798553466797,
            0.003077983856201172,
            0.0030808448791503906,
            0.003084897994995117,
            0.0031108856201171875,
            0.0031058788299560547
        ],
        "average": 0.0031434297561645508,
        "min": 0.003077983856201172,
        "max": 0.003557920455932617
    },
    "f06_startup": {
        "class": "F06",
        "include_startup": true,
        "runs": [
            0.005798816680908203,
            0.0057599544525146484,
            0.0055389404296875,
            0.0031900405883789062,
            0.003171205520629883,
            0.003144979476928711,
            0.003159046173095703,
            0.0031528472900390625,
            0.0031380653381347656,
            0.003141164779663086
        ],
        "average": 0.0039195060729980465,
        "min": 0.0031380653381347656,
        "max": 0.005798816680908203
    },
    "fin06": {
        "class": "FIn06",
        "include_startup": false,
        "runs": [
            0.0031049251556396484,
            0.0027709007263183594,
            0.002747058868408203,
            0.0027539730072021484,
            0.002758026123046875,
            0.0038909912109375,
            0.0027480125427246094,
            0.002743959426879883,
            0.002741098403930664,
            0.0027310848236083984
        ],
        "average": 0.0028990030288696287,
        "min": 0.0027310848236083984,
        "max": 0.0038909912109375
    },
    "fin06_startup": {
        "class": "FIn06",
        "include_startup": true,
        "runs": [
            0.004296064376831055,
            0.0038869380950927734,
            0.003860950469970703,
            0.0038590431213378906,
            0.003893136978149414,
            0.003869771957397461,
            0.003857851028442383,
            0.0038671493530273438,
            0.0039670467376708984,
            0.003876924514770508
        ],
        "average": 0.003923487663269043,
        "min": 0.003857851028442383,
        "max": 0.004296064376831055
    },
    "p16": {
        "class": "P16",
        "include_startup": false,
        "runs": [
            0.0036950111389160156,
            0.0031731128692626953,
            0.0031499862670898438,
            0.003156900405883789,
            0.003153085708618164,
            0.003161907196044922,
            0.0031499862670898438,
            0.0031321048736572266,
            0.0031609535217285156,
            0.0031418800354003906
        ],
        "average": 0.003207492828369141,
        "min": 0.0031321048736572266,
        "max": 0.0036950111389160156
    },
    "p16_startup": {
        "class": "P16",
        "include_startup": true,
        "runs": [
            0.003823995590209961,
            0.0034379959106445312,
            0.0034198760986328125,
            0.0034270286560058594,
            0.0033931732177734375,
            0.0034258365631103516,
            0.003423929214477539,
            0.0034449100494384766,
            0.0034949779510498047,
            0.0034210681915283203
        ],
        "average": 0.0034712791442871095,
        "min": 0.0033931732177734375,
        "max": 0.003823995590209961
    },
    "pin16": {
        "class": "PIn16",
        "include_startup": false,
        "runs": [
            0.004305839538574219,
            0.003804922103881836,
            0.003854036331176758,
            0.0037789344787597656,
            0.003821134567260742,
            0.0038340091705322266,
            0.0038111209869384766,
            0.0037970542907714844,
            0.004673957824707031,
            0.0038340091705322266
        ],
        "average": 0.003951501846313476,
        "min": 0.0037789344787597656,
        "max": 0.004673957824707031
    },
    "pin16_startup": {
        "class": "PIn16",
        "include_startup": true,
        "runs": [
            0.003988981246948242,
            0.00357818603515625,
            0.003582000732421875,
            0.003606081008911133,
            0.003590106964111328,
            0.0035550594329833984,
            0.0035309791564941406,
            0.0035300254821777344,
            0.0035469532012939453,
            0.0035240650177001953
        ],
        "average": 0.0036032438278198243,
        "min": 0.0035240650177001953,
        "max": 0.003988981246948242
    },
    "z26": {
        "class": "Z26",
        "include_startup": false,
        "runs": [
            0.003911018371582031,
            0.0034639835357666016,
            0.004125833511352539,
            0.0034401416778564453,
            0.0034029483795166016,
            0.0034248828887939453,
            0.003420114517211914,
            0.0034189224243164062,
            0.0034101009368896484,
            0.0034248828887939453
        ],
        "average": 0.0035442829132080076,
        "min": 0.0034029483795166016,
        "max": 0.004125833511352539
    },
    "z26_startup": {
        "class": "Z26",
        "include_startup": true,
        "runs": [
            0.003821849822998047,
            0.0033419132232666016,
            0.0033681392669677734,
            0.0033838748931884766,
            0.0033528804779052734,
            0.0033690929412841797,
            0.003362894058227539,
            0.0033829212188720703,
            0.003461122512817383,
            0.0033888816833496094
        ],
        "average": 0.0034233570098876954,
        "min": 0.0033419132232666016,
        "max": 0.003821849822998047
    },
    "zin26": {
        "class": "ZIn26",
        "include_startup": false,
        "runs": [
            0.004331827163696289,
            0.0038840770721435547,
            0.0038819313049316406,
            0.0039560794830322266,
            0.0038900375366210938,
            0.003865957260131836,
            0.0038530826568603516,
            0.003906965255737305,
            0.0038509368896484375,
            0.004900932312011719
        ],
        "average": 0.0040321826934814455,
        "min": 0.0038509368896484375,
        "max": 0.004900932312011719
    },
    "zin26_startup": {
        "class": "ZIn26",
        "include_startup": true,
        "runs": [
            0.004252910614013672,
            0.0038509368896484375,
            0.003885984420776367,
            0.003882169723510742,
            0.003873109817504883,
            0.0038619041442871094,
            0.003865957260131836,
            0.0038700103759765625,
            0.0038678646087646484,
            0.003873109817504883
        ],
        "average": 0.003908395767211914,
        "min": 0.0038509368896484375,
        "max": 0.004252910614013672
    }
}