{
    "f06": {
        "class": "F06",
        "include_startup": false,
        "runs": [
            0.32666778564453125,
            0.30596089363098145,
            0.32775306701660156,
            0.32491111755371094,
            0.3421061038970947,
            0.3458378314971924,
            0.32920217514038086,
            0.3441298007965088,
            0.3440549373626709,
            0.3197939395904541
        ],
        "average": 0.3310417652130127,
        "min": 0.30596089363098145,
        "max": 0.3458378314971924
    },
    "f06_startup": {
        "class": "F06",
        "include_startup": true,
        "runs": [
            0.3326761722564697,
            0.2537689208984375,
            0.32640504837036133,
            0.3449230194091797,
            0.36066389083862305,
            0.3114640712738037,
            0.3218510150909424,
            0.3243229389190674,
            0.3255631923675537,
            0.32466578483581543
        ],
        "average": 0.3226304054260254,
        "min": 0.2537689208984375,
        "max": 0.36066389083862305
    },
    "fin06": {
        "class": "FIn06",
        "include_startup": false,
        "runs": [
            0.34217095375061035,
            0.30524110794067383,
            0.32343387603759766,
            0.32910704612731934,
            0.34048008918762207,
            0.34203195571899414,
            0.3246419429779053,
            0.34870290756225586,
            0.33943700790405273,
            0.3267199993133545
        ],
        "average": 0.33219668865203855,
        "min": 0.30524110794067383,
        "max": 0.34870290756225586
    },
    "fin06_startup": {
        "class": "FIn06",
        "include_startup": true,
        "runs": [
            0.30228710174560547,
            0.35010719299316406,
            0.3465290069580078,
            0.3298499584197998,
            0.25513601303100586,
            0.341778039932251,
            0.35266709327697754,
            0.35225510597229004,
            0.3241860866546631,
            0.3038980960845947
        ],
        "average": 0.3258693695068359,
        "min": 0.25513601303100586,
        "max": 0.35266709327697754
    }
}