{
    "f06": {
        "class": "F06",
        "include_startup": false,
        "runs": [
            0.005301237106323242,
            0.005252838134765625,
            0.00537109375,
            0.005293846130371094,
            0.005409955978393555,
            0.010777950286865234,
            0.007425069808959961,
            0.005650043487548828,
            0.005528926849365234,
            0.005588054656982422
        ],
        "average": 0.0061599016189575195,
        "min": 0.005252838134765625,
        "max": 0.010777950286865234
    },
    "f06_startup": {
        "class": "F06",
        "include_startup": true,
        "runs": [
            0.0060138702392578125,
            0.005847930908203125,
            0.005866050720214844,
            0.005914926528930664,
            0.005815982818603516,
            0.00609898567199707,
            0.005918025970458984,
            0.005920886993408203,
            0.0058629512786865234,
            0.005857944488525391
        ],
        "average": 0.0059117555618286135,
        "min": 0.005815982818603516,
        "max": 0.00609898567199707
    },
    "fin06": {
        "class": "FIn06",
        "include_startup": false,
        "runs": [
            0.006248950958251953,
            0.006100177764892578,
            0.006106853485107422,
            0.006744861602783203,
            0.006081819534301758,
            0.005426883697509766,
            0.005605936050415039,
            0.005782127380371094,
            0.011188030242919922,
            0.011271953582763672
        ],
        "average": 0.007055759429931641,
        "min": 0.005426883697509766,
        "max": 0.011271953582763672
    },
    "fin06_startup": {
        "class": "FIn06",
        "include_startup": true,
        "runs": [
            0.006612062454223633,
            0.00648188591003418,
            0.006446123123168945,
            0.006730079650878906,
            0.006430864334106445,
            0.006055116653442383,
            0.0059468746185302734,
            0.005998134613037109,
            0.005939006805419922,
            0.005947113037109375
        ],
        "average": 0.006258726119995117,
        "min": 0.005939006805419922,
        "max": 0.006730079650878906
    },
    "p16": {
        "class": "P16",
        "include_startup": false,
        "runs": [
            0.005928993225097656,
            0.005787849426269531,
            0.006314992904663086,
            0.006365060806274414,
            0.006204843521118164,
            0.004409074783325195,
            0.005964040756225586,
            0.00534510612487793,
            0.005408048629760742,
            0.0062830448150634766
        ],
        "average": 0.005801105499267578,
        "min": 0.004409074783325195,
        "max": 0.006365060806274414
    },
    "p16_startup": {
        "class": "P16",
        "include_startup": true,
        "runs": [
            0.007244110107421875,
            0.006788969039916992,
            0.0060160160064697266,
            0.006185054779052734,
            0.0059909820556640625,
            0.006211042404174805,
            0.006053924560546875,
            0.006560087203979492,
            0.0065920352935791016,
            0.006953001022338867
        ],
        "average": 0.006459522247314453,
        "min": 0.0059909820556640625,
        "max": 0.007244110107421875
    },
    "pin16": {
        "class": "PIn16",
        "include_startup": false,
        "runs": [
            0.005585908889770508,
            0.0063440799713134766,
            0.010748147964477539,
            0.005825996398925781,
            0.005781888961791992,
            0.005651950836181641,
            0.006020069122314453,
            0.005733966827392578,
            0.010076045989990234,
            0.005841970443725586
        ],
        "average": 0.006761002540588379,
        "min": 0.005585908889770508,
        "max": 0.010748147964477539
    },
    "pin16_startup": {
        "class": "PIn16",
        "include_startup": true,
        "runs": [
            0.006200075149536133,
            0.006474018096923828,
            0.006551027297973633,
            0.011228799819946289,
            0.006083965301513672,
            0.006534099578857422,
            0.006551980972290039,
            0.005938053131103516,
            0.006319999694824219,
            0.006196022033691406
        ],
        "average": 0.006807804107666016,
        "min": 0.005938053131103516,
        "max": 0.011228799819946289
    }
}