{
    "f06": {
        "class": "F06",
        "include_startup": false,
        "runs": [
            0.3493180274963379,
            0.32942891120910645,
            0.3486039638519287,
            0.3459939956665039,
            0.35013294219970703,
            0.3253951072692871,
            0.33075499534606934,
            0.32541584968566895,
            0.3441619873046875,
            0.34561800956726074
        ],
        "average": 0.3394823789596558,
        "min": 0.3253951072692871,
        "max": 0.35013294219970703
    },
    "f06_startup": {
        "class": "F06",
        "include_startup": true,
        "runs": [
            0.32674288749694824,
            0.25550293922424316,
            0.34453415870666504,
            0.3249979019165039,
            0.32538914680480957,
            0.31051206588745117,
            0.3020060062408447,
            0.34484004974365234,
            0.3237490653991699,
            0.32590699195861816
        ],
        "average": 0.3184181213378906,
        "min": 0.25550293922424316,
        "max": 0.34484004974365234
    },
    "fin06": {
        "class": "FIn06",
        "include_startup": false,
        "runs": [
            0.32727980613708496,
            0.3239939212799072,
            0.258012056350708,
            0.3462200164794922,
            0.32675695419311523,
            0.34893083572387695,
            0.36086606979370117,
            0.3365800380706787,
            0.3523428440093994,
            0.3702881336212158
        ],
        "average": 0.335127067565918,
        "min": 0.258012056350708,
        "max": 0.3702881336212158
    },
    "fin06_startup": {
        "class": "FIn06",
        "include_startup": true,
        "runs": [
            0.3420860767364502,
            0.3242650032043457,
            0.32350897789001465,
            0.35739898681640625,
            0.34751081466674805,
            0.3392510414123535,
            0.32885003089904785,
            0.3407008647918701,
            0.32920002937316895,
            0.3253788948059082
        ],
        "average": 0.33581507205963135,
        "min": 0.32350897789001465,
        "max": 0.35739898681640625
    }
}