{
    "f06": {
        "class": "F06",
        "include_startup": false,
        "runs": [
            0.0057179927825927734,
            0.0057561397552490234,
            0.005727052688598633,
            0.005712985992431641,
            0.005702018737792969,
            0.005365133285522461,
            0.005414009094238281,
            0.005326032638549805,
            0.00530695915222168,
            0.005339145660400391
        ],
        "average": 0.0055367469787597655,
        "min": 0.00530695915222168,
        "max": 0.0057561397552490234
    },
    "f06_startup": {
        "class": "F06",
        "include_startup": true,
        "runs": [
            0.006678104400634766,
            0.0063588619232177734,
            0.006356000900268555,
            0.0063190460205078125,
            0.006345033645629883,
            0.0064640045166015625,
            0.006281852722167969,
            0.006299018859863281,
            0.006254911422729492,
            0.006312847137451172
        ],
        "average": 0.0063669681549072266,
        "min": 0.006254911422729492,
        "max": 0.006678104400634766
    },
    "fin06": {
        "class": "FIn06",
        "include_startup": false,
        "runs": [
            0.005280017852783203,
            0.0054018497467041016,
            0.005357027053833008,
            0.005403995513916016,
            0.0052700042724609375,
            0.005785942077636719,
            0.005838871002197266,
            0.005808115005493164,
            0.0058269500732421875,
            0.006227970123291016
        ],
        "average": 0.0056200742721557615,
        "min": 0.0052700042724609375,
        "max": 0.006227970123291016
    },
    "fin06_startup": {
        "class": "FIn06",
        "include_startup": true,
        "runs": [
            0.005975961685180664,
            0.005859851837158203,
            0.006006002426147461,
            0.005811929702758789,
            0.005887031555175781,
            0.004608869552612305,
            0.004485130310058594,
            0.004527091979980469,
            0.004466056823730469,
            0.004486083984375
        ],
        "average": 0.005211400985717774,
        "min": 0.004466056823730469,
        "max": 0.006006002426147461
    },
    "p16": {
        "class": "P16",
        "include_startup": false,
        "runs": [
            0.00583195686340332,
            0.005735158920288086,
            0.006048917770385742,
            0.005335092544555664,
            0.0053288936614990234,
            0.00617218017578125,
            0.006340980529785156,
            0.008268117904663086,
            0.00622105598449707,
            0.006251096725463867
        ],
        "average": 0.0061533451080322266,
        "min": 0.0053288936614990234,
        "max": 0.008268117904663086
    },
    "p16_startup": {
        "class": "P16",
        "include_startup": true,
        "runs": [
            0.006704092025756836,
            0.0055141448974609375,
            0.005087852478027344,
            0.0065729618072509766,
            0.006027936935424805,
            0.006636142730712891,
            0.005999088287353516,
            0.007416963577270508,
            0.005670070648193359,
            0.005638837814331055
        ],
        "average": 0.006126809120178223,
        "min": 0.005087852478027344,
        "max": 0.007416963577270508
    },
    "pin16": {
        "class": "PIn16",
        "include_startup": false,
        "runs": [
            0.005830049514770508,
            0.006334781646728516,
            0.006278038024902344,
            0.005882978439331055,
            0.010636091232299805,
            0.00586390495300293,
            0.006378889083862305,
            0.006211996078491211,
            0.0059812068939208984,
            0.005292177200317383
        ],
        "average": 0.006469011306762695,
        "min": 0.005292177200317383,
        "max": 0.010636091232299805
    },
    "pin16_startup": {
        "class": "PIn16",
        "include_startup": true,
        "runs": [
            0.006693840026855469,
            0.006498098373413086,
            0.006762027740478516,
            0.0059621334075927734,
            0.0064220428466796875,
            0.006029844284057617,
            0.006659984588623047,
            0.005922079086303711,
            0.00594019889831543,
            0.006635904312133789
        ],
        "average": 0.006352615356445312,
        "min": 0.005922079086303711,
        "max": 0.006762027740478516
    }
}