{
    "f06": {
        "class": "F06",
        "include_startup": false,
        "runs": [
            0.0012218952178955078,
            0.0008571147918701172,
            0.0008740425109863281,
            0.0008509159088134766,
            0.0008509159088134766,
            0.0008518695831298828,
            0.000843048095703125,
            0.0008449554443359375,
            0.0008509159088134766,
            0.0008461475372314453
        ],
        "average": 0.0008891820907592773,
        "min": 0.000843048095703125,
        "max": 0.0012218952178955078
    },
    "f06_startup": {
        "class": "F06",
        "include_startup": true,
        "runs": [
            0.0030379295349121094,
            0.000865936279296875,
            0.0008461475372314453,
            0.0008409023284912109,
            0.0008289813995361328,
            0.0008270740509033203,
            0.0008339881896972656,
            0.0008261203765869141,
            0.0008521080017089844,
            0.0008301734924316406
        ],
        "average": 0.0010589361190795898,
        "min": 0.0008261203765869141,
        "max": 0.0030379295349121094
    },
    "p16": {
        "class": "P16",
        "include_startup": false,
        "runs": [
            0.0012869834899902344,
            0.0007789134979248047,
            0.0008001327514648438,
            0.0007929801940917969,
            0.0007841587066650391,
            0.0007829666137695312,
            0.0007750988006591797,
            0.0007870197296142578,
            0.0007839202880859375,
            0.0007770061492919922
        ],
        "average": 0.0008349180221557617,
        "min": 0.0007750988006591797,
        "max": 0.0012869834899902344
    },
    "p16_startup": {
        "class": "P16",
        "include_startup": true,
        "runs": [
            0.002496004104614258,
            0.0007989406585693359,
            0.0007698535919189453,
            0.0007550716400146484,
            0.0007700920104980469,
            0.0007519721984863281,
            0.0007681846618652344,
            0.0007359981536865234,
            0.0007679462432861328,
            0.0007719993591308594
        ],
        "average": 0.0009386062622070313,
        "min": 0.0007359981536865234,
        "max": 0.002496004104614258
    },
    "z26": {
        "class": "Z26",
        "include_startup": false,
        "runs": [
            0.0014019012451171875,
            0.00092315673828125,
            0.0009088516235351562,
            0.0008890628814697266,
            0.0008919239044189453,
            0.0008959770202636719,
            0.0008709430694580078,
            0.0008580684661865234,
            0.0009350776672363281,
            0.0008990764617919922
        ],
        "average": 0.0009474039077758789,
        "min": 0.0008580684661865234,
        "max": 0.0014019012451171875
    },
    "z26_startup": {
        "class": "Z26",
        "include_startup": true,
        "runs": [
            0.002608060836791992,
            0.0008499622344970703,
            0.0008351802825927734,
            0.0008280277252197266,
            0.0008149147033691406,
            0.0008199214935302734,
            0.0008080005645751953,
            0.0008249282836914062,
            0.0008170604705810547,
            0.0008120536804199219
        ],
        "average": 0.0010018110275268554,
        "min": 0.0008080005645751953,
        "max": 0.002608060836791992
    }
}