{
    "f06": {
        "class": "F06",
        "include_startup": false,
        "runs": [
            0.00119781494140625,
            0.0008721351623535156,
            0.0008699893951416016,
            0.0008630752563476562,
            0.00086212158203125,
            0.0008480548858642578,
            0.0008540153503417969,
            0.0008668899536132812,
            0.000888824462890625,
            0.0008680820465087891
        ],
        "average": 0.0008991003036499023,
        "min": 0.0008480548858642578,
        "max": 0.00119781494140625
    },
    "f06_startup": {
        "class": "F06",
        "include_startup": true,
        "runs": [
            0.0033559799194335938,
            0.0009038448333740234,
            0.0009028911590576172,
            0.0008909702301025391,
            0.0008890628814697266,
            0.0008959770202636719,
            0.0008881092071533203,
            0.0009799003601074219,
            0.000926971435546875,
            0.0008840560913085938
        ],
        "average": 0.0011517763137817382,
        "min": 0.0008840560913085938,
        "max": 0.0033559799194335938
    },
    "p16": {
        "class": "P16",
        "include_startup": false,
        "runs": [
            0.0012509822845458984,
            0.0008399486541748047,
            0.0008118152618408203,
            0.0008380413055419922,
            0.0008258819580078125,
            0.0008242130279541016,
            0.0008261203765869141,
            0.0008471012115478516,
            0.0008330345153808594,
            0.0008308887481689453
        ],
        "average": 0.000872802734375,
        "min": 0.0008118152618408203,
        "max": 0.0012509822845458984
    },
    "p16_startup": {
        "class": "P16",
        "include_startup": true,
        "runs": [
            0.003216981887817383,
            0.0009140968322753906,
            0.0009729862213134766,
            0.0008928775787353516,
            0.0008809566497802734,
            0.0008749961853027344,
            0.0008718967437744141,
            0.0008769035339355469,
            0.0008900165557861328,
            0.0008721351623535156
        ],
        "average": 0.0011263847351074218,
        "min": 0.0008718967437744141,
        "max": 0.003216981887817383
    },
    "z26": {
        "class": "Z26",
        "include_startup": false,
        "runs": [
            0.001338958740234375,
            0.0008552074432373047,
            0.0008199214935302734,
            0.0008230209350585938,
            0.0008270740509033203,
            0.000823974609375,
            0.0008358955383300781,
            0.0008389949798583984,
            0.0008151531219482422,
            0.0008509159088134766
        ],
        "average": 0.0008829116821289062,
        "min": 0.0008151531219482422,
        "max": 0.001338958740234375
    },
    "z26_startup": {
        "class": "Z26",
        "include_startup": true,
        "runs": [
            0.0032050609588623047,
            0.001004934310913086,
            0.0009810924530029297,
            0.0010139942169189453,
            0.0013020038604736328,
            0.001383066177368164,
            0.0013120174407958984,
            0.0013401508331298828,
            0.0013461112976074219,
            0.0013349056243896484
        ],
        "average": 0.0014223337173461914,
        "min": 0.0009810924530029297,
        "max": 0.0032050609588623047
    }
}