{
    "f06": {
        "class": "F06",
        "include_startup": false,
        "runs": [
            0.0005991458892822266,
            0.0006339550018310547,
            0.0006098747253417969,
            0.0005509853363037109,
            0.0005850791931152344,
            0.0006399154663085938,
            0.0005800724029541016,
            0.0006029605865478516,
            0.0005660057067871094,
            0.0005939006805419922
        ],
        "average": 0.0005961894989013672,
        "min": 0.0005509853363037109,
        "max": 0.0006399154663085938
    },
    "f06_startup": {
        "class": "F06",
        "include_startup": true,
        "runs": [
            0.0008800029754638672,
            0.0008578300476074219,
            0.0008609294891357422,
            0.0008730888366699219,
            0.000843048095703125,
            0.0005960464477539062,
            0.0005998611450195312,
            0.0005297660827636719,
            0.0005471706390380859,
            0.00055694580078125
        ],
        "average": 0.0007144689559936523,
        "min": 0.0005297660827636719,
        "max": 0.0008800029754638672
    },
    "p16": {
        "class": "P16",
        "include_startup": false,
        "runs": [
            0.0005209445953369141,
            0.0005669593811035156,
            0.0005950927734375,
            0.0004811286926269531,
            0.0006740093231201172,
            0.0004639625549316406,
            0.0005240440368652344,
            0.0005929470062255859,
            0.0004949569702148438,
            0.0005879402160644531
        ],
        "average": 0.0005501985549926757,
        "min": 0.0004639625549316406,
        "max": 0.0006740093231201172
    },
    "p16_startup": {
        "class": "P16",
        "include_startup": true,
        "runs": [
            0.0006310939788818359,
            0.00045800209045410156,
            0.0006740093231201172,
            0.0005190372467041016,
            0.0006110668182373047,
            0.0007619857788085938,
            0.0005931854248046875,
            0.0006239414215087891,
            0.0007219314575195312,
            0.0006458759307861328
        ],
        "average": 0.0006240129470825196,
        "min": 0.00045800209045410156,
        "max": 0.0007619857788085938
    }
}