{
    "f06": {
        "class": "F06",
        "include_startup": false,
        "runs": [
            0.0006480216979980469,
            0.0006520748138427734,
            0.0006220340728759766,
            0.0006091594696044922,
            0.0005829334259033203,
            0.0006089210510253906,
            0.0006258487701416016,
            0.0006279945373535156,
            0.0006010532379150391,
            0.0006060600280761719
        ],
        "average": 0.0006184101104736329,
        "min": 0.0005829334259033203,
        "max": 0.0006520748138427734
    },
    "f06_startup": {
        "class": "F06",
        "include_startup": true,
        "runs": [
            0.0006380081176757812,
            0.0006160736083984375,
            0.0005650520324707031,
            0.0005590915679931641,
            0.0005781650543212891,
            0.00047206878662109375,
            0.00044608116149902344,
            0.0004429817199707031,
            0.00045299530029296875,
            0.0004649162292480469
        ],
        "average": 0.0005235433578491211,
        "min": 0.0004429817199707031,
        "max": 0.0006380081176757812
    },
    "p16": {
        "class": "P16",
        "include_startup": false,
        "runs": [
            0.0005359649658203125,
            0.0005729198455810547,
            0.0006108283996582031,
            0.00031495094299316406,
            0.0007119178771972656,
            0.0004630088806152344,
            0.0007050037384033203,
            0.0004420280456542969,
            0.0006589889526367188,
            0.0006310939788818359
        ],
        "average": 0.0005646705627441406,
        "min": 0.00031495094299316406,
        "max": 0.0007119178771972656
    },
    "p16_startup": {
        "class": "P16",
        "include_startup": true,
        "runs": [
            0.0007140636444091797,
            0.00048804283142089844,
            0.0006251335144042969,
            0.0006818771362304688,
            0.0004718303680419922,
            0.0005609989166259766,
            0.0006189346313476562,
            0.0006210803985595703,
            0.0006008148193359375,
            0.0005660057067871094
        ],
        "average": 0.0005948781967163086,
        "min": 0.0004718303680419922,
        "max": 0.0007140636444091797
    }
}