{
    "f06": {
        "class": "F06",
        "include_startup": false,
        "runs": [
            0.09937310218811035,
            0.09784579277038574,
            0.0974569320678711,
            0.09770894050598145,
            0.09717798233032227,
            0.10035395622253418,
            0.10155487060546875,
            0.09980893135070801,
            0.09981298446655273,
            0.10026788711547852
        ],
        "average": 0.0991361379623413,
        "min": 0.09717798233032227,
        "max": 0.10155487060546875
    },
    "f06_startup": {
        "class": "F06",
        "include_startup": true,
        "runs": [
            0.10050392150878906,
            0.10166215896606445,
            0.10072803497314453,
            0.10077595710754395,
            0.10074710845947266,
            0.11335086822509766,
            0.1035768985748291,
            0.101654052734375,
            0.10193395614624023,
            0.10176897048950195
        ],
        "average": 0.10267019271850586,
        "min": 0.10050392150878906,
        "max": 0.11335086822509766
    },
    "fin06": {
        "class": "FIn06",
        "include_startup": false,
        "runs": [
            0.11695098876953125,
            0.10657620429992676,
            0.10303115844726562,
            0.10225296020507812,
            0.10305595397949219,
            0.09846997261047363,
            0.09742903709411621,
            0.09893012046813965,
            0.09580183029174805,
            0.09650492668151855
        ],
        "average": 0.10190031528472901,
        "min": 0.09580183029174805,
        "max": 0.11695098876953125
    },
    "fin06_startup": {
        "class": "FIn06",
        "include_startup": true,
        "runs": [
            0.1088418960571289,
            0.09639978408813477,
            0.09586596488952637,
            0.09506988525390625,
            0.09695005416870117,
            0.09245610237121582,
            0.09175300598144531,
            0.09270381927490234,
            0.09376096725463867,
            0.09698605537414551
        ],
        "average": 0.09607875347137451,
        "min": 0.09175300598144531,
        "max": 0.1088418960571289
    },
    "p16": {
        "class": "P16",
        "include_startup": false,
        "runs": [
            14.030028104782104,
            12.660151958465576,
            13.403965950012207,
            13.464428901672363,
            13.71618914604187,
            13.814043998718262,
            13.311271905899048,
            13.436720132827759,
            13.300928115844727,
            13.56668496131897
        ],
        "average": 13.470441317558288,
        "min": 12.660151958465576,
        "max": 14.030028104782104
    },
    "p16_startup": {
        "class": "P16",
        "include_startup": true,
        "runs": [
            14.30937385559082,
            14.172844171524048,
            14.22152304649353,
            12.673215866088867,
            13.704902172088623,
            13.323819875717163,
            14.132938146591187,
            13.738570213317871,
            13.673682928085327,
            14.000244140625
        ],
        "average": 13.795111441612244,
        "min": 12.673215866088867,
        "max": 14.30937385559082
    },
    "pin16": {
        "class": "PIn16",
        "include_startup": false,
        "runs": [
            13.5370352268219,
            13.5136878490448,
            14.085502862930298,
            13.627710103988647,
            14.17009687423706,
            13.610186100006104,
            14.13283085823059,
            13.86704397201538,
            13.502283096313477,
            13.621644973754883
        ],
        "average": 13.766802191734314,
        "min": 13.502283096313477,
        "max": 14.17009687423706
    },
    "pin16_startup": {
        "class": "PIn16",
        "include_startup": true,
        "runs": [
            13.683456897735596,
            13.551167011260986,
            13.873164892196655,
            13.564658880233765,
            14.050793886184692,
            13.635608911514282,
            10.63994812965393,
            14.208041906356812,
            13.910331964492798,
            12.80341100692749
        ],
        "average": 13.3920583486557,
        "min": 10.63994812965393,
        "max": 14.208041906356812
    }
}