{
    "f06": {
        "class": "F06",
        "include_startup": false,
        "runs": [
            0.10177111625671387,
            0.1109001636505127,
            0.10211896896362305,
            0.10271787643432617,
            0.10239815711975098,
            0.0974581241607666,
            0.09671401977539062,
            0.0964360237121582,
            0.09675097465515137,
            0.09692192077636719
        ],
        "average": 0.10041873455047608,
        "min": 0.0964360237121582,
        "max": 0.1109001636505127
    },
    "f06_startup": {
        "class": "F06",
        "include_startup": true,
        "runs": [
            0.09671306610107422,
            0.09628105163574219,
            0.09929513931274414,
            0.09601902961730957,
            0.09677696228027344,
            0.09878277778625488,
            0.09711694717407227,
            0.09845709800720215,
            0.09671592712402344,
            0.09708189964294434
        ],
        "average": 0.09732398986816407,
        "min": 0.09601902961730957,
        "max": 0.09929513931274414
    },
    "fin06": {
        "class": "FIn06",
        "include_startup": false,
        "runs": [
            0.07692599296569824,
            0.07774019241333008,
            0.07747793197631836,
            0.08789801597595215,
            0.07731199264526367,
            0.10119199752807617,
            0.11044001579284668,
            0.10199689865112305,
            0.10121798515319824,
            0.10078191757202148
        ],
        "average": 0.09129829406738281,
        "min": 0.07692599296569824,
        "max": 0.11044001579284668
    },
    "fin06_startup": {
        "class": "FIn06",
        "include_startup": true,
        "runs": [
            0.09745407104492188,
            0.09232902526855469,
            0.10008811950683594,
            0.09234905242919922,
            0.0932621955871582,
            0.10117602348327637,
            0.10018086433410645,
            0.1010591983795166,
            0.10121297836303711,
            0.10080194473266602
        ],
        "average": 0.09799134731292725,
        "min": 0.09232902526855469,
        "max": 0.10121297836303711
    },
    "p16": {
        "class": "P16",
        "include_startup": false,
        "runs": [
            13.331012964248657,
            13.574066877365112,
            13.36526608467102,
            13.721796989440918,
            14.23545503616333,
            13.385179996490479,
            13.332101821899414,
            14.235058069229126,
            14.152264833450317,
            13.499876022338867
        ],
        "average": 13.683207869529724,
        "min": 13.331012964248657,
        "max": 14.23545503616333
    },
    "p16_startup": {
        "class": "P16",
        "include_startup": true,
        "runs": [
            12.777060985565186,
            13.41370701789856,
            13.345628023147583,
            13.542212009429932,
            14.011433124542236,
            13.686347007751465,
            13.624185800552368,
            13.877688884735107,
            13.684728860855103,
            10.41490888595581
        ],
        "average": 13.237790060043334,
        "min": 10.41490888595581,
        "max": 14.011433124542236
    },
    "pin16": {
        "class": "PIn16",
        "include_startup": false,
        "runs": [
            14.114450931549072,
            10.824339151382446,
            14.272872924804688,
            14.131624937057495,
            14.47660517692566,
            13.879420042037964,
            12.777409076690674,
            13.519050121307373,
            14.105890035629272,
            12.782388925552368
        ],
        "average": 13.488405132293702,
        "min": 10.824339151382446,
        "max": 14.47660517692566
    },
    "pin16_startup": {
        "class": "PIn16",
        "include_startup": true,
        "runs": [
            12.797523975372314,
            14.24884295463562,
            13.632456064224243,
            14.099306106567383,
            12.8751859664917,
            13.65565800666809,
            13.864043951034546,
            13.959029197692871,
            13.628053188323975,
            12.829914808273315
        ],
        "average": 13.559001421928405,
        "min": 12.797523975372314,
        "max": 14.24884295463562
    }
}