{
    "f06": {
        "class": "F06",
        "include_startup": false,
        "runs": [
            0.0018210411071777344,
            0.0018720626831054688,
            0.0018990039825439453,
            0.001870870590209961,
            0.0019040107727050781,
            0.0018918514251708984,
            0.0019109249114990234,
            0.00191497802734375,
            0.0018939971923828125,
            0.0019130706787109375
        ],
        "average": 0.001889181137084961,
        "min": 0.0018210411071777344,
        "max": 0.00191497802734375
    },
    "f06_startup": {
        "class": "F06",
        "include_startup": true,
        "runs": [
            0.0012140274047851562,
            0.0009918212890625,
            0.0010139942169189453,
            0.0010001659393310547,
            0.0010058879852294922,
            0.0009889602661132812,
            0.0009908676147460938,
            0.0009999275207519531,
            0.0009920597076416016,
            0.0009918212890625
        ],
        "average": 0.0010189533233642579,
        "min": 0.0009889602661132812,
        "max": 0.0012140274047851562
    },
    "fin06": {
        "class": "FIn06",
        "include_startup": false,
        "runs": [
            0.001207113265991211,
            0.0012409687042236328,
            0.0012080669403076172,
            0.0012009143829345703,
            0.0012171268463134766,
            0.0012538433074951172,
            0.0012087821960449219,
            0.0012018680572509766,
            0.0011878013610839844,
            0.0011839866638183594
        ],
        "average": 0.0012110471725463867,
        "min": 0.0011839866638183594,
        "max": 0.0012538433074951172
    },
    "fin06_startup": {
        "class": "FIn06",
        "include_startup": true,
        "runs": [
            0.0015871524810791016,
            0.0012960433959960938,
            0.0013239383697509766,
            0.0012979507446289062,
            0.0012919902801513672,
            0.0013091564178466797,
            0.0012810230255126953,
            0.0013968944549560547,
            0.0013298988342285156,
            0.0013399124145507812
        ],
        "average": 0.0013453960418701172,
        "min": 0.0012810230255126953,
        "max": 0.0015871524810791016
    },
    "p16": {
        "class": "P16",
        "include_startup": false,
        "runs": [
            0.0012831687927246094,
            0.001271963119506836,
            0.0012860298156738281,
            0.00127410888671875,
            0.0012979507446289062,
            0.0012700557708740234,
            0.0012640953063964844,
            0.0012831687927246094,
            0.0012679100036621094,
            0.0012669563293457031
        ],
        "average": 0.001276540756225586,
        "min": 0.0012640953063964844,
        "max": 0.0012979507446289062
    },
    "p16_startup": {
        "class": "P16",
        "include_startup": true,
        "runs": [
            0.0016279220581054688,
            0.0014050006866455078,
            0.0013470649719238281,
            0.0017251968383789062,
            0.0014009475708007812,
            0.0013790130615234375,
            0.0013439655303955078,
            0.0013570785522460938,
            0.001458883285522461,
            0.0013339519500732422
        ],
        "average": 0.0014379024505615234,
        "min": 0.0013339519500732422,
        "max": 0.0017251968383789062
    },
    "pin16": {
        "class": "PIn16",
        "include_startup": false,
        "runs": [
            0.0009410381317138672,
            0.0009551048278808594,
            0.0010230541229248047,
            0.0009958744049072266,
            0.0009419918060302734,
            0.0012879371643066406,
            0.0014247894287109375,
            0.0014429092407226562,
            0.0010771751403808594,
            0.0009441375732421875
        ],
        "average": 0.0011034011840820312,
        "min": 0.0009410381317138672,
        "max": 0.0014429092407226562
    },
    "pin16_startup": {
        "class": "PIn16",
        "include_startup": true,
        "runs": [
            0.0016829967498779297,
            0.0012879371643066406,
            0.0012960433959960938,
            0.0012841224670410156,
            0.0012738704681396484,
            0.0012769699096679688,
            0.001283884048461914,
            0.00127410888671875,
            0.0012679100036621094,
            0.001291036605834961
        ],
        "average": 0.001321887969970703,
        "min": 0.0012679100036621094,
        "max": 0.0016829967498779297
    },
    "z26": {
        "class": "Z26",
        "include_startup": false,
        "runs": [
            0.0012269020080566406,
            0.001252889633178711,
            0.0012500286102294922,
            0.0012290477752685547,
            0.0012559890747070312,
            0.0012488365173339844,
            0.0012371540069580078,
            0.0012428760528564453,
            0.001230001449584961,
            0.0012350082397460938
        ],
        "average": 0.0012408733367919923,
        "min": 0.0012269020080566406,
        "max": 0.0012559890747070312
    },
    "z26_startup": {
        "class": "Z26",
        "include_startup": true,
        "runs": [
            0.0016939640045166016,
            0.0014140605926513672,
            0.0014140605926513672,
            0.001399993896484375,
            0.0013968944549560547,
            0.0014159679412841797,
            0.001438140869140625,
            0.0014090538024902344,
            0.0014429092407226562,
            0.0014209747314453125
        ],
        "average": 0.0014446020126342774,
        "min": 0.0013968944549560547,
        "max": 0.0016939640045166016
    },
    "zin26": {
        "class": "ZIn26",
        "include_startup": false,
        "runs": [
            0.0012230873107910156,
            0.0013208389282226562,
            0.001313924789428711,
            0.0013129711151123047,
            0.0012900829315185547,
            0.0013039112091064453,
            0.0013229846954345703,
            0.0013148784637451172,
            0.0013079643249511719,
            0.0013031959533691406
        ],
        "average": 0.0013013839721679687,
        "min": 0.0012230873107910156,
        "max": 0.0013229846954345703
    },
    "zin26_startup": {
        "class": "ZIn26",
        "include_startup": true,
        "runs": [
            0.0016109943389892578,
            0.0013871192932128906,
            0.0014050006866455078,
            0.0014040470123291016,
            0.0013740062713623047,
            0.0013878345489501953,
            0.0013740062713623047,
            0.0013668537139892578,
            0.001355886459350586,
            0.0013480186462402344
        ],
        "average": 0.001401376724243164,
        "min": 0.0013480186462402344,
        "max": 0.0016109943389892578
    }
}