{
    "f06": {
        "class": "F06",
        "include_startup": false,
        "runs": [
            0.0012409687042236328,
            0.001280069351196289,
            0.0012688636779785156,
            0.0012440681457519531,
            0.0012881755828857422,
            0.0012879371643066406,
            0.0012509822845458984,
            0.0012950897216796875,
            0.0012440681457519531,
            0.0012631416320800781
        ],
        "average": 0.001266336441040039,
        "min": 0.0012409687042236328,
        "max": 0.0012950897216796875
    },
    "f06_startup": {
        "class": "F06",
        "include_startup": true,
        "runs": [
            0.0015301704406738281,
            0.0012509822845458984,
            0.0013399124145507812,
            0.0013701915740966797,
            0.0013267993927001953,
            0.0013170242309570312,
            0.001374959945678711,
            0.0013208389282226562,
            0.0013210773468017578,
            0.0013451576232910156
        ],
        "average": 0.0013497114181518556,
        "min": 0.0012509822845458984,
        "max": 0.0015301704406738281
    },
    "fin06": {
        "class": "FIn06",
        "include_startup": false,
        "runs": [
            0.0012021064758300781,
            0.0012509822845458984,
            0.0012209415435791016,
            0.0012149810791015625,
            0.0012218952178955078,
            0.001216888427734375,
            0.0012140274047851562,
            0.0012140274047851562,
            0.0012259483337402344,
            0.0012340545654296875
        ],
        "average": 0.0012215852737426757,
        "min": 0.0012021064758300781,
        "max": 0.0012509822845458984
    },
    "fin06_startup": {
        "class": "FIn06",
        "include_startup": true,
        "runs": [
            0.0015578269958496094,
            0.0013129711151123047,
            0.0013129711151123047,
            0.0012891292572021484,
            0.001299142837524414,
            0.0013010501861572266,
            0.0012981891632080078,
            0.0013110637664794922,
            0.001293182373046875,
            0.0012919902801513672
        ],
        "average": 0.001326751708984375,
        "min": 0.0012891292572021484,
        "max": 0.0015578269958496094
    },
    "p16": {
        "class": "P16",
        "include_startup": false,
        "runs": [
            0.0012431144714355469,
            0.001287221908569336,
            0.0012989044189453125,
            0.0013530254364013672,
            0.0012850761413574219,
            0.0012738704681396484,
            0.001300811767578125,
            0.0012829303741455078,
            0.001271963119506836,
            0.0012841224670410156
        ],
        "average": 0.0012881040573120117,
        "min": 0.0012431144714355469,
        "max": 0.0013530254364013672
    },
    "p16_startup": {
        "class": "P16",
        "include_startup": true,
        "runs": [
            0.00162506103515625,
            0.0013279914855957031,
            0.001447916030883789,
            0.0013349056243896484,
            0.001374959945678711,
            0.0013260841369628906,
            0.0013380050659179688,
            0.0013580322265625,
            0.0013420581817626953,
            0.0013229846954345703
        ],
        "average": 0.0013797998428344727,
        "min": 0.0013229846954345703,
        "max": 0.00162506103515625
    },
    "pin16": {
        "class": "PIn16",
        "include_startup": false,
        "runs": [
            0.001291036605834961,
            0.0012710094451904297,
            0.0012590885162353516,
            0.001280069351196289,
            0.0012569427490234375,
            0.0012841224670410156,
            0.001271963119506836,
            0.0012540817260742188,
            0.0013098716735839844,
            0.0012340545654296875
        ],
        "average": 0.001271224021911621,
        "min": 0.0012340545654296875,
        "max": 0.0013098716735839844
    },
    "pin16_startup": {
        "class": "PIn16",
        "include_startup": true,
        "runs": [
            0.0016889572143554688,
            0.0013499259948730469,
            0.001413106918334961,
            0.0013577938079833984,
            0.0013320446014404297,
            0.0013079643249511719,
            0.0013320446014404297,
            0.0013360977172851562,
            0.001310110092163086,
            0.0013020038604736328
        ],
        "average": 0.0013730049133300782,
        "min": 0.0013020038604736328,
        "max": 0.0016889572143554688
    },
    "z26": {
        "class": "Z26",
        "include_startup": false,
        "runs": [
            0.0012128353118896484,
            0.0012290477752685547,
            0.001194000244140625,
            0.001219034194946289,
            0.0012052059173583984,
            0.0011959075927734375,
            0.0012259483337402344,
            0.0012068748474121094,
            0.0012211799621582031,
            0.0012178421020507812
        ],
        "average": 0.0012127876281738282,
        "min": 0.001194000244140625,
        "max": 0.0012290477752685547
    },
    "z26_startup": {
        "class": "Z26",
        "include_startup": true,
        "runs": [
            0.002396106719970703,
            0.002022981643676758,
            0.0020439624786376953,
            0.002048015594482422,
            0.0020270347595214844,
            0.002026796340942383,
            0.002034902572631836,
            0.002017974853515625,
            0.0020351409912109375,
            0.0020470619201660156
        ],
        "average": 0.002069997787475586,
        "min": 0.002017974853515625,
        "max": 0.002396106719970703
    },
    "zin26": {
        "class": "ZIn26",
        "include_startup": false,
        "runs": [
            0.0012080669403076172,
            0.0012519359588623047,
            0.0012409687042236328,
            0.0012369155883789062,
            0.0012090206146240234,
            0.001219034194946289,
            0.0012431144714355469,
            0.0012040138244628906,
            0.001199960708618164,
            0.0012040138244628906
        ],
        "average": 0.0012217044830322265,
        "min": 0.001199960708618164,
        "max": 0.0012519359588623047
    },
    "zin26_startup": {
        "class": "ZIn26",
        "include_startup": true,
        "runs": [
            0.0016429424285888672,
            0.0013370513916015625,
            0.0014090538024902344,
            0.0013890266418457031,
            0.00133514404296875,
            0.0013320446014404297,
            0.0013148784637451172,
            0.0013358592987060547,
            0.0013408660888671875,
            0.001341104507446289
        ],
        "average": 0.0013777971267700194,
        "min": 0.0013148784637451172,
        "max": 0.0016429424285888672
    }
}