{
    "f06": {
        "class": "F06",
        "include_startup": false,
        "runs": [
            0.0013659000396728516,
            0.0013630390167236328,
            0.001399993896484375,
            0.0013599395751953125,
            0.0013420581817626953,
            0.0013470649719238281,
            0.0013420581817626953,
            0.0013320446014404297,
            0.0013289451599121094,
            0.0014979839324951172
        ],
        "average": 0.0013679027557373046,
        "min": 0.0013289451599121094,
        "max": 0.0014979839324951172
    },
    "f06_startup": {
        "class": "F06",
        "include_startup": true,
        "runs": [
            0.0024220943450927734,
            0.001750946044921875,
            0.0017371177673339844,
            0.0017139911651611328,
            0.0017180442810058594,
            0.0016808509826660156,
            0.0016791820526123047,
            0.001699209213256836,
            0.001683950424194336,
            0.0017578601837158203
        ],
        "average": 0.0017843246459960938,
        "min": 0.0016791820526123047,
        "max": 0.0024220943450927734
    },
    "fin06": {
        "class": "FIn06",
        "include_startup": false,
        "runs": [
            0.0038919448852539062,
            0.0038809776306152344,
            0.0038700103759765625,
            0.003865957260131836,
            0.003869771957397461,
            0.003818988800048828,
            0.003863811492919922,
            0.003905057907104492,
            0.003877878189086914,
            0.003885030746459961
        ],
        "average": 0.0038729429244995115,
        "min": 0.003818988800048828,
        "max": 0.003905057907104492
    },
    "fin06_startup": {
        "class": "FIn06",
        "include_startup": true,
        "runs": [
            0.005650043487548828,
            0.004647016525268555,
            0.004567146301269531,
            0.005228996276855469,
            0.004630088806152344,
            0.00470280647277832,
            0.004611015319824219,
            0.0046269893646240234,
            0.004734992980957031,
            0.004600048065185547
        ],
        "average": 0.0047999143600463865,
        "min": 0.004567146301269531,
        "max": 0.005650043487548828
    },
    "p16": {
        "class": "P16",
        "include_startup": false,
        "runs": [
            0.0014069080352783203,
            0.0013668537139892578,
            0.0013811588287353516,
            0.0013699531555175781,
            0.001363992691040039,
            0.0013699531555175781,
            0.0013611316680908203,
            0.0013580322265625,
            0.0013659000396728516,
            0.0013651847839355469
        ],
        "average": 0.0013709068298339844,
        "min": 0.0013580322265625,
        "max": 0.0014069080352783203
    },
    "p16_startup": {
        "class": "P16",
        "include_startup": true,
        "runs": [
            0.002892017364501953,
            0.0020880699157714844,
            0.002084016799926758,
            0.0020720958709716797,
            0.002056121826171875,
            0.002056121826171875,
            0.002123117446899414,
            0.0021178722381591797,
            0.0020780563354492188,
            0.0020699501037597656
        ],
        "average": 0.0021637439727783202,
        "min": 0.002056121826171875,
        "max": 0.002892017364501953
    },
    "pin16": {
        "class": "PIn16",
        "include_startup": false,
        "runs": [
            0.00391697883605957,
            0.0039010047912597656,
            0.0039179325103759766,
            0.0038909912109375,
            0.0039021968841552734,
            0.0038530826568603516,
            0.0038938522338867188,
            0.003859996795654297,
            0.0043718814849853516,
            0.0038700103759765625
        ],
        "average": 0.0039377927780151365,
        "min": 0.0038530826568603516,
        "max": 0.0043718814849853516
    },
    "pin16_startup": {
        "class": "PIn16",
        "include_startup": true,
        "runs": [
            0.01025700569152832,
            0.009305000305175781,
            0.009104013442993164,
            0.009224891662597656,
            0.009180068969726562,
            0.009144067764282227,
            0.009061098098754883,
            0.007812976837158203,
            0.004878997802734375,
            0.00471806526184082
        ],
        "average": 0.008268618583679199,
        "min": 0.00471806526184082,
        "max": 0.01025700569152832
    },
    "z26": {
        "class": "Z26",
        "include_startup": false,
        "runs": [
            0.001435995101928711,
            0.0013580322265625,
            0.0013399124145507812,
            0.0013141632080078125,
            0.0013110637664794922,
            0.001313924789428711,
            0.0013210773468017578,
            0.0013070106506347656,
            0.001310110092163086,
            0.0013239383697509766
        ],
        "average": 0.0013335227966308593,
        "min": 0.0013070106506347656,
        "max": 0.001435995101928711
    },
    "z26_startup": {
        "class": "Z26",
        "include_startup": true,
        "runs": [
            0.0029239654541015625,
            0.002113819122314453,
            0.0020978450775146484,
            0.002093076705932617,
            0.002103090286254883,
            0.002087116241455078,
            0.0021049976348876953,
            0.0020720958709716797,
            0.002106189727783203,
            0.002070903778076172
        ],
        "average": 0.002177309989929199,
        "min": 0.002070903778076172,
        "max": 0.0029239654541015625
    },
    "zin26": {
        "class": "ZIn26",
        "include_startup": false,
        "runs": [
            0.004067897796630859,
            0.003985881805419922,
            0.003985166549682617,
            0.004248857498168945,
            0.003969907760620117,
            0.004722118377685547,
            0.003973960876464844,
            0.003939151763916016,
            0.00397491455078125,
            0.003981113433837891
        ],
        "average": 0.004084897041320801,
        "min": 0.003939151763916016,
        "max": 0.004722118377685547
    },
    "zin26_startup": {
        "class": "ZIn26",
        "include_startup": true,
        "runs": [
            0.005537986755371094,
            0.004708051681518555,
            0.004734039306640625,
            0.004704952239990234,
            0.004648923873901367,
            0.004750967025756836,
            0.004641056060791016,
            0.0047152042388916016,
            0.004714012145996094,
            0.004665851593017578
        ],
        "average": 0.0047821044921875,
        "min": 0.004641056060791016,
        "max": 0.005537986755371094
    }
}