{
    "f06": {
        "class": "F06",
        "include_startup": false,
        "runs": [
            0.0014200210571289062,
            0.0013849735260009766,
            0.0013439655303955078,
            0.0013370513916015625,
            0.0013380050659179688,
            0.0013470649719238281,
            0.001336812973022461,
            0.001332998275756836,
            0.0013399124145507812,
            0.0013358592987060547
        ],
        "average": 0.0013516664505004883,
        "min": 0.001332998275756836,
        "max": 0.0014200210571289062
    },
    "f06_startup": {
        "class": "F06",
        "include_startup": true,
        "runs": [
            0.002955913543701172,
            0.0021779537200927734,
            0.0020999908447265625,
            0.002064943313598633,
            0.0021309852600097656,
            0.0021409988403320312,
            0.002068042755126953,
            0.0020508766174316406,
            0.0020270347595214844,
            0.0020749568939208984
        ],
        "average": 0.0021791696548461915,
        "min": 0.0020270347595214844,
        "max": 0.002955913543701172
    },
    "fin06": {
        "class": "FIn06",
        "include_startup": false,
        "runs": [
            0.003545045852661133,
            0.0033719539642333984,
            0.0033681392669677734,
            0.0034101009368896484,
            0.003361940383911133,
            0.0033719539642333984,
            0.0060710906982421875,
            0.007009983062744141,
            0.0038869380950927734,
            0.003454923629760742
        ],
        "average": 0.0040852069854736325,
        "min": 0.003361940383911133,
        "max": 0.007009983062744141
    },
    "fin06_startup": {
        "class": "FIn06",
        "include_startup": true,
        "runs": [
            0.005316019058227539,
            0.004560947418212891,
            0.004508018493652344,
            0.004538059234619141,
            0.004541158676147461,
            0.004542112350463867,
            0.004525899887084961,
            0.004500865936279297,
            0.004755973815917969,
            0.004582881927490234
        ],
        "average": 0.00463719367980957,
        "min": 0.004500865936279297,
        "max": 0.005316019058227539
    },
    "p16": {
        "class": "P16",
        "include_startup": false,
        "runs": [
            0.0014429092407226562,
            0.0013790130615234375,
            0.0013890266418457031,
            0.0013661384582519531,
            0.0013720989227294922,
            0.0013699531555175781,
            0.0013608932495117188,
            0.001377105712890625,
            0.0013630390167236328,
            0.0013680458068847656
        ],
        "average": 0.0013788223266601562,
        "min": 0.0013608932495117188,
        "max": 0.0014429092407226562
    },
    "p16_startup": {
        "class": "P16",
        "include_startup": true,
        "runs": [
            0.002956867218017578,
            0.002148866653442383,
            0.0020940303802490234,
            0.002126932144165039,
            0.002087116241455078,
            0.0023069381713867188,
            0.0024688243865966797,
            0.002171039581298828,
            0.0020759105682373047,
            0.0020699501037597656
        ],
        "average": 0.0022506475448608398,
        "min": 0.0020699501037597656,
        "max": 0.002956867218017578
    },
    "pin16": {
        "class": "PIn16",
        "include_startup": false,
        "runs": [
            0.003973960876464844,
            0.003576993942260742,
            0.0036661624908447266,
            0.0037970542907714844,
            0.0037889480590820312,
            0.0038590431213378906,
            0.0036737918853759766,
            0.0037200450897216797,
            0.003729104995727539,
            0.0038340091705322266
        ],
        "average": 0.003761911392211914,
        "min": 0.003576993942260742,
        "max": 0.003973960876464844
    },
    "pin16_startup": {
        "class": "PIn16",
        "include_startup": true,
        "runs": [
            0.005479097366333008,
            0.0046100616455078125,
            0.004648923873901367,
            0.004599094390869141,
            0.004613161087036133,
            0.0045850276947021484,
            0.004580020904541016,
            0.004622936248779297,
            0.004793882369995117,
            0.004629850387573242
        ],
        "average": 0.004716205596923828,
        "min": 0.004580020904541016,
        "max": 0.005479097366333008
    },
    "z26": {
        "class": "Z26",
        "include_startup": false,
        "runs": [
            0.001416921615600586,
            0.0013451576232910156,
            0.001325845718383789,
            0.0013341903686523438,
            0.0013318061828613281,
            0.001316070556640625,
            0.0013358592987060547,
            0.0013589859008789062,
            0.001341104507446289,
            0.0013430118560791016
        ],
        "average": 0.0013448953628540038,
        "min": 0.001316070556640625,
        "max": 0.001416921615600586
    },
    "z26_startup": {
        "class": "Z26",
        "include_startup": true,
        "runs": [
            0.0029680728912353516,
            0.0021250247955322266,
            0.002113819122314453,
            0.0021140575408935547,
            0.002279043197631836,
            0.002084016799926758,
            0.0020799636840820312,
            0.0020780563354492188,
            0.0020492076873779297,
            0.0020630359649658203
        ],
        "average": 0.002195429801940918,
        "min": 0.0020492076873779297,
        "max": 0.0029680728912353516
    },
    "zin26": {
        "class": "ZIn26",
        "include_startup": false,
        "runs": [
            0.008035898208618164,
            0.004517078399658203,
            0.003921985626220703,
            0.003895998001098633,
            0.003957033157348633,
            0.0038878917694091797,
            0.004559040069580078,
            0.005777835845947266,
            0.00580596923828125,
            0.005846977233886719
        ],
        "average": 0.005020570755004883,
        "min": 0.0038878917694091797,
        "max": 0.008035898208618164
    },
    "zin26_startup": {
        "class": "ZIn26",
        "include_startup": true,
        "runs": [
            0.008589029312133789,
            0.00745391845703125,
            0.007521152496337891,
            0.0075550079345703125,
            0.004760026931762695,
            0.004533052444458008,
            0.0045740604400634766,
            0.004812955856323242,
            0.0047550201416015625,
            0.004533052444458008
        ],
        "average": 0.0059087276458740234,
        "min": 0.004533052444458008,
        "max": 0.008589029312133789
    }
}