{
    "f06": {
        "class": "F06",
        "include_startup": false,
        "runs": [
            0.0011539459228515625,
            0.0011470317840576172,
            0.0011248588562011719,
            0.0011260509490966797,
            0.0011208057403564453,
            0.0010600090026855469,
            0.0008199214935302734,
            0.0007998943328857422,
            0.0008361339569091797,
            0.0008130073547363281
        ],
        "average": 0.0010001659393310547,
        "min": 0.0007998943328857422,
        "max": 0.0011539459228515625
    },
    "f06_startup": {
        "class": "F06",
        "include_startup": true,
        "runs": [
            0.0008358955383300781,
            0.0008118152618408203,
            0.0008029937744140625,
            0.0007920265197753906,
            0.0007779598236083984,
            0.0007910728454589844,
            0.0007970333099365234,
            0.0007941722869873047,
            0.00080108642578125,
            0.0007832050323486328
        ],
        "average": 0.0007987260818481445,
        "min": 0.0007779598236083984,
        "max": 0.0008358955383300781
    },
    "fin06": {
        "class": "FIn06",
        "include_startup": false,
        "runs": [
            0.0007162094116210938,
            0.0007128715515136719,
            0.0007078647613525391,
            0.0006937980651855469,
            0.0007038116455078125,
            0.0007059574127197266,
            0.0007138252258300781,
            0.0006840229034423828,
            0.0006930828094482422,
            0.0007319450378417969
        ],
        "average": 0.000706338882446289,
        "min": 0.0006840229034423828,
        "max": 0.0007319450378417969
    },
    "fin06_startup": {
        "class": "FIn06",
        "include_startup": true,
        "runs": [
            0.0008139610290527344,
            0.0008020401000976562,
            0.0007998943328857422,
            0.0008099079132080078,
            0.00080108642578125,
            0.0007801055908203125,
            0.0007848739624023438,
            0.0008060932159423828,
            0.0008001327514648438,
            0.0007989406585693359
        ],
        "average": 0.0007997035980224609,
        "min": 0.0007801055908203125,
        "max": 0.0008139610290527344
    },
    "p16": {
        "class": "P16",
        "include_startup": false,
        "runs": [
            0.0007960796356201172,
            0.0007898807525634766,
            0.0007860660552978516,
            0.0007789134979248047,
            0.0007920265197753906,
            0.0007760524749755859,
            0.0007848739624023438,
            0.00078582763671875,
            0.0007870197296142578,
            0.0007781982421875
        ],
        "average": 0.0007854938507080078,
        "min": 0.0007760524749755859,
        "max": 0.0007960796356201172
    },
    "p16_startup": {
        "class": "P16",
        "include_startup": true,
        "runs": [
            0.0008289813995361328,
            0.0008070468902587891,
            0.0007960796356201172,
            0.0007879734039306641,
            0.000762939453125,
            0.0007729530334472656,
            0.0007810592651367188,
            0.000782012939453125,
            0.0007638931274414062,
            0.0008020401000976562
        ],
        "average": 0.0007884979248046875,
        "min": 0.000762939453125,
        "max": 0.0008289813995361328
    },
    "pin16": {
        "class": "PIn16",
        "include_startup": false,
        "runs": [
            0.0008041858673095703,
            0.0007779598236083984,
            0.0009539127349853516,
            0.0007789134979248047,
            0.0007488727569580078,
            0.0008490085601806641,
            0.0008249282836914062,
            0.0007669925689697266,
            0.0007817745208740234,
            0.0007939338684082031
        ],
        "average": 0.0008080482482910156,
        "min": 0.0007488727569580078,
        "max": 0.0009539127349853516
    },
    "pin16_startup": {
        "class": "PIn16",
        "include_startup": true,
        "runs": [
            0.0007791519165039062,
            0.0008020401000976562,
            0.0008060932159423828,
            0.0007932186126708984,
            0.0007789134979248047,
            0.0008258819580078125,
            0.0008068084716796875,
            0.0008099079132080078,
            0.0007948875427246094,
            0.00078582763671875
        ],
        "average": 0.0007982730865478515,
        "min": 0.0007789134979248047,
        "max": 0.0008258819580078125
    },
    "z26": {
        "class": "Z26",
        "include_startup": false,
        "runs": [
            0.0010120868682861328,
            0.0010089874267578125,
            0.0009510517120361328,
            0.0007920265197753906,
            0.0007641315460205078,
            0.0007829666137695312,
            0.0007879734039306641,
            0.0007798671722412109,
            0.0007882118225097656,
            0.0007841587066650391
        ],
        "average": 0.0008451461791992188,
        "min": 0.0007641315460205078,
        "max": 0.0010120868682861328
    },
    "z26_startup": {
        "class": "Z26",
        "include_startup": true,
        "runs": [
            0.000804901123046875,
            0.0007948875427246094,
            0.0007898807525634766,
            0.00078582763671875,
            0.0007810592651367188,
            0.0007650852203369141,
            0.0007731914520263672,
            0.0007848739624023438,
            0.0007779598236083984,
            0.0007748603820800781
        ],
        "average": 0.0007832527160644531,
        "min": 0.0007650852203369141,
        "max": 0.000804901123046875
    },
    "zin26": {
        "class": "ZIn26",
        "include_startup": false,
        "runs": [
            0.000823974609375,
            0.0008111000061035156,
            0.0007898807525634766,
            0.0008001327514648438,
            0.0008080005645751953,
            0.0007958412170410156,
            0.0007901191711425781,
            0.0007770061492919922,
            0.00080108642578125,
            0.0008060932159423828
        ],
        "average": 0.000800323486328125,
        "min": 0.0007770061492919922,
        "max": 0.000823974609375
    },
    "zin26_startup": {
        "class": "ZIn26",
        "include_startup": true,
        "runs": [
            0.0008609294891357422,
            0.0008389949798583984,
            0.0008289813995361328,
            0.0008158683776855469,
            0.0008330345153808594,
            0.0008449554443359375,
            0.0008358955383300781,
            0.0008389949798583984,
            0.0008440017700195312,
            0.0008440017700195312
        ],
        "average": 0.0008385658264160156,
        "min": 0.0008158683776855469,
        "max": 0.0008609294891357422
    }
}