{
    "f06": {
        "class": "F06",
        "include_startup": false,
        "runs": [
            0.0008292198181152344,
            0.0008001327514648438,
            0.0007729530334472656,
            0.0007879734039306641,
            0.0007801055908203125,
            0.0007648468017578125,
            0.0007779598236083984,
            0.0007829666137695312,
            0.0007770061492919922,
            0.0007658004760742188
        ],
        "average": 0.0007838964462280274,
        "min": 0.0007648468017578125,
        "max": 0.0008292198181152344
    },
    "f06_startup": {
        "class": "F06",
        "include_startup": true,
        "runs": [
            0.0007679462432861328,
            0.0008180141448974609,
            0.0007719993591308594,
            0.0007660388946533203,
            0.0007560253143310547,
            0.0007669925689697266,
            0.0007739067077636719,
            0.0007669925689697266,
            0.0007729530334472656,
            0.0007607936859130859
        ],
        "average": 0.0007721662521362304,
        "min": 0.0007560253143310547,
        "max": 0.0008180141448974609
    },
    "fin06": {
        "class": "FIn06",
        "include_startup": false,
        "runs": [
            0.0008490085601806641,
            0.0007979869842529297,
            0.0008058547973632812,
            0.0008170604705810547,
            0.0008177757263183594,
            0.0008220672607421875,
            0.0007991790771484375,
            0.0008149147033691406,
            0.0008161067962646484,
            0.0008220672607421875
        ],
        "average": 0.0008162021636962891,
        "min": 0.0007979869842529297,
        "max": 0.0008490085601806641
    },
    "fin06_startup": {
        "class": "FIn06",
        "include_startup": true,
        "runs": [
            0.0008809566497802734,
            0.0008671283721923828,
            0.0008909702301025391,
            0.0008480548858642578,
            0.0008099079132080078,
            0.000804901123046875,
            0.0008099079132080078,
            0.0007948875427246094,
            0.0008039474487304688,
            0.0008158683776855469
        ],
        "average": 0.0008326530456542969,
        "min": 0.0007948875427246094,
        "max": 0.0008909702301025391
    },
    "p16": {
        "class": "P16",
        "include_startup": false,
        "runs": [
            0.0006318092346191406,
            0.0005900859832763672,
            0.0005970001220703125,
            0.0006880760192871094,
            0.0006461143493652344,
            0.0006048679351806641,
            0.0006079673767089844,
            0.0005939006805419922,
            0.0006048679351806641,
            0.0005929470062255859
        ],
        "average": 0.0006157636642456054,
        "min": 0.0005900859832763672,
        "max": 0.0006880760192871094
    },
    "p16_startup": {
        "class": "P16",
        "include_startup": true,
        "runs": [
            0.0006189346313476562,
            0.0005919933319091797,
            0.0006160736083984375,
            0.0006170272827148438,
            0.0005841255187988281,
            0.0006098747253417969,
            0.0005879402160644531,
            0.0006029605865478516,
            0.0006098747253417969,
            0.0005891323089599609
        ],
        "average": 0.0006027936935424805,
        "min": 0.0005841255187988281,
        "max": 0.0006189346313476562
    },
    "pin16": {
        "class": "PIn16",
        "include_startup": false,
        "runs": [
            0.0008668899536132812,
            0.0008101463317871094,
            0.00080108642578125,
            0.0007989406585693359,
            0.0008070468902587891,
            0.0008268356323242188,
            0.0008089542388916016,
            0.0008320808410644531,
            0.0008189678192138672,
            0.0007798671722412109
        ],
        "average": 0.0008150815963745117,
        "min": 0.0007798671722412109,
        "max": 0.0008668899536132812
    },
    "pin16_startup": {
        "class": "PIn16",
        "include_startup": true,
        "runs": [
            0.0007448196411132812,
            0.0008418560028076172,
            0.0007789134979248047,
            0.0007789134979248047,
            0.0007691383361816406,
            0.0007491111755371094,
            0.0007529258728027344,
            0.0007889270782470703,
            0.0007860660552978516,
            0.0007839202880859375
        ],
        "average": 0.0007774591445922852,
        "min": 0.0007448196411132812,
        "max": 0.0008418560028076172
    },
    "z26": {
        "class": "Z26",
        "include_startup": false,
        "runs": [
            0.0008120536804199219,
            0.0007669925689697266,
            0.0007729530334472656,
            0.0007610321044921875,
            0.0007588863372802734,
            0.0007729530334472656,
            0.00078582763671875,
            0.0007719993591308594,
            0.0007550716400146484,
            0.0007719993591308594
        ],
        "average": 0.0007729768753051758,
        "min": 0.0007550716400146484,
        "max": 0.0008120536804199219
    },
    "z26_startup": {
        "class": "Z26",
        "include_startup": true,
        "runs": [
            0.0008008480072021484,
            0.0007741451263427734,
            0.0007801055908203125,
            0.0007901191711425781,
            0.0007860660552978516,
            0.0007748603820800781,
            0.0007729530334472656,
            0.0007808208465576172,
            0.0007710456848144531,
            0.0008561611175537109
        ],
        "average": 0.0007887125015258789,
        "min": 0.0007710456848144531,
        "max": 0.0008561611175537109
    },
    "zin26": {
        "class": "ZIn26",
        "include_startup": false,
        "runs": [
            0.0008549690246582031,
            0.0007729530334472656,
            0.0007691383361816406,
            0.0008080005645751953,
            0.0008070468902587891,
            0.0007541179656982422,
            0.0007388591766357422,
            0.0007550716400146484,
            0.0007519721984863281,
            0.0007500648498535156
        ],
        "average": 0.000776219367980957,
        "min": 0.0007388591766357422,
        "max": 0.0008549690246582031
    },
    "zin26_startup": {
        "class": "ZIn26",
        "include_startup": true,
        "runs": [
            0.0008029937744140625,
            0.0007710456848144531,
            0.0007719993591308594,
            0.0007779598236083984,
            0.0007731914520263672,
            0.0007579326629638672,
            0.0007941722869873047,
            0.0007679462432861328,
            0.0007791519165039062,
            0.0007660388946533203
        ],
        "average": 0.0007762432098388672,
        "min": 0.0007579326629638672,
        "max": 0.0008029937744140625
    }
}