{
    "f06": {
        "class": "F06",
        "include_startup": false,
        "runs": [
            0.0020570755004882812,
            0.001873016357421875,
            0.0018680095672607422,
            0.0018639564514160156,
            0.0018749237060546875,
            0.0018990039825439453,
            0.0018839836120605469,
            0.001889944076538086,
            0.001508951187133789,
            0.0013680458068847656
        ],
        "average": 0.0018086910247802734,
        "min": 0.0013680458068847656,
        "max": 0.0020570755004882812
    },
    "f06_startup": {
        "class": "F06",
        "include_startup": true,
        "runs": [
            0.0022459030151367188,
            0.0013840198516845703,
            0.0014178752899169922,
            0.0013599395751953125,
            0.0013589859008789062,
            0.0013608932495117188,
            0.0013599395751953125,
            0.0013430118560791016,
            0.001352071762084961,
            0.0013439655303955078
        ],
        "average": 0.00145266056060791,
        "min": 0.0013430118560791016,
        "max": 0.0022459030151367188
    },
    "p16": {
        "class": "P16",
        "include_startup": false,
        "runs": [
            0.0015408992767333984,
            0.0013568401336669922,
            0.0013709068298339844,
            0.0013508796691894531,
            0.0013630390167236328,
            0.0013649463653564453,
            0.001363992691040039,
            0.0013680458068847656,
            0.0013709068298339844,
            0.0013570785522460938
        ],
        "average": 0.001380753517150879,
        "min": 0.0013508796691894531,
        "max": 0.0015408992767333984
    },
    "p16_startup": {
        "class": "P16",
        "include_startup": true,
        "runs": [
            0.0022950172424316406,
            0.0014719963073730469,
            0.0014348030090332031,
            0.0014638900756835938,
            0.0014159679412841797,
            0.0014309883117675781,
            0.0014469623565673828,
            0.0014240741729736328,
            0.0014491081237792969,
            0.0014319419860839844
        ],
        "average": 0.001526474952697754,
        "min": 0.0014159679412841797,
        "max": 0.0022950172424316406
    },
    "z26": {
        "class": "Z26",
        "include_startup": false,
        "runs": [
            0.0016050338745117188,
            0.0013518333435058594,
            0.0013492107391357422,
            0.0013461112976074219,
            0.0013380050659179688,
            0.0013420581817626953,
            0.0013289451599121094,
            0.001355886459350586,
            0.001338958740234375,
            0.0013391971588134766
        ],
        "average": 0.0013695240020751953,
        "min": 0.0013289451599121094,
        "max": 0.0016050338745117188
    },
    "z26_startup": {
        "class": "Z26",
        "include_startup": true,
        "runs": [
            0.0023190975189208984,
            0.0015180110931396484,
            0.0015480518341064453,
            0.0015308856964111328,
            0.0015189647674560547,
            0.001516103744506836,
            0.0015320777893066406,
            0.0015568733215332031,
            0.0015020370483398438,
            0.0015261173248291016
        ],
        "average": 0.0016068220138549805,
        "min": 0.0015020370483398438,
        "max": 0.0023190975189208984
    }
}