{
    "f06": {
        "class": "F06",
        "include_startup": false,
        "runs": [
            0.0015251636505126953,
            0.0013699531555175781,
            0.001363992691040039,
            0.0013661384582519531,
            0.0013549327850341797,
            0.001341104507446289,
            0.0013501644134521484,
            0.0013518333435058594,
            0.001394033432006836,
            0.001409769058227539
        ],
        "average": 0.0013827085494995117,
        "min": 0.001341104507446289,
        "max": 0.0015251636505126953
    },
    "f06_startup": {
        "class": "F06",
        "include_startup": true,
        "runs": [
            0.0031058788299560547,
            0.0019791126251220703,
            0.0019690990447998047,
            0.0019779205322265625,
            0.0019989013671875,
            0.0019838809967041016,
            0.0017309188842773438,
            0.0014138221740722656,
            0.0014019012451171875,
            0.0013780593872070312
        ],
        "average": 0.0018939495086669922,
        "min": 0.0013780593872070312,
        "max": 0.0031058788299560547
    },
    "p16": {
        "class": "P16",
        "include_startup": false,
        "runs": [
            0.0015039443969726562,
            0.0013701915740966797,
            0.001355886459350586,
            0.001360177993774414,
            0.0013630390167236328,
            0.0013430118560791016,
            0.0013899803161621094,
            0.0013630390167236328,
            0.0013699531555175781,
            0.0013549327850341797
        ],
        "average": 0.001377415657043457,
        "min": 0.0013430118560791016,
        "max": 0.0015039443969726562
    },
    "p16_startup": {
        "class": "P16",
        "include_startup": true,
        "runs": [
            0.0018029212951660156,
            0.0010890960693359375,
            0.0010869503021240234,
            0.0010859966278076172,
            0.0010821819305419922,
            0.0010800361633300781,
            0.0010809898376464844,
            0.0010929107666015625,
            0.0010809898376464844,
            0.0010960102081298828
        ],
        "average": 0.0011578083038330078,
        "min": 0.0010800361633300781,
        "max": 0.0018029212951660156
    },
    "z26": {
        "class": "Z26",
        "include_startup": false,
        "runs": [
            0.0015978813171386719,
            0.0013589859008789062,
            0.0013549327850341797,
            0.0013401508331298828,
            0.0013301372528076172,
            0.001332998275756836,
            0.0013661384582519531,
            0.0013511180877685547,
            0.0013620853424072266,
            0.0013341903686523438
        ],
        "average": 0.0013728618621826171,
        "min": 0.0013301372528076172,
        "max": 0.0015978813171386719
    },
    "z26_startup": {
        "class": "Z26",
        "include_startup": true,
        "runs": [
            0.002398967742919922,
            0.0015728473663330078,
            0.0016148090362548828,
            0.0015909671783447266,
            0.0016169548034667969,
            0.0016088485717773438,
            0.0015840530395507812,
            0.0015790462493896484,
            0.00162506103515625,
            0.0015530586242675781
        ],
        "average": 0.0016744613647460937,
        "min": 0.0015530586242675781,
        "max": 0.002398967742919922
    }
}