{
    "f06": {
        "class": "F06",
        "include_startup": false,
        "runs": [
            0.4075658321380615,
            0.4017038345336914,
            0.39629602432250977,
            0.3548259735107422,
            0.3947429656982422,
            0.40700697898864746,
            0.3937101364135742,
            0.4243431091308594,
            0.40344715118408203,
            0.40543198585510254
        ],
        "average": 0.39890739917755125,
        "min": 0.3548259735107422,
        "max": 0.4243431091308594
    },
    "f06_startup": {
        "class": "F06",
        "include_startup": true,
        "runs": [
            0.4215679168701172,
            0.40689778327941895,
            0.3974778652191162,
            0.4062800407409668,
            0.4010000228881836,
            0.4049980640411377,
            0.40845513343811035,
            0.40927910804748535,
            0.40305185317993164,
            0.40407800674438477
        ],
        "average": 0.40630857944488524,
        "min": 0.3974778652191162,
        "max": 0.4215679168701172
    }
}