{
    "f06": {
        "class": "F06",
        "include_startup": false,
        "runs": [
            3.521641969680786,
            3.5451929569244385,
            3.8342041969299316,
            2.016033887863159,
            3.6447811126708984,
            3.889878988265991,
            3.6365530490875244,
            3.9233429431915283,
            2.0167598724365234,
            3.8070921897888184
        ],
        "average": 3.38354811668396,
        "min": 2.016033887863159,
        "max": 3.9233429431915283
    },
    "f06_startup": {
        "class": "F06",
        "include_startup": true,
        "runs": [
            2.024775981903076,
            3.6089389324188232,
            3.012432813644409,
            3.8837249279022217,
            3.6095941066741943,
            3.92075514793396,
            3.9080841541290283,
            3.6264541149139404,
            2.0282318592071533,
            3.879096031188965
        ],
        "average": 3.350208806991577,
        "min": 2.024775981903076,
        "max": 3.92075514793396
    },
    "fin06": {
        "class": "FIn06",
        "include_startup": false,
        "runs": [
            3.9304840564727783,
            3.9046831130981445,
            3.633600950241089,
            3.8721609115600586,
            3.8970470428466797,
            3.9147439002990723,
            3.6327240467071533,
            3.911475896835327,
            3.9898250102996826,
            3.9181299209594727
        ],
        "average": 3.8604874849319457,
        "min": 3.6327240467071533,
        "max": 3.9898250102996826
    },
    "fin06_startup": {
        "class": "FIn06",
        "include_startup": true,
        "runs": [
            3.9171950817108154,
            3.922692060470581,
            3.5361218452453613,
            3.956295967102051,
            3.9579877853393555,
            3.566577911376953,
            2.0309700965881348,
            3.511178970336914,
            3.0906028747558594,
            3.5766079425811768
        ],
        "average": 3.50662305355072,
        "min": 2.0309700965881348,
        "max": 3.9579877853393555
    }
}