{
    "f06": {
        "class": "F06",
        "include_startup": false,
        "runs": [
            3.8126509189605713,
            3.612971067428589,
            3.9075398445129395,
            3.560685873031616,
            3.5100018978118896,
            2.0268030166625977,
            3.8734140396118164,
            2.042149066925049,
            2.0350379943847656,
            3.7916059494018555
        ],
        "average": 3.217285966873169,
        "min": 2.0268030166625977,
        "max": 3.9075398445129395
    },
    "f06_startup": {
        "class": "F06",
        "include_startup": true,
        "runs": [
            2.0414769649505615,
            3.5020360946655273,
            3.873940944671631,
            3.6056270599365234,
            3.7783000469207764,
            3.061469078063965,
            3.634099006652832,
            3.918635129928589,
            3.9160780906677246,
            3.6188549995422363
        ],
        "average": 3.4950517416000366,
        "min": 2.0414769649505615,
        "max": 3.918635129928589
    },
    "fin06": {
        "class": "FIn06",
        "include_startup": false,
        "runs": [
            3.905656099319458,
            3.529927968978882,
            3.6160991191864014,
            3.5727241039276123,
            3.0861940383911133,
            3.8691840171813965,
            3.632513999938965,
            3.9236090183258057,
            3.533629894256592,
            3.052438974380493
        ],
        "average": 3.5721977233886717,
        "min": 3.052438974380493,
        "max": 3.9236090183258057
    },
    "fin06_startup": {
        "class": "FIn06",
        "include_startup": true,
        "runs": [
            3.078007221221924,
            2.040278911590576,
            3.5212371349334717,
            3.8588619232177734,
            3.6339669227600098,
            3.029819965362549,
            3.9227049350738525,
            2.0423569679260254,
            3.617763042449951,
            3.5526909828186035
        ],
        "average": 3.2297688007354735,
        "min": 2.040278911590576,
        "max": 3.9227049350738525
    }
}