{
    "f06": {
        "class": "F06",
        "include_startup": false,
        "runs": [
            0.3525509834289551,
            0.4169011116027832,
            0.4021308422088623,
            0.3959829807281494,
            0.4022388458251953,
            0.40283894538879395,
            0.3945350646972656,
            0.3918929100036621,
            0.3730781078338623,
            0.40100693702697754
        ],
        "average": 0.3933156728744507,
        "min": 0.3525509834289551,
        "max": 0.4169011116027832
    },
    "f06_startup": {
        "class": "F06",
        "include_startup": true,
        "runs": [
            0.43285679817199707,
            0.4047229290008545,
            0.4121260643005371,
            0.4080169200897217,
            0.4049551486968994,
            0.4087960720062256,
            0.3988628387451172,
            0.40700697898864746,
            0.40411901473999023,
            0.35192012786865234
        ],
        "average": 0.40333828926086424,
        "min": 0.35192012786865234,
        "max": 0.43285679817199707
    }
}