{
    "f06": {
        "class": "F06",
        "include_startup": false,
        "runs": [
            0.0006501674652099609,
            0.0006499290466308594,
            0.0006289482116699219,
            0.0006558895111083984,
            0.0006279945373535156,
            0.0006248950958251953,
            0.0006339550018310547,
            0.0006449222564697266,
            0.0006170272827148438,
            0.0006260871887207031
        ],
        "average": 0.000635981559753418,
        "min": 0.0006170272827148438,
        "max": 0.0006558895111083984
    },
    "f06_startup": {
        "class": "F06",
        "include_startup": true,
        "runs": [
            0.0007081031799316406,
            0.0006928443908691406,
            0.0006580352783203125,
            0.0006778240203857422,
            0.0006749629974365234,
            0.0006618499755859375,
            0.0006740093231201172,
            0.0006730556488037109,
            0.0006620883941650391,
            0.0006589889526367188
        ],
        "average": 0.0006741762161254882,
        "min": 0.0006580352783203125,
        "max": 0.0007081031799316406
    },
    "fin06": {
        "class": "FIn06",
        "include_startup": false,
        "runs": [
            0.001219034194946289,
            0.0011248588562011719,
            0.0011310577392578125,
            0.001116037368774414,
            0.0011210441589355469,
            0.0009100437164306641,
            0.0007970333099365234,
            0.0007929801940917969,
            0.0007531642913818359,
            0.0007479190826416016
        ],
        "average": 0.0009713172912597656,
        "min": 0.0007479190826416016,
        "max": 0.001219034194946289
    },
    "fin06_startup": {
        "class": "FIn06",
        "include_startup": true,
        "runs": [
            0.0006639957427978516,
            0.0006248950958251953,
            0.0006170272827148438,
            0.0006229877471923828,
            0.0006389617919921875,
            0.0006148815155029297,
            0.0006339550018310547,
            0.0006279945373535156,
            0.0006139278411865234,
            0.0006270408630371094
        ],
        "average": 0.0006285667419433594,
        "min": 0.0006139278411865234,
        "max": 0.0006639957427978516
    },
    "p16": {
        "class": "P16",
        "include_startup": false,
        "runs": [
            0.0007970333099365234,
            0.0008070468902587891,
            0.0007660388946533203,
            0.0007739067077636719,
            0.0007579326629638672,
            0.0007569789886474609,
            0.0007650852203369141,
            0.0007750988006591797,
            0.0007390975952148438,
            0.0007538795471191406
        ],
        "average": 0.0007692098617553711,
        "min": 0.0007390975952148438,
        "max": 0.0008070468902587891
    },
    "p16_startup": {
        "class": "P16",
        "include_startup": true,
        "runs": [
            0.0007889270782470703,
            0.0007920265197753906,
            0.0007929801940917969,
            0.0007529258728027344,
            0.0007719993591308594,
            0.0007779598236083984,
            0.0007779598236083984,
            0.0007748603820800781,
            0.0007979869842529297,
            0.0007481575012207031
        ],
        "average": 0.000777578353881836,
        "min": 0.0007481575012207031,
        "max": 0.0007979869842529297
    },
    "pin16": {
        "class": "PIn16",
        "include_startup": false,
        "runs": [
            0.000782012939453125,
            0.0007929801940917969,
            0.0007870197296142578,
            0.0007660388946533203,
            0.0007951259613037109,
            0.0007719993591308594,
            0.0007791519165039062,
            0.0007958412170410156,
            0.0007610321044921875,
            0.0007619857788085938
        ],
        "average": 0.0007793188095092773,
        "min": 0.0007610321044921875,
        "max": 0.0007958412170410156
    },
    "pin16_startup": {
        "class": "PIn16",
        "include_startup": true,
        "runs": [
            0.0007569789886474609,
            0.0007479190826416016,
            0.0007450580596923828,
            0.0007510185241699219,
            0.0007228851318359375,
            0.0007300376892089844,
            0.0007359981536865234,
            0.0007460117340087891,
            0.0007228851318359375,
            0.0007319450378417969
        ],
        "average": 0.0007390737533569336,
        "min": 0.0007228851318359375,
        "max": 0.0007569789886474609
    },
    "z26": {
        "class": "Z26",
        "include_startup": false,
        "runs": [
            0.0008170604705810547,
            0.000782012939453125,
            0.0007710456848144531,
            0.0007650852203369141,
            0.0007779598236083984,
            0.0007729530334472656,
            0.0007729530334472656,
            0.0008151531219482422,
            0.0007491111755371094,
            0.0008060932159423828
        ],
        "average": 0.0007829427719116211,
        "min": 0.0007491111755371094,
        "max": 0.0008170604705810547
    },
    "z26_startup": {
        "class": "Z26",
        "include_startup": true,
        "runs": [
            0.0008409023284912109,
            0.0008111000061035156,
            0.0008368492126464844,
            0.0009539127349853516,
            0.0008099079132080078,
            0.0008008480072021484,
            0.0008180141448974609,
            0.0008139610290527344,
            0.0007810592651367188,
            0.0007760524749755859
        ],
        "average": 0.0008242607116699218,
        "min": 0.0007760524749755859,
        "max": 0.0009539127349853516
    },
    "zin26": {
        "class": "ZIn26",
        "include_startup": false,
        "runs": [
            0.0007660388946533203,
            0.0007109642028808594,
            0.0007770061492919922,
            0.0007350444793701172,
            0.0007278919219970703,
            0.0006940364837646484,
            0.0007128715515136719,
            0.0007240772247314453,
            0.0007069110870361328,
            0.0007419586181640625
        ],
        "average": 0.000729680061340332,
        "min": 0.0006940364837646484,
        "max": 0.0007770061492919922
    },
    "zin26_startup": {
        "class": "ZIn26",
        "include_startup": true,
        "runs": [
            0.0008420944213867188,
            0.00078582763671875,
            0.0007789134979248047,
            0.0008349418640136719,
            0.0008399486541748047,
            0.0008108615875244141,
            0.0007867813110351562,
            0.0007998943328857422,
            0.0008060932159423828,
            0.0008089542388916016
        ],
        "average": 0.0008094310760498047,
        "min": 0.0007789134979248047,
        "max": 0.0008420944213867188
    }
}