{
    "f06": {
        "class": "F06",
        "include_startup": false,
        "runs": [
            0.0006310939788818359,
            0.0006120204925537109,
            0.0006101131439208984,
            0.0005970001220703125,
            0.0006020069122314453,
            0.0005960464477539062,
            0.0006029605865478516,
            0.0006029605865478516,
            0.0005929470062255859,
            0.0005998611450195312
        ],
        "average": 0.000604701042175293,
        "min": 0.0005929470062255859,
        "max": 0.0006310939788818359
    },
    "f06_startup": {
        "class": "F06",
        "include_startup": true,
        "runs": [
            0.0007989406585693359,
            0.0007460117340087891,
            0.000720977783203125,
            0.0007390975952148438,
            0.0007557868957519531,
            0.0007431507110595703,
            0.0007300376892089844,
            0.00074005126953125,
            0.0007519721984863281,
            0.0007331371307373047
        ],
        "average": 0.0007459163665771484,
        "min": 0.000720977783203125,
        "max": 0.0007989406585693359
    },
    "fin06": {
        "class": "FIn06",
        "include_startup": false,
        "runs": [
            0.0007560253143310547,
            0.0007979869842529297,
            0.0009849071502685547,
            0.0008120536804199219,
            0.0007941722869873047,
            0.0007891654968261719,
            0.0007610321044921875,
            0.0007967948913574219,
            0.0007941722869873047,
            0.0007948875427246094
        ],
        "average": 0.0008081197738647461,
        "min": 0.0007560253143310547,
        "max": 0.0009849071502685547
    },
    "fin06_startup": {
        "class": "FIn06",
        "include_startup": true,
        "runs": [
            0.0012540817260742188,
            0.001226186752319336,
            0.0012409687042236328,
            0.0012259483337402344,
            0.0011811256408691406,
            0.0011789798736572266,
            0.0012040138244628906,
            0.001196146011352539,
            0.0012009143829345703,
            0.0012879371643066406
        ],
        "average": 0.001219630241394043,
        "min": 0.0011789798736572266,
        "max": 0.0012879371643066406
    },
    "p16": {
        "class": "P16",
        "include_startup": false,
        "runs": [
            0.0008161067962646484,
            0.0007948875427246094,
            0.0007650852203369141,
            0.0007710456848144531,
            0.0007770061492919922,
            0.0009379386901855469,
            0.0008761882781982422,
            0.000823974609375,
            0.0007779598236083984,
            0.0007908344268798828
        ],
        "average": 0.0008131027221679688,
        "min": 0.0007650852203369141,
        "max": 0.0009379386901855469
    },
    "p16_startup": {
        "class": "P16",
        "include_startup": true,
        "runs": [
            0.0007779598236083984,
            0.0007581710815429688,
            0.0007398128509521484,
            0.0006930828094482422,
            0.0007050037384033203,
            0.0007011890411376953,
            0.0006990432739257812,
            0.0007009506225585938,
            0.0007038116455078125,
            0.0006928443908691406
        ],
        "average": 0.0007171869277954101,
        "min": 0.0006928443908691406,
        "max": 0.0007779598236083984
    },
    "pin16": {
        "class": "PIn16",
        "include_startup": false,
        "runs": [
            0.0009109973907470703,
            0.0007708072662353516,
            0.0007898807525634766,
            0.0007691383361816406,
            0.0007388591766357422,
            0.0007328987121582031,
            0.0007488727569580078,
            0.0007469654083251953,
            0.0007429122924804688,
            0.0007131099700927734
        ],
        "average": 0.0007664442062377929,
        "min": 0.0007131099700927734,
        "max": 0.0009109973907470703
    },
    "pin16_startup": {
        "class": "PIn16",
        "include_startup": true,
        "runs": [
            0.0010631084442138672,
            0.0010428428649902344,
            0.0009679794311523438,
            0.0010190010070800781,
            0.0010738372802734375,
            0.001004934310913086,
            0.0010230541229248047,
            0.0009860992431640625,
            0.0009779930114746094,
            0.0009751319885253906
        ],
        "average": 0.0010133981704711914,
        "min": 0.0009679794311523438,
        "max": 0.0010738372802734375
    },
    "z26": {
        "class": "Z26",
        "include_startup": false,
        "runs": [
            0.0009009838104248047,
            0.0007870197296142578,
            0.0007758140563964844,
            0.0007901191711425781,
            0.0007641315460205078,
            0.0007989406585693359,
            0.0007741451263427734,
            0.0007970333099365234,
            0.0007829666137695312,
            0.0007610321044921875
        ],
        "average": 0.0007932186126708984,
        "min": 0.0007610321044921875,
        "max": 0.0009009838104248047
    },
    "z26_startup": {
        "class": "Z26",
        "include_startup": true,
        "runs": [
            0.0011401176452636719,
            0.0011179447174072266,
            0.0011129379272460938,
            0.0011129379272460938,
            0.001138925552368164,
            0.0011148452758789062,
            0.0011191368103027344,
            0.001116037368774414,
            0.0011188983917236328,
            0.0011129379272460938
        ],
        "average": 0.0011204719543457032,
        "min": 0.0011129379272460938,
        "max": 0.0011401176452636719
    },
    "zin26": {
        "class": "ZIn26",
        "include_startup": false,
        "runs": [
            0.0008428096771240234,
            0.0007998943328857422,
            0.0008080005645751953,
            0.000804901123046875,
            0.0007851123809814453,
            0.0007839202880859375,
            0.0007569789886474609,
            0.0007901191711425781,
            0.0007910728454589844,
            0.0008409023284912109
        ],
        "average": 0.0008003711700439453,
        "min": 0.0007569789886474609,
        "max": 0.0008428096771240234
    },
    "zin26_startup": {
        "class": "ZIn26",
        "include_startup": true,
        "runs": [
            0.0009551048278808594,
            0.0007979869842529297,
            0.0008051395416259766,
            0.0008349418640136719,
            0.0008170604705810547,
            0.0008080005645751953,
            0.0008301734924316406,
            0.0008161067962646484,
            0.0008199214935302734,
            0.0008080005645751953
        ],
        "average": 0.0008292436599731445,
        "min": 0.0007979869842529297,
        "max": 0.0009551048278808594
    }
}