{
    "f06": {
        "class": "F06",
        "include_startup": false,
        "runs": [
            0.0011119842529296875,
            0.0008189678192138672,
            0.0008151531219482422,
            0.0007908344268798828,
            0.0008018016815185547,
            0.0007951259613037109,
            0.0008029937744140625,
            0.0008020401000976562,
            0.0007801055908203125,
            0.0008070468902587891
        ],
        "average": 0.0008326053619384765,
        "min": 0.0007801055908203125,
        "max": 0.0011119842529296875
    },
    "f06_startup": {
        "class": "F06",
        "include_startup": true,
        "runs": [
            0.003083944320678711,
            0.0009670257568359375,
            0.0009570121765136719,
            0.0009489059448242188,
            0.0009679794311523438,
            0.0009551048278808594,
            0.0009808540344238281,
            0.0009510517120361328,
            0.0009768009185791016,
            0.0009560585021972656
        ],
        "average": 0.0011744737625122071,
        "min": 0.0009489059448242188,
        "max": 0.003083944320678711
    },
    "fin06": {
        "class": "FIn06",
        "include_startup": false,
        "runs": [
            0.0011341571807861328,
            0.0008380413055419922,
            0.0008208751678466797,
            0.000827789306640625,
            0.0008161067962646484,
            0.0008339881896972656,
            0.0008440017700195312,
            0.0008268356323242188,
            0.0008249282836914062,
            0.0008249282836914062
        ],
        "average": 0.0008591651916503906,
        "min": 0.0008161067962646484,
        "max": 0.0011341571807861328
    },
    "fin06_startup": {
        "class": "FIn06",
        "include_startup": true,
        "runs": [
            0.0029799938201904297,
            0.0009360313415527344,
            0.0009222030639648438,
            0.0009169578552246094,
            0.0009150505065917969,
            0.0009019374847412109,
            0.0009150505065917969,
            0.0009181499481201172,
            0.0009329319000244141,
            0.0009121894836425781
        ],
        "average": 0.0011250495910644532,
        "min": 0.0009019374847412109,
        "max": 0.0029799938201904297
    },
    "p16": {
        "class": "P16",
        "include_startup": false,
        "runs": [
            0.001834869384765625,
            0.0011489391326904297,
            0.0011801719665527344,
            0.0011649131774902344,
            0.0011649131774902344,
            0.001149892807006836,
            0.001168966293334961,
            0.0011310577392578125,
            0.0011169910430908203,
            0.0011470317840576172
        ],
        "average": 0.0012207746505737305,
        "min": 0.0011169910430908203,
        "max": 0.001834869384765625
    },
    "p16_startup": {
        "class": "P16",
        "include_startup": true,
        "runs": [
            0.0030379295349121094,
            0.0010149478912353516,
            0.001007080078125,
            0.0009770393371582031,
            0.0009889602661132812,
            0.0009851455688476562,
            0.0009570121765136719,
            0.0009608268737792969,
            0.0009899139404296875,
            0.0009570121765136719
        ],
        "average": 0.001187586784362793,
        "min": 0.0009570121765136719,
        "max": 0.0030379295349121094
    },
    "pin16": {
        "class": "PIn16",
        "include_startup": false,
        "runs": [
            0.0012030601501464844,
            0.0008320808410644531,
            0.0008389949798583984,
            0.0008640289306640625,
            0.0008490085601806641,
            0.0008418560028076172,
            0.0008461475372314453,
            0.0008380413055419922,
            0.0008189678192138672,
            0.0008349418640136719
        ],
        "average": 0.0008767127990722656,
        "min": 0.0008189678192138672,
        "max": 0.0012030601501464844
    },
    "pin16_startup": {
        "class": "PIn16",
        "include_startup": true,
        "runs": [
            0.0031859874725341797,
            0.0010080337524414062,
            0.0010190010070800781,
            0.0009679794311523438,
            0.0009639263153076172,
            0.0009489059448242188,
            0.0009789466857910156,
            0.0009660720825195312,
            0.000982046127319336,
            0.0009729862213134766
        ],
        "average": 0.0011993885040283204,
        "min": 0.0009489059448242188,
        "max": 0.0031859874725341797
    },
    "z26": {
        "class": "Z26",
        "include_startup": false,
        "runs": [
            0.0012118816375732422,
            0.0008699893951416016,
            0.0008568763732910156,
            0.0008370876312255859,
            0.0009429454803466797,
            0.0008418560028076172,
            0.0008270740509033203,
            0.0008409023284912109,
            0.0008320808410644531,
            0.0008490085601806641
        ],
        "average": 0.0008909702301025391,
        "min": 0.0008270740509033203,
        "max": 0.0012118816375732422
    },
    "z26_startup": {
        "class": "Z26",
        "include_startup": true,
        "runs": [
            0.0031359195709228516,
            0.0010530948638916016,
            0.0010540485382080078,
            0.0010371208190917969,
            0.0010449886322021484,
            0.0010409355163574219,
            0.0010218620300292969,
            0.0010311603546142578,
            0.0010349750518798828,
            0.0011210441589355469
        ],
        "average": 0.0012575149536132812,
        "min": 0.0010218620300292969,
        "max": 0.0031359195709228516
    },
    "zin26": {
        "class": "ZIn26",
        "include_startup": false,
        "runs": [
            0.0019648075103759766,
            0.0012538433074951172,
            0.0012578964233398438,
            0.0012640953063964844,
            0.0012521743774414062,
            0.0012438297271728516,
            0.001280069351196289,
            0.0012559890747070312,
            0.0012519359588623047,
            0.0012509822845458984
        ],
        "average": 0.0013275623321533203,
        "min": 0.0012438297271728516,
        "max": 0.0019648075103759766
    },
    "zin26_startup": {
        "class": "ZIn26",
        "include_startup": true,
        "runs": [
            0.004272937774658203,
            0.0010128021240234375,
            0.0010128021240234375,
            0.0010190010070800781,
            0.001013040542602539,
            0.0010340213775634766,
            0.0010139942169189453,
            0.0010080337524414062,
            0.0010008811950683594,
            0.0010077953338623047
        ],
        "average": 0.0013395309448242187,
        "min": 0.0010008811950683594,
        "max": 0.004272937774658203
    }
}