{
    "f06": {
        "class": "F06",
        "include_startup": false,
        "runs": [
            0.0013880729675292969,
            0.000782012939453125,
            0.0008251667022705078,
            0.0008111000061035156,
            0.0008141994476318359,
            0.0007731914520263672,
            0.0007929801940917969,
            0.0007991790771484375,
            0.0008127689361572266,
            0.0007901191711425781
        ],
        "average": 0.0008588790893554688,
        "min": 0.0007731914520263672,
        "max": 0.0013880729675292969
    },
    "f06_startup": {
        "class": "F06",
        "include_startup": true,
        "runs": [
            0.0028541088104248047,
            0.0009238719940185547,
            0.0009250640869140625,
            0.0008809566497802734,
            0.0008969306945800781,
            0.000885009765625,
            0.0008780956268310547,
            0.0008699893951416016,
            0.0008759498596191406,
            0.0008809566497802734
        ],
        "average": 0.0010870933532714845,
        "min": 0.0008699893951416016,
        "max": 0.0028541088104248047
    },
    "fin06": {
        "class": "FIn06",
        "include_startup": false,
        "runs": [
            0.0014400482177734375,
            0.0008251667022705078,
            0.0008111000061035156,
            0.0008070468902587891,
            0.0008080005645751953,
            0.0007960796356201172,
            0.0008158683776855469,
            0.0007948875427246094,
            0.0008070468902587891,
            0.0008008480072021484
        ],
        "average": 0.0008706092834472656,
        "min": 0.0007948875427246094,
        "max": 0.0014400482177734375
    },
    "fin06_startup": {
        "class": "FIn06",
        "include_startup": true,
        "runs": [
            0.002972841262817383,
            0.0009608268737792969,
            0.0008988380432128906,
            0.0009570121765136719,
            0.0009350776672363281,
            0.0008931159973144531,
            0.0009119510650634766,
            0.0008940696716308594,
            0.0009179115295410156,
            0.000885009765625
        ],
        "average": 0.0011226654052734375,
        "min": 0.000885009765625,
        "max": 0.002972841262817383
    },
    "p16": {
        "class": "P16",
        "include_startup": false,
        "runs": [
            0.0013928413391113281,
            0.0008618831634521484,
            0.0008380413055419922,
            0.0008409023284912109,
            0.0008440017700195312,
            0.0008420944213867188,
            0.0008261203765869141,
            0.0008361339569091797,
            0.0008690357208251953,
            0.0008451938629150391
        ],
        "average": 0.0008996248245239258,
        "min": 0.0008261203765869141,
        "max": 0.0013928413391113281
    },
    "p16_startup": {
        "class": "P16",
        "include_startup": true,
        "runs": [
            0.002907991409301758,
            0.0009160041809082031,
            0.0009109973907470703,
            0.0009059906005859375,
            0.0009279251098632812,
            0.0009291172027587891,
            0.0009028911590576172,
            0.0009050369262695312,
            0.0008859634399414062,
            0.0008981227874755859
        ],
        "average": 0.001109004020690918,
        "min": 0.0008859634399414062,
        "max": 0.002907991409301758
    },
    "pin16": {
        "class": "PIn16",
        "include_startup": false,
        "runs": [
            0.0012500286102294922,
            0.0006461143493652344,
            0.0006561279296875,
            0.0006349086761474609,
            0.0006499290466308594,
            0.0006518363952636719,
            0.0006401538848876953,
            0.0006430149078369141,
            0.0006511211395263672,
            0.0006358623504638672
        ],
        "average": 0.0007059097290039063,
        "min": 0.0006349086761474609,
        "max": 0.0012500286102294922
    },
    "pin16_startup": {
        "class": "PIn16",
        "include_startup": true,
        "runs": [
            0.0029668807983398438,
            0.0009279251098632812,
            0.0009229183197021484,
            0.0009090900421142578,
            0.0009081363677978516,
            0.0008990764617919922,
            0.0009059906005859375,
            0.0009088516235351562,
            0.0008959770202636719,
            0.0009050369262695312
        ],
        "average": 0.0011149883270263673,
        "min": 0.0008959770202636719,
        "max": 0.0029668807983398438
    },
    "z26": {
        "class": "Z26",
        "include_startup": false,
        "runs": [
            0.0011889934539794922,
            0.0006198883056640625,
            0.0006439685821533203,
            0.0006198883056640625,
            0.0006361007690429688,
            0.0006449222564697266,
            0.0006351470947265625,
            0.0006358623504638672,
            0.0006520748138427734,
            0.0006320476531982422
        ],
        "average": 0.0006908893585205079,
        "min": 0.0006198883056640625,
        "max": 0.0011889934539794922
    },
    "z26_startup": {
        "class": "Z26",
        "include_startup": true,
        "runs": [
            0.0029430389404296875,
            0.0010390281677246094,
            0.00096893310546875,
            0.000946044921875,
            0.0009410381317138672,
            0.0009250640869140625,
            0.0009489059448242188,
            0.0009400844573974609,
            0.0009481906890869141,
            0.0009300708770751953
        ],
        "average": 0.0011530399322509765,
        "min": 0.0009250640869140625,
        "max": 0.0029430389404296875
    },
    "zin26": {
        "class": "ZIn26",
        "include_startup": false,
        "runs": [
            0.0016410350799560547,
            0.0008180141448974609,
            0.0008280277252197266,
            0.0007998943328857422,
            0.0007700920104980469,
            0.0007891654968261719,
            0.0008008480072021484,
            0.0008070468902587891,
            0.0007948875427246094,
            0.0007829666137695312
        ],
        "average": 0.0008831977844238281,
        "min": 0.0007700920104980469,
        "max": 0.0016410350799560547
    },
    "zin26_startup": {
        "class": "ZIn26",
        "include_startup": true,
        "runs": [
            0.003094911575317383,
            0.001016855239868164,
            0.0009751319885253906,
            0.0009658336639404297,
            0.0009479522705078125,
            0.0009469985961914062,
            0.0009601116180419922,
            0.0009720325469970703,
            0.00096893310546875,
            0.0009598731994628906
        ],
        "average": 0.0011808633804321288,
        "min": 0.0009469985961914062,
        "max": 0.003094911575317383
    }
}