{
    "f06": {
        "class": "F06",
        "include_startup": false,
        "runs": [
            0.0019409656524658203,
            0.0009438991546630859,
            0.0009400844573974609,
            0.0009610652923583984,
            0.0009531974792480469,
            0.0009620189666748047,
            0.0009629726409912109,
            0.0009648799896240234,
            0.000946044921875,
            0.0009579658508300781
        ],
        "average": 0.0010533094406127929,
        "min": 0.0009400844573974609,
        "max": 0.0019409656524658203
    },
    "f06_startup": {
        "class": "F06",
        "include_startup": true,
        "runs": [
            0.0030171871185302734,
            0.0009119510650634766,
            0.0009031295776367188,
            0.0009140968322753906,
            0.0008890628814697266,
            0.0008971691131591797,
            0.0008909702301025391,
            0.0009081363677978516,
            0.0008931159973144531,
            0.0009520053863525391
        ],
        "average": 0.0011176824569702148,
        "min": 0.0008890628814697266,
        "max": 0.0030171871185302734
    },
    "fin06": {
        "class": "FIn06",
        "include_startup": false,
        "runs": [
            0.0015189647674560547,
            0.0008139610290527344,
            0.0008158683776855469,
            0.0007939338684082031,
            0.0010728836059570312,
            0.0010919570922851562,
            0.0008580684661865234,
            0.0007889270782470703,
            0.0007929801940917969,
            0.00078582763671875
        ],
        "average": 0.0009333372116088867,
        "min": 0.00078582763671875,
        "max": 0.0015189647674560547
    },
    "fin06_startup": {
        "class": "FIn06",
        "include_startup": true,
        "runs": [
            0.0028228759765625,
            0.0008630752563476562,
            0.0007860660552978516,
            0.0007879734039306641,
            0.0007829666137695312,
            0.0008249282836914062,
            0.0008258819580078125,
            0.000823974609375,
            0.0007879734039306641,
            0.0007839202880859375
        ],
        "average": 0.0010089635848999023,
        "min": 0.0007829666137695312,
        "max": 0.0028228759765625
    },
    "p16": {
        "class": "P16",
        "include_startup": false,
        "runs": [
            0.002093076705932617,
            0.0009741783142089844,
            0.00096893310546875,
            0.0009682178497314453,
            0.0009570121765136719,
            0.0009779930114746094,
            0.0009889602661132812,
            0.0008828639984130859,
            0.0008089542388916016,
            0.0007300376892089844
        ],
        "average": 0.001035022735595703,
        "min": 0.0007300376892089844,
        "max": 0.002093076705932617
    },
    "p16_startup": {
        "class": "P16",
        "include_startup": true,
        "runs": [
            0.004183053970336914,
            0.0010919570922851562,
            0.0010750293731689453,
            0.0010759830474853516,
            0.0010869503021240234,
            0.0011000633239746094,
            0.001087188720703125,
            0.001096963882446289,
            0.0011000633239746094,
            0.0010819435119628906
        ],
        "average": 0.0013979196548461914,
        "min": 0.0010750293731689453,
        "max": 0.004183053970336914
    },
    "pin16": {
        "class": "PIn16",
        "include_startup": false,
        "runs": [
            0.0011818408966064453,
            0.0006439685821533203,
            0.0006239414215087891,
            0.0006189346313476562,
            0.0006198883056640625,
            0.0006070137023925781,
            0.000614166259765625,
            0.0006158351898193359,
            0.0006029605865478516,
            0.0006201267242431641
        ],
        "average": 0.0006748676300048828,
        "min": 0.0006029605865478516,
        "max": 0.0011818408966064453
    },
    "pin16_startup": {
        "class": "PIn16",
        "include_startup": true,
        "runs": [
            0.0027658939361572266,
            0.0008318424224853516,
            0.0008139610290527344,
            0.0008859634399414062,
            0.0008189678192138672,
            0.0008068084716796875,
            0.0008018016815185547,
            0.0008149147033691406,
            0.0008130073547363281,
            0.0008111000061035156
        ],
        "average": 0.0010164260864257812,
        "min": 0.0008018016815185547,
        "max": 0.0027658939361572266
    },
    "z26": {
        "class": "Z26",
        "include_startup": false,
        "runs": [
            0.0012238025665283203,
            0.0006110668182373047,
            0.0006220340728759766,
            0.0005948543548583984,
            0.0005970001220703125,
            0.0006148815155029297,
            0.0005960464477539062,
            0.0006358623504638672,
            0.0006029605865478516,
            0.0006039142608642578
        ],
        "average": 0.0006702423095703125,
        "min": 0.0005948543548583984,
        "max": 0.0012238025665283203
    },
    "z26_startup": {
        "class": "Z26",
        "include_startup": true,
        "runs": [
            0.002171039581298828,
            0.0007610321044921875,
            0.0006480216979980469,
            0.000640869140625,
            0.0006570816040039062,
            0.0006608963012695312,
            0.0006480216979980469,
            0.000659942626953125,
            0.0006618499755859375,
            0.0006601810455322266
        ],
        "average": 0.0008168935775756836,
        "min": 0.000640869140625,
        "max": 0.002171039581298828
    },
    "zin26": {
        "class": "ZIn26",
        "include_startup": false,
        "runs": [
            0.0016560554504394531,
            0.0008518695831298828,
            0.0008380413055419922,
            0.0008471012115478516,
            0.0008440017700195312,
            0.0008180141448974609,
            0.000843048095703125,
            0.0008339881896972656,
            0.0008420944213867188,
            0.0008208751678466797
        ],
        "average": 0.000919508934020996,
        "min": 0.0008180141448974609,
        "max": 0.0016560554504394531
    },
    "zin26_startup": {
        "class": "ZIn26",
        "include_startup": true,
        "runs": [
            0.003159046173095703,
            0.0010039806365966797,
            0.0010249614715576172,
            0.0009779930114746094,
            0.0009980201721191406,
            0.0009980201721191406,
            0.0009961128234863281,
            0.0009970664978027344,
            0.0009570121765136719,
            0.0009860992431640625
        ],
        "average": 0.0012098312377929687,
        "min": 0.0009570121765136719,
        "max": 0.003159046173095703
    }
}