{
    "f06": {
        "class": "F06",
        "include_startup": false,
        "runs": [
            0.001425027847290039,
            0.0007610321044921875,
            0.0007309913635253906,
            0.0007500648498535156,
            0.0007560253143310547,
            0.0007448196411132812,
            0.0007350444793701172,
            0.0007569789886474609,
            0.0007579326629638672,
            0.0007481575012207031
        ],
        "average": 0.0008166074752807617,
        "min": 0.0007309913635253906,
        "max": 0.001425027847290039
    },
    "f06_startup": {
        "class": "F06",
        "include_startup": true,
        "runs": [
            0.0029621124267578125,
            0.0008940696716308594,
            0.0008740425109863281,
            0.0008571147918701172,
            0.0008511543273925781,
            0.0008971691131591797,
            0.0008680820465087891,
            0.0008769035339355469,
            0.0008740425109863281,
            0.0008871555328369141
        ],
        "average": 0.0010841846466064452,
        "min": 0.0008511543273925781,
        "max": 0.0029621124267578125
    },
    "fin06": {
        "class": "FIn06",
        "include_startup": false,
        "runs": [
            0.0016551017761230469,
            0.0008151531219482422,
            0.0008039474487304688,
            0.00080108642578125,
            0.0007529258728027344,
            0.0007989406585693359,
            0.0007829666137695312,
            0.0008029937744140625,
            0.0007739067077636719,
            0.0007929801940917969
        ],
        "average": 0.000878000259399414,
        "min": 0.0007529258728027344,
        "max": 0.0016551017761230469
    },
    "fin06_startup": {
        "class": "FIn06",
        "include_startup": true,
        "runs": [
            0.0029070377349853516,
            0.0008740425109863281,
            0.0008440017700195312,
            0.0008490085601806641,
            0.0008358955383300781,
            0.0008368492126464844,
            0.0008699893951416016,
            0.0008549690246582031,
            0.0008690357208251953,
            0.0008649826049804688
        ],
        "average": 0.0010605812072753905,
        "min": 0.0008358955383300781,
        "max": 0.0029070377349853516
    },
    "p16": {
        "class": "P16",
        "include_startup": false,
        "runs": [
            0.0014431476593017578,
            0.000720977783203125,
            0.0007169246673583984,
            0.0007641315460205078,
            0.0007469654083251953,
            0.0007450580596923828,
            0.0007619857788085938,
            0.0007560253143310547,
            0.0007681846618652344,
            0.0007500648498535156
        ],
        "average": 0.0008173465728759765,
        "min": 0.0007169246673583984,
        "max": 0.0014431476593017578
    },
    "p16_startup": {
        "class": "P16",
        "include_startup": true,
        "runs": [
            0.0030930042266845703,
            0.0010700225830078125,
            0.0009829998016357422,
            0.0009980201721191406,
            0.0009760856628417969,
            0.001007080078125,
            0.0009658336639404297,
            0.0009920597076416016,
            0.0009708404541015625,
            0.0009911060333251953
        ],
        "average": 0.001204705238342285,
        "min": 0.0009658336639404297,
        "max": 0.0030930042266845703
    },
    "pin16": {
        "class": "PIn16",
        "include_startup": false,
        "runs": [
            0.0015189647674560547,
            0.0007789134979248047,
            0.0007960796356201172,
            0.0007679462432861328,
            0.0008058547973632812,
            0.0007998943328857422,
            0.0007829666137695312,
            0.0008001327514648438,
            0.0007798671722412109,
            0.0007920265197753906
        ],
        "average": 0.0008622646331787109,
        "min": 0.0007679462432861328,
        "max": 0.0015189647674560547
    },
    "pin16_startup": {
        "class": "PIn16",
        "include_startup": true,
        "runs": [
            0.0026290416717529297,
            0.0008389949798583984,
            0.0007491111755371094,
            0.000720977783203125,
            0.0007700920104980469,
            0.0007200241088867188,
            0.0007100105285644531,
            0.0007131099700927734,
            0.0008230209350585938,
            0.0007269382476806641
        ],
        "average": 0.0009401321411132812,
        "min": 0.0007100105285644531,
        "max": 0.0026290416717529297
    },
    "z26": {
        "class": "Z26",
        "include_startup": false,
        "runs": [
            0.0015239715576171875,
            0.0007848739624023438,
            0.0007910728454589844,
            0.0007550716400146484,
            0.0007770061492919922,
            0.0007832050323486328,
            0.0007789134979248047,
            0.0007910728454589844,
            0.0007789134979248047,
            0.0007801055908203125
        ],
        "average": 0.0008544206619262695,
        "min": 0.0007550716400146484,
        "max": 0.0015239715576171875
    },
    "z26_startup": {
        "class": "Z26",
        "include_startup": true,
        "runs": [
            0.0029840469360351562,
            0.0010180473327636719,
            0.0008471012115478516,
            0.0008149147033691406,
            0.0008258819580078125,
            0.0008308887481689453,
            0.000843048095703125,
            0.0008411407470703125,
            0.00084686279296875,
            0.0008149147033691406
        ],
        "average": 0.0010666847229003906,
        "min": 0.0008149147033691406,
        "max": 0.0029840469360351562
    },
    "zin26": {
        "class": "ZIn26",
        "include_startup": false,
        "runs": [
            0.0015311241149902344,
            0.0007388591766357422,
            0.0007250308990478516,
            0.0007219314575195312,
            0.000762939453125,
            0.0007221698760986328,
            0.0007200241088867188,
            0.0007159709930419922,
            0.0007300376892089844,
            0.0007231235504150391
        ],
        "average": 0.0008091211318969726,
        "min": 0.0007159709930419922,
        "max": 0.0015311241149902344
    },
    "zin26_startup": {
        "class": "ZIn26",
        "include_startup": true,
        "runs": [
            0.00226593017578125,
            0.0007719993591308594,
            0.0007259845733642578,
            0.0007760524749755859,
            0.0007369518280029297,
            0.00074005126953125,
            0.0007169246673583984,
            0.0007469654083251953,
            0.0007359981536865234,
            0.0007541179656982422
        ],
        "average": 0.0008970975875854492,
        "min": 0.0007169246673583984,
        "max": 0.00226593017578125
    }
}