{
    "f06": {
        "class": "F06",
        "include_startup": false,
        "runs": [
            0.0013041496276855469,
            0.0012500286102294922,
            0.0013668537139892578,
            0.0013020038604736328,
            0.0012049674987792969,
            0.0017828941345214844,
            0.0015799999237060547,
            0.001650094985961914,
            0.0015919208526611328,
            0.0015859603881835938
        ],
        "average": 0.0014618873596191407,
        "min": 0.0012049674987792969,
        "max": 0.0017828941345214844
    },
    "f06_startup": {
        "class": "F06",
        "include_startup": true,
        "runs": [
            0.0032150745391845703,
            0.001744985580444336,
            0.001692056655883789,
            0.0017778873443603516,
            0.0017600059509277344,
            0.0031969547271728516,
            0.0017130374908447266,
            0.0016870498657226562,
            0.0016679763793945312,
            0.0016608238220214844
        ],
        "average": 0.0020115852355957033,
        "min": 0.0016608238220214844,
        "max": 0.0032150745391845703
    },
    "fin06": {
        "class": "FIn06",
        "include_startup": false,
        "runs": [
            0.0016019344329833984,
            0.0013761520385742188,
            0.0013499259948730469,
            0.001332998275756836,
            0.0013628005981445312,
            0.0017230510711669922,
            0.001583099365234375,
            0.0015881061553955078,
            0.0015869140625,
            0.0015649795532226562
        ],
        "average": 0.0015069961547851563,
        "min": 0.001332998275756836,
        "max": 0.0017230510711669922
    },
    "fin06_startup": {
        "class": "FIn06",
        "include_startup": true,
        "runs": [
            0.0038390159606933594,
            0.0017578601837158203,
            0.0017008781433105469,
            0.00177001953125,
            0.0017299652099609375,
            0.00308990478515625,
            0.0016868114471435547,
            0.0016589164733886719,
            0.0016438961029052734,
            0.0016460418701171875
        ],
        "average": 0.0020523309707641602,
        "min": 0.0016438961029052734,
        "max": 0.0038390159606933594
    },
    "p16": {
        "class": "P16",
        "include_startup": false,
        "runs": [
            0.00534510612487793,
            0.0053250789642333984,
            0.005482912063598633,
            0.0054149627685546875,
            0.0046999454498291016,
            0.010258913040161133,
            0.005338907241821289,
            0.005312919616699219,
            0.00533294677734375,
            0.005382061004638672
        ],
        "average": 0.005789375305175782,
        "min": 0.0046999454498291016,
        "max": 0.010258913040161133
    },
    "p16_startup": {
        "class": "P16",
        "include_startup": true,
        "runs": [
            0.006762981414794922,
            0.006821870803833008,
            0.006742000579833984,
            0.00666499137878418,
            0.007288932800292969,
            0.006766080856323242,
            0.006896018981933594,
            0.006643056869506836,
            0.005198955535888672,
            0.006896018981933594
        ],
        "average": 0.0066680908203125,
        "min": 0.005198955535888672,
        "max": 0.007288932800292969
    },
    "pin16": {
        "class": "PIn16",
        "include_startup": false,
        "runs": [
            0.0018291473388671875,
            0.0018091201782226562,
            0.0017819404602050781,
            0.0014410018920898438,
            0.0017910003662109375,
            0.0017838478088378906,
            0.0018050670623779297,
            0.0018239021301269531,
            0.001806020736694336,
            0.001779794692993164
        ],
        "average": 0.0017650842666625977,
        "min": 0.0014410018920898438,
        "max": 0.0018291473388671875
    },
    "pin16_startup": {
        "class": "PIn16",
        "include_startup": true,
        "runs": [
            0.0032989978790283203,
            0.0041811466217041016,
            0.003301858901977539,
            0.0032689571380615234,
            0.0031850337982177734,
            0.0031812191009521484,
            0.003192901611328125,
            0.0032739639282226562,
            0.002705812454223633,
            0.0029680728912353516
        ],
        "average": 0.003255796432495117,
        "min": 0.002705812454223633,
        "max": 0.0041811466217041016
    }
}