{
    "f06": {
        "class": "F06",
        "include_startup": false,
        "runs": [
            0.0017709732055664062,
            0.0015900135040283203,
            0.001589059829711914,
            0.0015759468078613281,
            0.0016040802001953125,
            0.0031402111053466797,
            0.002828836441040039,
            0.0018680095672607422,
            0.0015399456024169922,
            0.0015261173248291016
        ],
        "average": 0.0019033193588256837,
        "min": 0.0015261173248291016,
        "max": 0.0031402111053466797
    },
    "f06_startup": {
        "class": "F06",
        "include_startup": true,
        "runs": [
            0.0026450157165527344,
            0.0016889572143554688,
            0.0015070438385009766,
            0.0014879703521728516,
            0.0014638900756835938,
            0.0032949447631835938,
            0.001775979995727539,
            0.001756906509399414,
            0.001722097396850586,
            0.001741170883178711
        ],
        "average": 0.0019083976745605468,
        "min": 0.0014638900756835938,
        "max": 0.0032949447631835938
    },
    "fin06": {
        "class": "FIn06",
        "include_startup": false,
        "runs": [
            0.0026760101318359375,
            0.002362966537475586,
            0.0023679733276367188,
            0.002379179000854492,
            0.002380847930908203,
            0.0017099380493164062,
            0.0016129016876220703,
            0.0016169548034667969,
            0.0017671585083007812,
            0.0016078948974609375
        ],
        "average": 0.002048182487487793,
        "min": 0.0016078948974609375,
        "max": 0.0026760101318359375
    },
    "fin06_startup": {
        "class": "FIn06",
        "include_startup": true,
        "runs": [
            0.0024971961975097656,
            0.0013298988342285156,
            0.0013349056243896484,
            0.0013270378112792969,
            0.0013189315795898438,
            0.0031180381774902344,
            0.001708984375,
            0.0016589164733886719,
            0.0016980171203613281,
            0.0016829967498779297
        ],
        "average": 0.0017674922943115234,
        "min": 0.0013189315795898438,
        "max": 0.0031180381774902344
    },
    "p16": {
        "class": "P16",
        "include_startup": false,
        "runs": [
            0.005420207977294922,
            0.005424022674560547,
            0.0053369998931884766,
            0.005309104919433594,
            0.0054662227630615234,
            0.004115104675292969,
            0.0059108734130859375,
            0.005348920822143555,
            0.004683017730712891,
            0.005381107330322266
        ],
        "average": 0.005239558219909668,
        "min": 0.004115104675292969,
        "max": 0.0059108734130859375
    },
    "p16_startup": {
        "class": "P16",
        "include_startup": true,
        "runs": [
            0.006843090057373047,
            0.012423992156982422,
            0.0068018436431884766,
            0.006737947463989258,
            0.0066242218017578125,
            0.006945133209228516,
            0.0070531368255615234,
            0.0067920684814453125,
            0.007241010665893555,
            0.0068509578704833984
        ],
        "average": 0.007431340217590332,
        "min": 0.0066242218017578125,
        "max": 0.012423992156982422
    },
    "pin16": {
        "class": "PIn16",
        "include_startup": false,
        "runs": [
            0.0018019676208496094,
            0.0015769004821777344,
            0.0031211376190185547,
            0.001811981201171875,
            0.0018210411071777344,
            0.0009400844573974609,
            0.0018298625946044922,
            0.0018498897552490234,
            0.0017521381378173828,
            0.0018138885498046875
        ],
        "average": 0.0018318891525268555,
        "min": 0.0009400844573974609,
        "max": 0.0031211376190185547
    },
    "pin16_startup": {
        "class": "PIn16",
        "include_startup": true,
        "runs": [
            0.0031800270080566406,
            0.003353118896484375,
            0.0041429996490478516,
            0.002696990966796875,
            0.0033609867095947266,
            0.003309965133666992,
            0.0025169849395751953,
            0.003236055374145508,
            0.002460956573486328,
            0.0033359527587890625
        ],
        "average": 0.0031594038009643555,
        "min": 0.002460956573486328,
        "max": 0.0041429996490478516
    }
}