{
    "f06": {
        "class": "F06",
        "include_startup": false,
        "runs": [
            0.4169340133666992,
            0.4083130359649658,
            0.4018590450286865,
            0.3573939800262451,
            0.36837005615234375,
            0.40754103660583496,
            0.40675902366638184,
            0.4028310775756836,
            0.4096698760986328,
            0.40985703468322754
        ],
        "average": 0.3989528179168701,
        "min": 0.3573939800262451,
        "max": 0.4169340133666992
    },
    "f06_startup": {
        "class": "F06",
        "include_startup": true,
        "runs": [
            0.4136161804199219,
            0.4053349494934082,
            0.4104897975921631,
            0.41411495208740234,
            0.4126150608062744,
            0.4042668342590332,
            0.4138650894165039,
            0.3984968662261963,
            0.4004530906677246,
            0.4043238162994385
        ],
        "average": 0.40775766372680666,
        "min": 0.3984968662261963,
        "max": 0.41411495208740234
    }
}