{
    "f06": {
        "class": "F06",
        "include_startup": false,
        "runs": [
            0.397305965423584,
            0.3983449935913086,
            0.40236806869506836,
            0.41157984733581543,
            0.31272196769714355,
            0.3987159729003906,
            0.41547513008117676,
            0.43688082695007324,
            0.39444398880004883,
            0.39510679244995117
        ],
        "average": 0.39629435539245605,
        "min": 0.31272196769714355,
        "max": 0.43688082695007324
    },
    "f06_startup": {
        "class": "F06",
        "include_startup": true,
        "runs": [
            0.4088871479034424,
            0.40456604957580566,
            0.4064810276031494,
            0.31066203117370605,
            0.4052159786224365,
            0.39944005012512207,
            0.4043400287628174,
            0.4119541645050049,
            0.4190661907196045,
            0.3092310428619385
        ],
        "average": 0.3879843711853027,
        "min": 0.3092310428619385,
        "max": 0.4190661907196045
    }
}