{
    "f06": {
        "class": "F06",
        "include_startup": false,
        "runs": [
            0.0012960433959960938,
            0.001168966293334961,
            0.001177072525024414,
            0.0011968612670898438,
            0.0011830329895019531,
            0.0008721351623535156,
            0.0008389949798583984,
            0.0008559226989746094,
            0.0008270740509033203,
            0.0008499622344970703
        ],
        "average": 0.0010266065597534179,
        "min": 0.0008270740509033203,
        "max": 0.0012960433959960938
    },
    "f06_startup": {
        "class": "F06",
        "include_startup": true,
        "runs": [
            0.00337982177734375,
            0.0020477771759033203,
            0.0017578601837158203,
            0.0017669200897216797,
            0.0017731189727783203,
            0.0021979808807373047,
            0.0018320083618164062,
            0.0018439292907714844,
            0.0018329620361328125,
            0.0018239021301269531
        ],
        "average": 0.0020256280899047852,
        "min": 0.0017578601837158203,
        "max": 0.00337982177734375
    },
    "fin06": {
        "class": "FIn06",
        "include_startup": false,
        "runs": [
            0.0008041858673095703,
            0.0008199214935302734,
            0.0008180141448974609,
            0.0008251667022705078,
            0.0008358955383300781,
            0.0008449554443359375,
            0.0008440017700195312,
            0.0010149478912353516,
            0.0008778572082519531,
            0.0008339881896972656
        ],
        "average": 0.000851893424987793,
        "min": 0.0008041858673095703,
        "max": 0.0010149478912353516
    },
    "fin06_startup": {
        "class": "FIn06",
        "include_startup": true,
        "runs": [
            0.002231121063232422,
            0.002370119094848633,
            0.0027048587799072266,
            0.002752065658569336,
            0.002774953842163086,
            0.0018651485443115234,
            0.0014951229095458984,
            0.0014688968658447266,
            0.0014929771423339844,
            0.00144195556640625
        ],
        "average": 0.0020597219467163087,
        "min": 0.00144195556640625,
        "max": 0.002774953842163086
    },
    "p16": {
        "class": "P16",
        "include_startup": false,
        "runs": [
            0.0008988380432128906,
            0.0009329319000244141,
            0.000865936279296875,
            0.0009169578552246094,
            0.0008800029754638672,
            0.0008869171142578125,
            0.0008788108825683594,
            0.0008749961853027344,
            0.0009021759033203125,
            0.0007569789886474609
        ],
        "average": 0.0008794546127319336,
        "min": 0.0007569789886474609,
        "max": 0.0009329319000244141
    },
    "p16_startup": {
        "class": "P16",
        "include_startup": true,
        "runs": [
            0.0018570423126220703,
            0.0022270679473876953,
            0.0022699832916259766,
            0.002341032028198242,
            0.002189159393310547,
            0.002245187759399414,
            0.002473115921020508,
            0.0022439956665039062,
            0.002251863479614258,
            0.0023419857025146484
        ],
        "average": 0.0022440433502197267,
        "min": 0.0018570423126220703,
        "max": 0.002473115921020508
    },
    "pin16": {
        "class": "PIn16",
        "include_startup": false,
        "runs": [
            0.0008740425109863281,
            0.0008749961853027344,
            0.0007069110870361328,
            0.0008900165557861328,
            0.0008780956268310547,
            0.0008530616760253906,
            0.0008661746978759766,
            0.0008769035339355469,
            0.0008721351623535156,
            0.0008800029754638672
        ],
        "average": 0.000857234001159668,
        "min": 0.0007069110870361328,
        "max": 0.0008900165557861328
    },
    "pin16_startup": {
        "class": "PIn16",
        "include_startup": true,
        "runs": [
            0.002732992172241211,
            0.002296924591064453,
            0.0022461414337158203,
            0.0017271041870117188,
            0.002274036407470703,
            0.0022780895233154297,
            0.0026960372924804688,
            0.003859996795654297,
            0.002271890640258789,
            0.002251863479614258
        ],
        "average": 0.002463507652282715,
        "min": 0.0017271041870117188,
        "max": 0.003859996795654297
    }
}