{
    "f06": {
        "class": "F06",
        "include_startup": false,
        "runs": [
            0.07248282432556152,
            0.08820104598999023,
            0.07443881034851074,
            0.07327389717102051,
            0.07311105728149414,
            0.07177400588989258,
            0.0740349292755127,
            0.07435202598571777,
            0.07224392890930176,
            0.07172012329101562
        ],
        "average": 0.07456326484680176,
        "min": 0.07172012329101562,
        "max": 0.08820104598999023
    },
    "f06_startup": {
        "class": "F06",
        "include_startup": true,
        "runs": [
            0.07295918464660645,
            0.07893586158752441,
            0.07490181922912598,
            0.07273697853088379,
            0.07274389266967773,
            0.07461690902709961,
            0.07381582260131836,
            0.07657384872436523,
            0.07370495796203613,
            0.07432913780212402
        ],
        "average": 0.07453184127807617,
        "min": 0.07273697853088379,
        "max": 0.07893586158752441
    },
    "p16": {
        "class": "P16",
        "include_startup": false,
        "runs": [
            10.104355096817017,
            10.335559129714966,
            9.908842086791992,
            10.089772939682007,
            10.555636882781982,
            9.91585898399353,
            10.391063928604126,
            9.993966817855835,
            10.423750877380371,
            10.27181100845337
        ],
        "average": 10.19906177520752,
        "min": 9.908842086791992,
        "max": 10.555636882781982
    },
    "p16_startup": {
        "class": "P16",
        "include_startup": true,
        "runs": [
            10.514304876327515,
            9.89885401725769,
            10.570705890655518,
            10.544224977493286,
            10.5261869430542,
            10.467150211334229,
            10.2987060546875,
            10.332031965255737,
            10.261999130249023,
            10.05829405784607
        ],
        "average": 10.347245812416077,
        "min": 9.89885401725769,
        "max": 10.570705890655518
    }
}