{
    "f06": {
        "class": "F06",
        "include_startup": false,
        "runs": [
            0.0008389949798583984,
            0.000823974609375,
            0.0008111000061035156,
            0.0008242130279541016,
            0.0008308887481689453,
            0.0008420944213867188,
            0.0008130073547363281,
            0.0008180141448974609,
            0.0008170604705810547,
            0.0008051395416259766
        ],
        "average": 0.00082244873046875,
        "min": 0.0008051395416259766,
        "max": 0.0008420944213867188
    },
    "f06_startup": {
        "class": "F06",
        "include_startup": true,
        "runs": [
            0.002238035202026367,
            0.0018880367279052734,
            0.0018448829650878906,
            0.0018420219421386719,
            0.001837015151977539,
            0.0019071102142333984,
            0.0014810562133789062,
            0.0014460086822509766,
            0.0014431476593017578,
            0.001428842544555664
        ],
        "average": 0.0017356157302856445,
        "min": 0.001428842544555664,
        "max": 0.002238035202026367
    },
    "fin06": {
        "class": "FIn06",
        "include_startup": false,
        "runs": [
            0.0008409023284912109,
            0.0008380413055419922,
            0.0008440017700195312,
            0.0008268356323242188,
            0.0008718967437744141,
            0.0008480548858642578,
            0.0008411407470703125,
            0.00084686279296875,
            0.0008709430694580078,
            0.0008311271667480469
        ],
        "average": 0.0008459806442260743,
        "min": 0.0008268356323242188,
        "max": 0.0008718967437744141
    },
    "fin06_startup": {
        "class": "FIn06",
        "include_startup": true,
        "runs": [
            0.0021719932556152344,
            0.0017979145050048828,
            0.0017650127410888672,
            0.001870870590209961,
            0.001783132553100586,
            0.002290964126586914,
            0.0018351078033447266,
            0.0018270015716552734,
            0.0018329620361328125,
            0.0018470287322998047
        ],
        "average": 0.0019021987915039062,
        "min": 0.0017650127410888672,
        "max": 0.002290964126586914
    },
    "p16": {
        "class": "P16",
        "include_startup": false,
        "runs": [
            0.0008790493011474609,
            0.0008678436279296875,
            0.00090789794921875,
            0.0008578300476074219,
            0.0007169246673583984,
            0.0008699893951416016,
            0.0008649826049804688,
            0.0007851123809814453,
            0.001316070556640625,
            0.000881195068359375
        ],
        "average": 0.0008946895599365234,
        "min": 0.0007169246673583984,
        "max": 0.001316070556640625
    },
    "p16_startup": {
        "class": "P16",
        "include_startup": true,
        "runs": [
            0.0023119449615478516,
            0.0024700164794921875,
            0.0022449493408203125,
            0.002384185791015625,
            0.002259969711303711,
            0.0019040107727050781,
            0.002332925796508789,
            0.0022270679473876953,
            0.0022819042205810547,
            0.002171039581298828
        ],
        "average": 0.0022588014602661134,
        "min": 0.0019040107727050781,
        "max": 0.0024700164794921875
    },
    "pin16": {
        "class": "PIn16",
        "include_startup": false,
        "runs": [
            0.0007069110870361328,
            0.0006949901580810547,
            0.0009000301361083984,
            0.000865936279296875,
            0.0008859634399414062,
            0.0008687973022460938,
            0.0008761882781982422,
            0.0008790493011474609,
            0.0008840560913085938,
            0.0008828639984130859
        ],
        "average": 0.0008444786071777344,
        "min": 0.0006949901580810547,
        "max": 0.0009000301361083984
    },
    "pin16_startup": {
        "class": "PIn16",
        "include_startup": true,
        "runs": [
            0.002428770065307617,
            0.0019299983978271484,
            0.002254009246826172,
            0.002287149429321289,
            0.0034399032592773438,
            0.004019021987915039,
            0.0023250579833984375,
            0.0033349990844726562,
            0.002257108688354492,
            0.0034329891204833984
        ],
        "average": 0.0027709007263183594,
        "min": 0.0019299983978271484,
        "max": 0.004019021987915039
    }
}