{
    "f06": {
        "class": "F06",
        "include_startup": false,
        "runs": [
            0.0627439022064209,
            0.0626981258392334,
            0.06276202201843262,
            0.0625309944152832,
            0.062461137771606445,
            0.07267999649047852,
            0.07288694381713867,
            0.07542705535888672,
            0.07242894172668457,
            0.0732429027557373
        ],
        "average": 0.06798620223999023,
        "min": 0.062461137771606445,
        "max": 0.07542705535888672
    },
    "f06_startup": {
        "class": "F06",
        "include_startup": true,
        "runs": [
            0.07298994064331055,
            0.07361197471618652,
            0.0747830867767334,
            0.07275390625,
            0.07360601425170898,
            0.07291698455810547,
            0.07305192947387695,
            0.07516312599182129,
            0.07338309288024902,
            0.0737907886505127
        ],
        "average": 0.07360508441925048,
        "min": 0.07275390625,
        "max": 0.07516312599182129
    },
    "p16": {
        "class": "P16",
        "include_startup": false,
        "runs": [
            9.91946005821228,
            10.527383089065552,
            10.390435934066772,
            10.002387046813965,
            10.002717971801758,
            9.91457200050354,
            10.3107750415802,
            10.422766923904419,
            7.91464900970459,
            10.244232892990112
        ],
        "average": 9.964937996864318,
        "min": 7.91464900970459,
        "max": 10.527383089065552
    },
    "p16_startup": {
        "class": "P16",
        "include_startup": true,
        "runs": [
            10.511133909225464,
            7.62700891494751,
            10.350682020187378,
            10.095701932907104,
            10.23048996925354,
            10.304928064346313,
            10.264209032058716,
            10.181684017181396,
            9.948668956756592,
            10.39377212524414
        ],
        "average": 9.990827894210815,
        "min": 7.62700891494751,
        "max": 10.511133909225464
    }
}