{
    "f06": {
        "class": "F06",
        "include_startup": false,
        "runs": [
            0.0007269382476806641,
            0.0006639957427978516,
            0.0006759166717529297,
            0.0006871223449707031,
            0.0006670951843261719,
            0.0006680488586425781,
            0.0006811618804931641,
            0.0006461143493652344,
            0.0006618499755859375,
            0.0006611347198486328
        ],
        "average": 0.0006739377975463867,
        "min": 0.0006461143493652344,
        "max": 0.0007269382476806641
    },
    "f06_startup": {
        "class": "F06",
        "include_startup": true,
        "runs": [
            0.001981973648071289,
            0.0008502006530761719,
            0.0008361339569091797,
            0.0008130073547363281,
            0.0008170604705810547,
            0.0008311271667480469,
            0.0008399486541748047,
            0.0008349418640136719,
            0.0008411407470703125,
            0.0008389949798583984
        ],
        "average": 0.0009484529495239258,
        "min": 0.0008130073547363281,
        "max": 0.001981973648071289
    },
    "p16": {
        "class": "P16",
        "include_startup": false,
        "runs": [
            0.0008971691131591797,
            0.0008180141448974609,
            0.0007731914520263672,
            0.0008008480072021484,
            0.00080108642578125,
            0.0008151531219482422,
            0.000804901123046875,
            0.0007870197296142578,
            0.0008041858673095703,
            0.0008080005645751953
        ],
        "average": 0.0008109569549560547,
        "min": 0.0007731914520263672,
        "max": 0.0008971691131591797
    },
    "p16_startup": {
        "class": "P16",
        "include_startup": true,
        "runs": [
            0.0026848316192626953,
            0.0012350082397460938,
            0.0011479854583740234,
            0.0010139942169189453,
            0.001171112060546875,
            0.0011470317840576172,
            0.0010769367218017578,
            0.0010638236999511719,
            0.001096963882446289,
            0.0011370182037353516
        ],
        "average": 0.0012774705886840821,
        "min": 0.0010139942169189453,
        "max": 0.0026848316192626953
    },
    "z26": {
        "class": "Z26",
        "include_startup": false,
        "runs": [
            0.0010440349578857422,
            0.0007359981536865234,
            0.0007729530334472656,
            0.0007650852203369141,
            0.0008130073547363281,
            0.0007488727569580078,
            0.0007441043853759766,
            0.0007948875427246094,
            0.000782012939453125,
            0.0007679462432861328
        ],
        "average": 0.0007968902587890625,
        "min": 0.0007359981536865234,
        "max": 0.0010440349578857422
    },
    "z26_startup": {
        "class": "Z26",
        "include_startup": true,
        "runs": [
            0.0017361640930175781,
            0.0008280277252197266,
            0.0008130073547363281,
            0.0007998943328857422,
            0.0007839202880859375,
            0.0007660388946533203,
            0.0007770061492919922,
            0.0007889270782470703,
            0.0008080005645751953,
            0.0007901191711425781
        ],
        "average": 0.0008891105651855468,
        "min": 0.0007660388946533203,
        "max": 0.0017361640930175781
    }
}