{
    "f06": {
        "class": "F06",
        "include_startup": false,
        "runs": [
            0.0008678436279296875,
            0.0008471012115478516,
            0.0008068084716796875,
            0.0008080005645751953,
            0.0008099079132080078,
            0.00080108642578125,
            0.0008351802825927734,
            0.0008220672607421875,
            0.0008428096771240234,
            0.00080108642578125
        ],
        "average": 0.0008241891860961914,
        "min": 0.00080108642578125,
        "max": 0.0008678436279296875
    },
    "f06_startup": {
        "class": "F06",
        "include_startup": true,
        "runs": [
            0.0019459724426269531,
            0.0008909702301025391,
            0.0008020401000976562,
            0.0007920265197753906,
            0.0007998943328857422,
            0.0007960796356201172,
            0.0008168220520019531,
            0.0008780956268310547,
            0.0008111000061035156,
            0.0007970333099365234
        ],
        "average": 0.0009330034255981446,
        "min": 0.0007920265197753906,
        "max": 0.0019459724426269531
    },
    "p16": {
        "class": "P16",
        "include_startup": false,
        "runs": [
            0.0009508132934570312,
            0.0008161067962646484,
            0.0008099079132080078,
            0.000823974609375,
            0.0008230209350585938,
            0.0008261203765869141,
            0.0007970333099365234,
            0.0008068084716796875,
            0.0008051395416259766,
            0.0008261203765869141
        ],
        "average": 0.0008285045623779297,
        "min": 0.0007970333099365234,
        "max": 0.0009508132934570312
    },
    "p16_startup": {
        "class": "P16",
        "include_startup": true,
        "runs": [
            0.002050161361694336,
            0.0009009838104248047,
            0.0008869171142578125,
            0.0008780956268310547,
            0.0008571147918701172,
            0.0008740425109863281,
            0.0008800029754638672,
            0.0008649826049804688,
            0.0008790493011474609,
            0.0008678436279296875
        ],
        "average": 0.0009939193725585938,
        "min": 0.0008571147918701172,
        "max": 0.002050161361694336
    },
    "z26": {
        "class": "Z26",
        "include_startup": false,
        "runs": [
            0.0009648799896240234,
            0.0007870197296142578,
            0.0007929801940917969,
            0.0007801055908203125,
            0.0007798671722412109,
            0.0008060932159423828,
            0.0007879734039306641,
            0.0007789134979248047,
            0.0007760524749755859,
            0.0007870197296142578
        ],
        "average": 0.0008040904998779297,
        "min": 0.0007760524749755859,
        "max": 0.0009648799896240234
    },
    "z26_startup": {
        "class": "Z26",
        "include_startup": true,
        "runs": [
            0.002096891403198242,
            0.0009310245513916016,
            0.0009219646453857422,
            0.0009222030639648438,
            0.0009219646453857422,
            0.0009148120880126953,
            0.0009140968322753906,
            0.000965118408203125,
            0.0009188652038574219,
            0.0009360313415527344
        ],
        "average": 0.001044297218322754,
        "min": 0.0009140968322753906,
        "max": 0.002096891403198242
    }
}