{
    "f06": {
        "class": "F06",
        "include_startup": false,
        "runs": [
            0.5774309635162354,
            0.5749638080596924,
            0.5761198997497559,
            0.577488899230957,
            0.5767829418182373,
            0.5933670997619629,
            0.5770790576934814,
            0.5775749683380127,
            0.5766160488128662,
            0.5762269496917725
        ],
        "average": 0.5783650636672973,
        "min": 0.5749638080596924,
        "max": 0.5933670997619629
    },
    "f06_startup": {
        "class": "F06",
        "include_startup": true,
        "runs": [
            0.5766870975494385,
            0.5754799842834473,
            0.5750551223754883,
            0.5741970539093018,
            0.5804529190063477,
            0.5843608379364014,
            0.590770959854126,
            0.5886061191558838,
            0.590378999710083,
            0.5914599895477295
        ],
        "average": 0.5827449083328247,
        "min": 0.5741970539093018,
        "max": 0.5914599895477295
    },
    "p16": {
        "class": "P16",
        "include_startup": false,
        "runs": [
            82.7578239440918,
            82.2081789970398,
            81.05734896659851,
            81.78719305992126,
            68.32911491394043,
            80.42634797096252,
            81.65415000915527,
            64.58539605140686,
            80.77908420562744,
            82.20301294326782
        ],
        "average": 78.57876510620117,
        "min": 64.58539605140686,
        "max": 82.7578239440918
    },
    "p16_startup": {
        "class": "P16",
        "include_startup": true,
        "runs": [
            77.75852918624878,
            82.00890016555786,
            79.79782509803772,
            82.28355193138123,
            83.8239049911499,
            82.0322618484497,
            80.60814499855042,
            81.77971601486206,
            80.31121897697449,
            81.47822999954224
        ],
        "average": 81.18822832107544,
        "min": 77.75852918624878,
        "max": 83.8239049911499
    }
}