{
    "f06": {
        "class": "F06",
        "include_startup": false,
        "runs": [
            0.4850308895111084,
            0.48377299308776855,
            0.4853849411010742,
            0.4864010810852051,
            0.48728203773498535,
            0.5801868438720703,
            0.5800690650939941,
            0.5796101093292236,
            0.5776450634002686,
            0.5791099071502686
        ],
        "average": 0.5324492931365967,
        "min": 0.48377299308776855,
        "max": 0.5801868438720703
    },
    "f06_startup": {
        "class": "F06",
        "include_startup": true,
        "runs": [
            0.5857210159301758,
            0.582780122756958,
            0.5829799175262451,
            0.5823650360107422,
            0.5850930213928223,
            0.6009600162506104,
            0.6016900539398193,
            0.5845510959625244,
            0.5845990180969238,
            0.5884208679199219
        ],
        "average": 0.5879160165786743,
        "min": 0.5823650360107422,
        "max": 0.6016900539398193
    },
    "p16": {
        "class": "P16",
        "include_startup": false,
        "runs": [
            83.28263783454895,
            80.82786393165588,
            81.71777987480164,
            81.26899909973145,
            80.66651582717896,
            80.65372395515442,
            82.07460689544678,
            82.06286001205444,
            81.58097195625305,
            81.96583914756775
        ],
        "average": 81.61017985343933,
        "min": 80.65372395515442,
        "max": 83.28263783454895
    },
    "p16_startup": {
        "class": "P16",
        "include_startup": true,
        "runs": [
            82.12707114219666,
            82.51766300201416,
            80.94653916358948,
            82.40410304069519,
            80.96044397354126,
            63.1019549369812,
            81.1906349658966,
            81.22408699989319,
            80.94331097602844,
            81.71344590187073
        ],
        "average": 79.71292541027069,
        "min": 63.1019549369812,
        "max": 82.51766300201416
    }
}