{
    "f06": {
        "class": "F06",
        "include_startup": false,
        "runs": [
            0.003804922103881836,
            0.0035059452056884766,
            0.0034220218658447266,
            0.0034248828887939453,
            0.0034329891204833984,
            0.003737926483154297,
            0.0033788681030273438,
            0.003420114517211914,
            0.0033388137817382812,
            0.0034189224243164062
        ],
        "average": 0.0034885406494140625,
        "min": 0.0033388137817382812,
        "max": 0.003804922103881836
    },
    "f06_startup": {
        "class": "F06",
        "include_startup": true,
        "runs": [
            0.0050411224365234375,
            0.004199028015136719,
            0.0036280155181884766,
            0.0034711360931396484,
            0.0034890174865722656,
            0.005383968353271484,
            0.003607034683227539,
            0.003565073013305664,
            0.003704071044921875,
            0.003576993942260742
        ],
        "average": 0.0039665460586547855,
        "min": 0.0034711360931396484,
        "max": 0.005383968353271484
    },
    "p16": {
        "class": "P16",
        "include_startup": false,
        "runs": [
            0.003804922103881836,
            0.004183053970336914,
            0.003070831298828125,
            0.0039119720458984375,
            0.0030460357666015625,
            0.0037889480590820312,
            0.004148006439208984,
            0.003983974456787109,
            0.004004001617431641,
            0.003818988800048828
        ],
        "average": 0.003776073455810547,
        "min": 0.0030460357666015625,
        "max": 0.004183053970336914
    },
    "p16_startup": {
        "class": "P16",
        "include_startup": true,
        "runs": [
            0.0050089359283447266,
            0.0050280094146728516,
            0.005076885223388672,
            0.0050089359283447266,
            0.005071163177490234,
            0.005465984344482422,
            0.005002021789550781,
            0.00499415397644043,
            0.004968166351318359,
            0.005154848098754883
        ],
        "average": 0.005077910423278808,
        "min": 0.004968166351318359,
        "max": 0.005465984344482422
    }
}