{
    "f06": {
        "class": "F06",
        "include_startup": false,
        "runs": [
            0.0036869049072265625,
            0.003390789031982422,
            0.0034499168395996094,
            0.003420114517211914,
            0.003443002700805664,
            0.0036950111389160156,
            0.0034401416778564453,
            0.0034329891204833984,
            0.003489971160888672,
            0.0034630298614501953
        ],
        "average": 0.00349118709564209,
        "min": 0.003390789031982422,
        "max": 0.0036950111389160156
    },
    "f06_startup": {
        "class": "F06",
        "include_startup": true,
        "runs": [
            0.005066871643066406,
            0.003596067428588867,
            0.0035970211029052734,
            0.0036020278930664062,
            0.0035860538482666016,
            0.0049669742584228516,
            0.0034999847412109375,
            0.0035219192504882812,
            0.003482818603515625,
            0.0034821033477783203
        ],
        "average": 0.003840184211730957,
        "min": 0.0034821033477783203,
        "max": 0.005066871643066406
    },
    "p16": {
        "class": "P16",
        "include_startup": false,
        "runs": [
            0.003915071487426758,
            0.0037670135498046875,
            0.003812074661254883,
            0.00392603874206543,
            0.0037271976470947266,
            0.0030670166015625,
            0.0038988590240478516,
            0.0040590763092041016,
            0.003003835678100586,
            0.0037288665771484375
        ],
        "average": 0.003690505027770996,
        "min": 0.003003835678100586,
        "max": 0.0040590763092041016
    },
    "p16_startup": {
        "class": "P16",
        "include_startup": true,
        "runs": [
            0.005072832107543945,
            0.005033969879150391,
            0.004956960678100586,
            0.00494694709777832,
            0.0041790008544921875,
            0.005004167556762695,
            0.006928920745849609,
            0.008571147918701172,
            0.005230903625488281,
            0.0049228668212890625
        ],
        "average": 0.005484771728515625,
        "min": 0.0041790008544921875,
        "max": 0.008571147918701172
    }
}