{
    "f06": {
        "class": "F06",
        "include_startup": false,
        "runs": [
            0.4101271629333496,
            0.40594911575317383,
            0.4110291004180908,
            0.4076240062713623,
            0.4154040813446045,
            0.42681193351745605,
            0.4065439701080322,
            0.4214200973510742,
            0.41228604316711426,
            0.4006209373474121
        ],
        "average": 0.41178164482116697,
        "min": 0.4006209373474121,
        "max": 0.42681193351745605
    },
    "f06_startup": {
        "class": "F06",
        "include_startup": true,
        "runs": [
            0.40546107292175293,
            0.413787841796875,
            0.4036219120025635,
            0.41095805168151855,
            0.42771410942077637,
            0.43465089797973633,
            0.41344189643859863,
            0.4121389389038086,
            0.412445068359375,
            0.42362403869628906
        ],
        "average": 0.4157843828201294,
        "min": 0.4036219120025635,
        "max": 0.43465089797973633
    },
    "fin06": {
        "class": "FIn06",
        "include_startup": false,
        "runs": [
            0.3837401866912842,
            0.38611912727355957,
            0.4235689640045166,
            0.38732099533081055,
            0.29578113555908203,
            0.38306283950805664,
            0.3847010135650635,
            0.41526293754577637,
            0.3933219909667969,
            0.38953185081481934
        ],
        "average": 0.38424110412597656,
        "min": 0.29578113555908203,
        "max": 0.4235689640045166
    },
    "fin06_startup": {
        "class": "FIn06",
        "include_startup": true,
        "runs": [
            0.38909101486206055,
            0.38677096366882324,
            0.3774750232696533,
            0.38322901725769043,
            0.2955591678619385,
            0.3329150676727295,
            0.38105201721191406,
            0.3883388042449951,
            0.3844749927520752,
            0.3771078586578369
        ],
        "average": 0.3696013927459717,
        "min": 0.2955591678619385,
        "max": 0.38909101486206055
    }
}