{
    "f06": {
        "class": "F06",
        "include_startup": false,
        "runs": [
            0.4209160804748535,
            0.41449809074401855,
            0.4243941307067871,
            0.4236900806427002,
            0.4056398868560791,
            0.4068748950958252,
            0.4103100299835205,
            0.40871381759643555,
            0.3968689441680908,
            0.4255220890045166
        ],
        "average": 0.41374280452728274,
        "min": 0.3968689441680908,
        "max": 0.4255220890045166
    },
    "f06_startup": {
        "class": "F06",
        "include_startup": true,
        "runs": [
            0.41026997566223145,
            0.41631507873535156,
            0.41276001930236816,
            0.40628600120544434,
            0.4436798095703125,
            0.4454779624938965,
            0.42392611503601074,
            0.4256598949432373,
            0.4107820987701416,
            0.4102599620819092
        ],
        "average": 0.4205416917800903,
        "min": 0.40628600120544434,
        "max": 0.4454779624938965
    },
    "fin06": {
        "class": "FIn06",
        "include_startup": false,
        "runs": [
            0.3928520679473877,
            0.37570691108703613,
            0.3877599239349365,
            0.38533496856689453,
            0.3800079822540283,
            0.38054609298706055,
            0.38585710525512695,
            0.3879210948944092,
            0.3774290084838867,
            0.3843669891357422
        ],
        "average": 0.3837782144546509,
        "min": 0.37570691108703613,
        "max": 0.3928520679473877
    },
    "fin06_startup": {
        "class": "FIn06",
        "include_startup": true,
        "runs": [
            0.39240407943725586,
            0.38692307472229004,
            0.38582897186279297,
            0.3900601863861084,
            0.3819279670715332,
            0.38351011276245117,
            0.3843059539794922,
            0.39322495460510254,
            0.38843798637390137,
            0.3852250576019287
        ],
        "average": 0.3871848344802856,
        "min": 0.3819279670715332,
        "max": 0.39322495460510254
    }
}