{
    "f06": {
        "class": "F06",
        "include_startup": false,
        "runs": [
            1.1335530281066895,
            0.9939980506896973,
            1.1790990829467773,
            1.165522813796997,
            1.1542479991912842,
            1.1359760761260986,
            1.182952880859375,
            0.9788568019866943,
            1.1876370906829834,
            1.2096290588378906
        ],
        "average": 1.1321472883224488,
        "min": 0.9788568019866943,
        "max": 1.2096290588378906
    },
    "f06_startup": {
        "class": "F06",
        "include_startup": true,
        "runs": [
            0.8961799144744873,
            1.177950143814087,
            1.1325209140777588,
            1.195173978805542,
            1.1752471923828125,
            1.2157549858093262,
            1.1489310264587402,
            1.1858599185943604,
            1.1917181015014648,
            1.1827590465545654
        ],
        "average": 1.1502095222473145,
        "min": 0.8961799144744873,
        "max": 1.2157549858093262
    },
    "fin06": {
        "class": "FIn06",
        "include_startup": false,
        "runs": [
            9.210608005523682,
            7.6409080028533936,
            9.466763973236084,
            9.424791097640991,
            9.482038974761963,
            9.473033905029297,
            9.513697147369385,
            9.36194109916687,
            9.512085914611816,
            9.220782041549683
        ],
        "average": 9.230665016174317,
        "min": 7.6409080028533936,
        "max": 9.513697147369385
    },
    "fin06_startup": {
        "class": "FIn06",
        "include_startup": true,
        "runs": [
            9.507800102233887,
            9.19475793838501,
            9.544435024261475,
            9.497663974761963,
            9.533531904220581,
            9.599449157714844,
            9.20415186882019,
            9.162492990493774,
            9.657470941543579,
            9.190376043319702
        ],
        "average": 9.409212994575501,
        "min": 9.162492990493774,
        "max": 9.657470941543579
    }
}