{
    "f06": {
        "class": "F06",
        "include_startup": false,
        "runs": [
            0.8897571563720703,
            1.1763999462127686,
            1.1751949787139893,
            1.1374480724334717,
            1.13981294631958,
            1.1802070140838623,
            1.1819112300872803,
            1.170119047164917,
            1.1993348598480225,
            1.1783640384674072
        ],
        "average": 1.142854928970337,
        "min": 0.8897571563720703,
        "max": 1.1993348598480225
    },
    "f06_startup": {
        "class": "F06",
        "include_startup": true,
        "runs": [
            1.1408028602600098,
            0.8826780319213867,
            1.1965579986572266,
            1.16837477684021,
            1.1796739101409912,
            1.1875269412994385,
            1.137110948562622,
            1.1342189311981201,
            0.9876959323883057,
            1.1919679641723633
        ],
        "average": 1.1206608295440674,
        "min": 0.8826780319213867,
        "max": 1.1965579986572266
    },
    "fin06": {
        "class": "FIn06",
        "include_startup": false,
        "runs": [
            7.666424036026001,
            9.492839813232422,
            9.205178022384644,
            9.600650072097778,
            9.66543984413147,
            9.538105010986328,
            9.243005990982056,
            9.321458101272583,
            9.210056066513062,
            9.173604011535645
        ],
        "average": 9.211676096916198,
        "min": 7.666424036026001,
        "max": 9.66543984413147
    },
    "fin06_startup": {
        "class": "FIn06",
        "include_startup": true,
        "runs": [
            9.387854814529419,
            9.388468027114868,
            9.596887111663818,
            9.520410060882568,
            9.454529047012329,
            9.156339883804321,
            9.456378936767578,
            9.380315065383911,
            9.507944107055664,
            9.436246156692505
        ],
        "average": 9.428537321090698,
        "min": 9.156339883804321,
        "max": 9.596887111663818
    }
}