{
    "f06": {
        "class": "F06",
        "include_startup": false,
        "runs": [
            0.7346198558807373,
            0.5405018329620361,
            0.6980929374694824,
            0.5404300689697266,
            0.719386100769043,
            0.544025182723999,
            0.7018530368804932,
            0.7039139270782471,
            0.7094829082489014,
            0.7224900722503662
        ],
        "average": 0.6614795923233032,
        "min": 0.5404300689697266,
        "max": 0.7346198558807373
    },
    "f06_startup": {
        "class": "F06",
        "include_startup": true,
        "runs": [
            0.5993468761444092,
            0.5400841236114502,
            0.5386090278625488,
            0.7233598232269287,
            0.7045400142669678,
            0.7264108657836914,
            0.7259678840637207,
            0.7435441017150879,
            0.7475471496582031,
            0.7024857997894287
        ],
        "average": 0.6751895666122436,
        "min": 0.5386090278625488,
        "max": 0.7475471496582031
    }
}