{
    "f06": {
        "class": "F06",
        "include_startup": false,
        "runs": [
            0.7221860885620117,
            0.7439558506011963,
            0.7180469036102295,
            0.7054688930511475,
            0.7398369312286377,
            0.6095809936523438,
            0.698714017868042,
            0.7435920238494873,
            0.7217121124267578,
            0.7294111251831055
        ],
        "average": 0.7132504940032959,
        "min": 0.6095809936523438,
        "max": 0.7439558506011963
    },
    "f06_startup": {
        "class": "F06",
        "include_startup": true,
        "runs": [
            0.7255480289459229,
            0.7301831245422363,
            0.7236919403076172,
            0.589771032333374,
            0.7355217933654785,
            0.7114360332489014,
            0.6999921798706055,
            0.6038098335266113,
            0.7008681297302246,
            0.7217388153076172
        ],
        "average": 0.6942560911178589,
        "min": 0.589771032333374,
        "max": 0.7355217933654785
    }
}