{
    "f06": {
        "class": "F06",
        "include_startup": false,
        "runs": [
            0.007731914520263672,
            0.006936073303222656,
            0.007091045379638672,
            0.007136106491088867,
            0.007066965103149414,
            0.005021095275878906,
            0.0035889148712158203,
            0.0035829544067382812,
            0.0035660266876220703,
            0.0037598609924316406
        ],
        "average": 0.005548095703125,
        "min": 0.0035660266876220703,
        "max": 0.007731914520263672
    },
    "f06_startup": {
        "class": "F06",
        "include_startup": true,
        "runs": [
            0.004144906997680664,
            0.0037679672241210938,
            0.003693103790283203,
            0.0036759376525878906,
            0.003701925277709961,
            0.0036890506744384766,
            0.0037021636962890625,
            0.0036988258361816406,
            0.0037059783935546875,
            0.004168987274169922
        ],
        "average": 0.00379488468170166,
        "min": 0.0036759376525878906,
        "max": 0.004168987274169922
    },
    "fin06": {
        "class": "FIn06",
        "include_startup": false,
        "runs": [
            0.004575014114379883,
            0.004079103469848633,
            0.004091024398803711,
            0.004091978073120117,
            0.004063844680786133,
            0.004032135009765625,
            0.004067897796630859,
            0.0045659542083740234,
            0.004094839096069336,
            0.004096031188964844
        ],
        "average": 0.004175782203674316,
        "min": 0.004032135009765625,
        "max": 0.004575014114379883
    },
    "fin06_startup": {
        "class": "FIn06",
        "include_startup": true,
        "runs": [
            0.004204988479614258,
            0.003805875778198242,
            0.0037741661071777344,
            0.0037970542907714844,
            0.004114866256713867,
            0.003865957260131836,
            0.0037899017333984375,
            0.003815889358520508,
            0.0037839412689208984,
            0.003799915313720703
        ],
        "average": 0.003875255584716797,
        "min": 0.0037741661071777344,
        "max": 0.004204988479614258
    },
    "p16": {
        "class": "P16",
        "include_startup": false,
        "runs": [
            0.004063129425048828,
            0.0035779476165771484,
            0.003386974334716797,
            0.003509998321533203,
            0.003434896469116211,
            0.003481149673461914,
            0.0038709640502929688,
            0.0040438175201416016,
            0.003579854965209961,
            0.003557920455932617
        ],
        "average": 0.003650665283203125,
        "min": 0.003386974334716797,
        "max": 0.004063129425048828
    },
    "p16_startup": {
        "class": "P16",
        "include_startup": true,
        "runs": [
            0.004266977310180664,
            0.003785848617553711,
            0.0037648677825927734,
            0.0037779808044433594,
            0.003796100616455078,
            0.003749847412109375,
            0.003793001174926758,
            0.003731966018676758,
            0.0038480758666992188,
            0.003782033920288086
        ],
        "average": 0.003829669952392578,
        "min": 0.003731966018676758,
        "max": 0.004266977310180664
    },
    "pin16": {
        "class": "PIn16",
        "include_startup": false,
        "runs": [
            0.004698991775512695,
            0.004212141036987305,
            0.00429987907409668,
            0.00414586067199707,
            0.004122018814086914,
            0.004180908203125,
            0.00419306755065918,
            0.004114866256713867,
            0.004188060760498047,
            0.004143953323364258
        ],
        "average": 0.004229974746704101,
        "min": 0.004114866256713867,
        "max": 0.004698991775512695
    },
    "pin16_startup": {
        "class": "PIn16",
        "include_startup": true,
        "runs": [
            0.0032830238342285156,
            0.002958059310913086,
            0.002978086471557617,
            0.00298309326171875,
            0.0029709339141845703,
            0.0029909610748291016,
            0.0029931068420410156,
            0.003407001495361328,
            0.002992868423461914,
            0.0029649734497070312
        ],
        "average": 0.003052210807800293,
        "min": 0.002958059310913086,
        "max": 0.003407001495361328
    },
    "z26": {
        "class": "Z26",
        "include_startup": false,
        "runs": [
            0.004697084426879883,
            0.0037589073181152344,
            0.0037260055541992188,
            0.0037178993225097656,
            0.003759145736694336,
            0.0036840438842773438,
            0.003718852996826172,
            0.0037038326263427734,
            0.0037491321563720703,
            0.0036919116973876953
        ],
        "average": 0.0038206815719604493,
        "min": 0.0036840438842773438,
        "max": 0.004697084426879883
    },
    "z26_startup": {
        "class": "Z26",
        "include_startup": true,
        "runs": [
            0.003214120864868164,
            0.0028009414672851562,
            0.002846956253051758,
            0.0028650760650634766,
            0.002853870391845703,
            0.0028209686279296875,
            0.002804994583129883,
            0.002752065658569336,
            0.0028181076049804688,
            0.002788066864013672
        ],
        "average": 0.0028565168380737306,
        "min": 0.002752065658569336,
        "max": 0.003214120864868164
    },
    "zin26": {
        "class": "ZIn26",
        "include_startup": false,
        "runs": [
            0.004328012466430664,
            0.0039038658142089844,
            0.0038330554962158203,
            0.003849029541015625,
            0.0038352012634277344,
            0.0038118362426757812,
            0.0038361549377441406,
            0.0037920475006103516,
            0.0038270950317382812,
            0.0038230419158935547
        ],
        "average": 0.0038839340209960937,
        "min": 0.0037920475006103516,
        "max": 0.004328012466430664
    },
    "zin26_startup": {
        "class": "ZIn26",
        "include_startup": true,
        "runs": [
            0.004611968994140625,
            0.0041351318359375,
            0.00445103645324707,
            0.0041961669921875,
            0.004235029220581055,
            0.004202842712402344,
            0.004124879837036133,
            0.004134178161621094,
            0.004148960113525391,
            0.004113912582397461
        ],
        "average": 0.004235410690307617,
        "min": 0.004113912582397461,
        "max": 0.004611968994140625
    }
}