{
    "f06": {
        "class": "F06",
        "include_startup": false,
        "runs": [
            0.004261016845703125,
            0.0036249160766601562,
            0.0036160945892333984,
            0.0036149024963378906,
            0.003654003143310547,
            0.0036160945892333984,
            0.003604888916015625,
            0.0035970211029052734,
            0.003584146499633789,
            0.0035970211029052734
        ],
        "average": 0.0036770105361938477,
        "min": 0.003584146499633789,
        "max": 0.004261016845703125
    },
    "f06_startup": {
        "class": "F06",
        "include_startup": true,
        "runs": [
            0.004162788391113281,
            0.0037450790405273438,
            0.003751039505004883,
            0.0037539005279541016,
            0.0037140846252441406,
            0.0037369728088378906,
            0.0037491321563720703,
            0.0038111209869384766,
            0.003757953643798828,
            0.003741025924682617
        ],
        "average": 0.0037923097610473634,
        "min": 0.0037140846252441406,
        "max": 0.004162788391113281
    },
    "fin06": {
        "class": "FIn06",
        "include_startup": false,
        "runs": [
            0.004448890686035156,
            0.004052877426147461,
            0.004044055938720703,
            0.004050016403198242,
            0.004052877426147461,
            0.004060983657836914,
            0.004040956497192383,
            0.004060029983520508,
            0.004330873489379883,
            0.004078865051269531
        ],
        "average": 0.004122042655944824,
        "min": 0.004040956497192383,
        "max": 0.004448890686035156
    },
    "fin06_startup": {
        "class": "FIn06",
        "include_startup": true,
        "runs": [
            0.004409074783325195,
            0.0038950443267822266,
            0.003865957260131836,
            0.003916025161743164,
            0.0038640499114990234,
            0.0038590431213378906,
            0.003869771957397461,
            0.0038299560546875,
            0.0038480758666992188,
            0.003802061080932617
        ],
        "average": 0.003915905952453613,
        "min": 0.003802061080932617,
        "max": 0.004409074783325195
    },
    "p16": {
        "class": "P16",
        "include_startup": false,
        "runs": [
            0.0037848949432373047,
            0.0034189224243164062,
            0.003426074981689453,
            0.0034329891204833984,
            0.0033888816833496094,
            0.003370046615600586,
            0.0033898353576660156,
            0.003390073776245117,
            0.0033600330352783203,
            0.0033309459686279297
        ],
        "average": 0.003429269790649414,
        "min": 0.0033309459686279297,
        "max": 0.0037848949432373047
    },
    "p16_startup": {
        "class": "P16",
        "include_startup": true,
        "runs": [
            0.004097938537597656,
            0.003670930862426758,
            0.003665924072265625,
            0.0036449432373046875,
            0.0036590099334716797,
            0.0036950111389160156,
            0.003877878189086914,
            0.003659963607788086,
            0.0036711692810058594,
            0.003614187240600586
        ],
        "average": 0.003725695610046387,
        "min": 0.003614187240600586,
        "max": 0.004097938537597656
    },
    "pin16": {
        "class": "PIn16",
        "include_startup": false,
        "runs": [
            0.004250049591064453,
            0.0037441253662109375,
            0.0037288665771484375,
            0.003740072250366211,
            0.0037250518798828125,
            0.003702878952026367,
            0.003719806671142578,
            0.003760099411010742,
            0.0037610530853271484,
            0.0037741661071777344
        ],
        "average": 0.003790616989135742,
        "min": 0.003702878952026367,
        "max": 0.004250049591064453
    },
    "pin16_startup": {
        "class": "PIn16",
        "include_startup": true,
        "runs": [
            0.004476070404052734,
            0.004096031188964844,
            0.004093170166015625,
            0.004077911376953125,
            0.0041081905364990234,
            0.004101991653442383,
            0.004075050354003906,
            0.004076957702636719,
            0.004091978073120117,
            0.00409698486328125
        ],
        "average": 0.004129433631896972,
        "min": 0.004075050354003906,
        "max": 0.004476070404052734
    },
    "z26": {
        "class": "Z26",
        "include_startup": false,
        "runs": [
            0.003931999206542969,
            0.0033249855041503906,
            0.003329038619995117,
            0.003532886505126953,
            0.0035550594329833984,
            0.003515958786010742,
            0.003387928009033203,
            0.003545999526977539,
            0.003489971160888672,
            0.003464937210083008
        ],
        "average": 0.0035078763961791993,
        "min": 0.0033249855041503906,
        "max": 0.003931999206542969
    },
    "z26_startup": {
        "class": "Z26",
        "include_startup": true,
        "runs": [
            0.004300117492675781,
            0.0038881301879882812,
            0.0038368701934814453,
            0.0038008689880371094,
            0.003782033920288086,
            0.003756999969482422,
            0.003787994384765625,
            0.003761768341064453,
            0.0037789344787597656,
            0.003756999969482422
        ],
        "average": 0.003845071792602539,
        "min": 0.003756999969482422,
        "max": 0.004300117492675781
    },
    "zin26": {
        "class": "ZIn26",
        "include_startup": false,
        "runs": [
            0.004264116287231445,
            0.003793001174926758,
            0.0038788318634033203,
            0.003782033920288086,
            0.0038161277770996094,
            0.003793954849243164,
            0.0037970542907714844,
            0.0037949085235595703,
            0.0038042068481445312,
            0.0038118362426757812
        ],
        "average": 0.003853607177734375,
        "min": 0.003782033920288086,
        "max": 0.004264116287231445
    },
    "zin26_startup": {
        "class": "ZIn26",
        "include_startup": true,
        "runs": [
            0.00327301025390625,
            0.0030031204223632812,
            0.0031549930572509766,
            0.002950906753540039,
            0.00290679931640625,
            0.0029201507568359375,
            0.002914905548095703,
            0.0028870105743408203,
            0.0029468536376953125,
            0.002893209457397461
        ],
        "average": 0.002985095977783203,
        "min": 0.0028870105743408203,
        "max": 0.00327301025390625
    }
}