{
    "f06": {
        "class": "F06",
        "include_startup": false,
        "runs": [
            0.006222963333129883,
            0.006139993667602539,
            0.006124973297119141,
            0.006140947341918945,
            0.0060710906982421875,
            0.006061077117919922,
            0.00605010986328125,
            0.0061550140380859375,
            0.006062030792236328,
            0.006062030792236328
        ],
        "average": 0.006109023094177246,
        "min": 0.00605010986328125,
        "max": 0.006222963333129883
    },
    "f06_startup": {
        "class": "F06",
        "include_startup": true,
        "runs": [
            0.006474018096923828,
            0.00630497932434082,
            0.0064239501953125,
            0.0062978267669677734,
            0.006357908248901367,
            0.005923032760620117,
            0.005767107009887695,
            0.00577092170715332,
            0.005742073059082031,
            0.005708932876586914
        ],
        "average": 0.006077075004577636,
        "min": 0.005708932876586914,
        "max": 0.006474018096923828
    },
    "fin06": {
        "class": "FIn06",
        "include_startup": false,
        "runs": [
            0.005738973617553711,
            0.005655050277709961,
            0.005640983581542969,
            0.005682945251464844,
            0.005689859390258789,
            0.006344795227050781,
            0.006086111068725586,
            0.006070852279663086,
            0.006057024002075195,
            0.006106853485107422
        ],
        "average": 0.0059073448181152345,
        "min": 0.005640983581542969,
        "max": 0.006344795227050781
    },
    "fin06_startup": {
        "class": "FIn06",
        "include_startup": true,
        "runs": [
            0.006493091583251953,
            0.006395101547241211,
            0.006302833557128906,
            0.006352901458740234,
            0.006295919418334961,
            0.006333112716674805,
            0.006217002868652344,
            0.006155967712402344,
            0.0061719417572021484,
            0.0063250064849853516
        ],
        "average": 0.0063042879104614254,
        "min": 0.006155967712402344,
        "max": 0.006493091583251953
    },
    "p16": {
        "class": "P16",
        "include_startup": false,
        "runs": [
            0.005608081817626953,
            0.006447792053222656,
            0.006106138229370117,
            0.008478879928588867,
            0.006127834320068359,
            0.005922079086303711,
            0.010288000106811523,
            0.007771015167236328,
            0.005856990814208984,
            0.006289958953857422
        ],
        "average": 0.0068896770477294925,
        "min": 0.005608081817626953,
        "max": 0.010288000106811523
    },
    "p16_startup": {
        "class": "P16",
        "include_startup": true,
        "runs": [
            0.0063130855560302734,
            0.0059051513671875,
            0.005908012390136719,
            0.006506919860839844,
            0.0063588619232177734,
            0.006451845169067383,
            0.0058879852294921875,
            0.00532078742980957,
            0.00586700439453125,
            0.005966901779174805
        ],
        "average": 0.006048655509948731,
        "min": 0.00532078742980957,
        "max": 0.006506919860839844
    },
    "pin16": {
        "class": "PIn16",
        "include_startup": false,
        "runs": [
            0.006011009216308594,
            0.005994081497192383,
            0.006102800369262695,
            0.0062868595123291016,
            0.006131887435913086,
            0.005661964416503906,
            0.004405021667480469,
            0.0066471099853515625,
            0.01038813591003418,
            0.005621194839477539
        ],
        "average": 0.0063250064849853516,
        "min": 0.004405021667480469,
        "max": 0.01038813591003418
    },
    "pin16_startup": {
        "class": "PIn16",
        "include_startup": true,
        "runs": [
            0.005903005599975586,
            0.006386995315551758,
            0.006422996520996094,
            0.007113933563232422,
            0.006451129913330078,
            0.006788015365600586,
            0.0066699981689453125,
            0.006323099136352539,
            0.005864143371582031,
            0.006443023681640625
        ],
        "average": 0.006436634063720703,
        "min": 0.005864143371582031,
        "max": 0.007113933563232422
    }
}