{
    "f06": {
        "class": "F06",
        "include_startup": false,
        "runs": [
            0.3239319324493408,
            0.32375597953796387,
            0.3349330425262451,
            0.18552494049072266,
            0.31409716606140137,
            0.33821892738342285,
            0.3311800956726074,
            0.3417799472808838,
            0.3271620273590088,
            0.3313901424407959
        ],
        "average": 0.31519742012023927,
        "min": 0.18552494049072266,
        "max": 0.3417799472808838
    },
    "f06_startup": {
        "class": "F06",
        "include_startup": true,
        "runs": [
            0.3295300006866455,
            0.3180809020996094,
            0.3319430351257324,
            0.3367490768432617,
            0.3416750431060791,
            0.3344910144805908,
            0.34128689765930176,
            0.3330540657043457,
            0.3382151126861572,
            0.29534101486206055
        ],
        "average": 0.3300366163253784,
        "min": 0.29534101486206055,
        "max": 0.3416750431060791
    },
    "fin06": {
        "class": "FIn06",
        "include_startup": false,
        "runs": [
            0.3331449031829834,
            0.2496778964996338,
            0.3298311233520508,
            0.3273501396179199,
            0.31677699089050293,
            0.3319849967956543,
            0.33461594581604004,
            0.3428308963775635,
            0.3214609622955322,
            0.3390800952911377
        ],
        "average": 0.32267539501190184,
        "min": 0.2496778964996338,
        "max": 0.3428308963775635
    },
    "fin06_startup": {
        "class": "FIn06",
        "include_startup": true,
        "runs": [
            0.3394341468811035,
            0.3736271858215332,
            0.32991695404052734,
            0.28083086013793945,
            0.3414778709411621,
            0.3169128894805908,
            0.34017181396484375,
            0.33262109756469727,
            0.3545670509338379,
            0.3393590450286865
        ],
        "average": 0.33489189147949217,
        "min": 0.28083086013793945,
        "max": 0.3736271858215332
    }
}