{
    "f06": {
        "class": "F06",
        "include_startup": false,
        "runs": [
            0.0060100555419921875,
            0.006788969039916992,
            0.005983114242553711,
            0.005973100662231445,
            0.005897045135498047,
            0.0061550140380859375,
            0.006083011627197266,
            0.006092071533203125,
            0.0062351226806640625,
            0.006509065628051758
        ],
        "average": 0.006172657012939453,
        "min": 0.005897045135498047,
        "max": 0.006788969039916992
    },
    "f06_startup": {
        "class": "F06",
        "include_startup": true,
        "runs": [
            0.005362987518310547,
            0.0053060054779052734,
            0.005263805389404297,
            0.005228996276855469,
            0.005259990692138672,
            0.004477977752685547,
            0.0043637752532958984,
            0.0043849945068359375,
            0.004369020462036133,
            0.004333019256591797
        ],
        "average": 0.004835057258605957,
        "min": 0.004333019256591797,
        "max": 0.005362987518310547
    },
    "fin06": {
        "class": "FIn06",
        "include_startup": false,
        "runs": [
            0.0060579776763916016,
            0.006056070327758789,
            0.006041049957275391,
            0.006016969680786133,
            0.005970001220703125,
            0.0043010711669921875,
            0.0043370723724365234,
            0.004307985305786133,
            0.004369020462036133,
            0.004366874694824219
        ],
        "average": 0.005182409286499023,
        "min": 0.0043010711669921875,
        "max": 0.0060579776763916016
    },
    "fin06_startup": {
        "class": "FIn06",
        "include_startup": true,
        "runs": [
            0.006422996520996094,
            0.006287813186645508,
            0.00624394416809082,
            0.006372928619384766,
            0.006235837936401367,
            0.006364107131958008,
            0.0062220096588134766,
            0.00613713264465332,
            0.006150960922241211,
            0.0061228275299072266
        ],
        "average": 0.0062560558319091795,
        "min": 0.0061228275299072266,
        "max": 0.006422996520996094
    },
    "p16": {
        "class": "P16",
        "include_startup": false,
        "runs": [
            0.006392002105712891,
            0.005970954895019531,
            0.005850076675415039,
            0.006193876266479492,
            0.006157875061035156,
            0.00563812255859375,
            0.006167888641357422,
            0.0052258968353271484,
            0.005654096603393555,
            0.006133079528808594
        ],
        "average": 0.005938386917114258,
        "min": 0.0052258968353271484,
        "max": 0.006392002105712891
    },
    "p16_startup": {
        "class": "P16",
        "include_startup": true,
        "runs": [
            0.005445003509521484,
            0.00645899772644043,
            0.0054361820220947266,
            0.006515026092529297,
            0.0064449310302734375,
            0.006369113922119141,
            0.005970001220703125,
            0.006381988525390625,
            0.006433010101318359,
            0.006474018096923828
        ],
        "average": 0.006192827224731445,
        "min": 0.0054361820220947266,
        "max": 0.006515026092529297
    },
    "pin16": {
        "class": "PIn16",
        "include_startup": false,
        "runs": [
            0.006161928176879883,
            0.006247043609619141,
            0.008404970169067383,
            0.006114006042480469,
            0.0059010982513427734,
            0.005486011505126953,
            0.0043370723724365234,
            0.005658864974975586,
            0.006040096282958984,
            0.005806922912597656
        ],
        "average": 0.006015801429748535,
        "min": 0.0043370723724365234,
        "max": 0.008404970169067383
    },
    "pin16_startup": {
        "class": "PIn16",
        "include_startup": true,
        "runs": [
            0.0058820247650146484,
            0.004514932632446289,
            0.006356000900268555,
            0.006106138229370117,
            0.006248950958251953,
            0.004738807678222656,
            0.0058460235595703125,
            0.006422996520996094,
            0.006482839584350586,
            0.006345033645629883
        ],
        "average": 0.005894374847412109,
        "min": 0.004514932632446289,
        "max": 0.006482839584350586
    }
}