{
    "f06": {
        "class": "F06",
        "include_startup": false,
        "runs": [
            0.3444671630859375,
            0.31810903549194336,
            0.3097529411315918,
            0.3766500949859619,
            0.31943202018737793,
            0.3392508029937744,
            0.31913304328918457,
            0.3457169532775879,
            0.34863901138305664,
            0.3291759490966797
        ],
        "average": 0.33503270149230957,
        "min": 0.3097529411315918,
        "max": 0.3766500949859619
    },
    "f06_startup": {
        "class": "F06",
        "include_startup": true,
        "runs": [
            0.33564209938049316,
            0.33632612228393555,
            0.3266170024871826,
            0.3244621753692627,
            0.3266029357910156,
            0.3072700500488281,
            0.2818779945373535,
            0.3508279323577881,
            0.3180270195007324,
            0.3220400810241699
        ],
        "average": 0.3229693412780762,
        "min": 0.2818779945373535,
        "max": 0.3508279323577881
    },
    "fin06": {
        "class": "FIn06",
        "include_startup": false,
        "runs": [
            0.3369619846343994,
            0.31750011444091797,
            0.33904409408569336,
            0.331928014755249,
            0.3310708999633789,
            0.33996105194091797,
            0.336061954498291,
            0.3393261432647705,
            0.33072614669799805,
            0.3186359405517578
        ],
        "average": 0.3321216344833374,
        "min": 0.31750011444091797,
        "max": 0.33996105194091797
    },
    "fin06_startup": {
        "class": "FIn06",
        "include_startup": true,
        "runs": [
            0.2737588882446289,
            0.33265209197998047,
            0.3447229862213135,
            0.3362758159637451,
            0.33979082107543945,
            0.2997448444366455,
            0.33881497383117676,
            0.32057881355285645,
            0.33054494857788086,
            0.3219161033630371
        ],
        "average": 0.3238800287246704,
        "min": 0.2737588882446289,
        "max": 0.3447229862213135
    }
}