{
    "f06": {
        "class": "F06",
        "include_startup": false,
        "runs": [
            0.001171112060546875,
            0.0007870197296142578,
            0.0007760524749755859,
            0.0007839202880859375,
            0.0007691383361816406,
            0.0007848739624023438,
            0.0007801055908203125,
            0.00078582763671875,
            0.0007741451263427734,
            0.0007879734039306641
        ],
        "average": 0.0008200168609619141,
        "min": 0.0007691383361816406,
        "max": 0.001171112060546875
    },
    "f06_startup": {
        "class": "F06",
        "include_startup": true,
        "runs": [
            0.003164052963256836,
            0.0009930133819580078,
            0.0008950233459472656,
            0.0008890628814697266,
            0.0008780956268310547,
            0.0008831024169921875,
            0.0008671283721923828,
            0.00086212158203125,
            0.0008671283721923828,
            0.0008652210235595703
        ],
        "average": 0.0011163949966430664,
        "min": 0.00086212158203125,
        "max": 0.003164052963256836
    },
    "p16": {
        "class": "P16",
        "include_startup": false,
        "runs": [
            0.0012290477752685547,
            0.00084686279296875,
            0.0008339881896972656,
            0.0008189678192138672,
            0.0008220672607421875,
            0.0008158683776855469,
            0.0008249282836914062,
            0.0008249282836914062,
            0.0008370876312255859,
            0.0008180141448974609
        ],
        "average": 0.0008671760559082031,
        "min": 0.0008158683776855469,
        "max": 0.0012290477752685547
    },
    "p16_startup": {
        "class": "P16",
        "include_startup": true,
        "runs": [
            0.0033638477325439453,
            0.0009529590606689453,
            0.0009109973907470703,
            0.0009360313415527344,
            0.0009181499481201172,
            0.0009548664093017578,
            0.0009129047393798828,
            0.0009250640869140625,
            0.0008981227874755859,
            0.0009191036224365234
        ],
        "average": 0.0011692047119140625,
        "min": 0.0008981227874755859,
        "max": 0.0033638477325439453
    },
    "z26": {
        "class": "Z26",
        "include_startup": false,
        "runs": [
            0.0010528564453125,
            0.0006999969482421875,
            0.0006780624389648438,
            0.0006871223449707031,
            0.0006661415100097656,
            0.0006802082061767578,
            0.0006780624389648438,
            0.0006830692291259766,
            0.0006840229034423828,
            0.0006759166717529297
        ],
        "average": 0.0007185459136962891,
        "min": 0.0006661415100097656,
        "max": 0.0010528564453125
    },
    "z26_startup": {
        "class": "Z26",
        "include_startup": true,
        "runs": [
            0.0033469200134277344,
            0.0009610652923583984,
            0.0009508132934570312,
            0.0009601116180419922,
            0.0009531974792480469,
            0.0009601116180419922,
            0.0009500980377197266,
            0.0009582042694091797,
            0.0009450912475585938,
            0.0009410381317138672
        ],
        "average": 0.0011926651000976562,
        "min": 0.0009410381317138672,
        "max": 0.0033469200134277344
    }
}