{
    "f06": {
        "class": "F06",
        "include_startup": false,
        "runs": [
            0.0006229877471923828,
            0.00061798095703125,
            0.0005979537963867188,
            0.0006189346313476562,
            0.0006248950958251953,
            0.0005939006805419922,
            0.0006110668182373047,
            0.0005841255187988281,
            0.0006117820739746094,
            0.0005919933319091797
        ],
        "average": 0.0006075620651245118,
        "min": 0.0005841255187988281,
        "max": 0.0006248950958251953
    },
    "f06_startup": {
        "class": "F06",
        "include_startup": true,
        "runs": [
            0.0006029605865478516,
            0.0005669593811035156,
            0.0006260871887207031,
            0.0007481575012207031,
            0.0006420612335205078,
            0.0007829666137695312,
            0.0008270740509033203,
            0.0008180141448974609,
            0.0008280277252197266,
            0.0008339881896972656
        ],
        "average": 0.0007276296615600586,
        "min": 0.0005669593811035156,
        "max": 0.0008339881896972656
    },
    "p16": {
        "class": "P16",
        "include_startup": false,
        "runs": [
            0.0005891323089599609,
            0.0006308555603027344,
            0.0005819797515869141,
            0.0006229877471923828,
            0.0005578994750976562,
            0.0006730556488037109,
            0.0007081031799316406,
            0.0005841255187988281,
            0.0006439685821533203,
            0.0006518363952636719
        ],
        "average": 0.000624394416809082,
        "min": 0.0005578994750976562,
        "max": 0.0007081031799316406
    },
    "p16_startup": {
        "class": "P16",
        "include_startup": true,
        "runs": [
            0.000576019287109375,
            0.0006401538848876953,
            0.0006349086761474609,
            0.0006220340728759766,
            0.0005879402160644531,
            0.0005998611450195312,
            0.0005748271942138672,
            0.0004978179931640625,
            0.0006489753723144531,
            0.0006761550903320312
        ],
        "average": 0.0006058692932128906,
        "min": 0.0004978179931640625,
        "max": 0.0006761550903320312
    }
}