{
    "f06": {
        "class": "F06",
        "include_startup": false,
        "runs": [
            0.001338958740234375,
            0.0008859634399414062,
            0.0008540153503417969,
            0.0008611679077148438,
            0.0009098052978515625,
            0.0008940696716308594,
            0.0009109973907470703,
            0.0009031295776367188,
            0.0009100437164306641,
            0.0009019374847412109
        ],
        "average": 0.0009370088577270508,
        "min": 0.0008540153503417969,
        "max": 0.001338958740234375
    },
    "f06_startup": {
        "class": "F06",
        "include_startup": true,
        "runs": [
            0.002460956573486328,
            0.0007259845733642578,
            0.0007178783416748047,
            0.0007081031799316406,
            0.0007200241088867188,
            0.0007138252258300781,
            0.0007081031799316406,
            0.0007112026214599609,
            0.0007090568542480469,
            0.0007729530334472656
        ],
        "average": 0.0008948087692260742,
        "min": 0.0007081031799316406,
        "max": 0.002460956573486328
    },
    "p16": {
        "class": "P16",
        "include_startup": false,
        "runs": [
            0.0012879371643066406,
            0.0009129047393798828,
            0.0008599758148193359,
            0.0008709430694580078,
            0.0008630752563476562,
            0.0008649826049804688,
            0.0008609294891357422,
            0.0008668899536132812,
            0.0008668899536132812,
            0.00086212158203125
        ],
        "average": 0.0009116649627685547,
        "min": 0.0008599758148193359,
        "max": 0.0012879371643066406
    },
    "p16_startup": {
        "class": "P16",
        "include_startup": true,
        "runs": [
            0.0033130645751953125,
            0.000904083251953125,
            0.0008881092071533203,
            0.0008869171142578125,
            0.0008821487426757812,
            0.0008528232574462891,
            0.0008711814880371094,
            0.0008749961853027344,
            0.000885009765625,
            0.0008909702301025391
        ],
        "average": 0.0011249303817749024,
        "min": 0.0008528232574462891,
        "max": 0.0033130645751953125
    },
    "z26": {
        "class": "Z26",
        "include_startup": false,
        "runs": [
            0.0012590885162353516,
            0.0007929801940917969,
            0.0008111000061035156,
            0.0007948875427246094,
            0.0007891654968261719,
            0.0008258819580078125,
            0.0007920265197753906,
            0.0007860660552978516,
            0.0007998943328857422,
            0.0008029937744140625
        ],
        "average": 0.0008454084396362305,
        "min": 0.0007860660552978516,
        "max": 0.0012590885162353516
    },
    "z26_startup": {
        "class": "Z26",
        "include_startup": true,
        "runs": [
            0.003309965133666992,
            0.0009648799896240234,
            0.0009639263153076172,
            0.0009510517120361328,
            0.0009469985961914062,
            0.0009489059448242188,
            0.0009419918060302734,
            0.0009489059448242188,
            0.0009469985961914062,
            0.0009429454803466797
        ],
        "average": 0.0011866569519042968,
        "min": 0.0009419918060302734,
        "max": 0.003309965133666992
    }
}