{
    "f06": {
        "class": "F06",
        "include_startup": false,
        "runs": [
            0.0006530284881591797,
            0.0006139278411865234,
            0.0006082057952880859,
            0.0006098747253417969,
            0.00061798095703125,
            0.0006248950958251953,
            0.0005791187286376953,
            0.0005991458892822266,
            0.0005910396575927734,
            0.0006039142608642578
        ],
        "average": 0.0006101131439208984,
        "min": 0.0005791187286376953,
        "max": 0.0006530284881591797
    },
    "f06_startup": {
        "class": "F06",
        "include_startup": true,
        "runs": [
            0.0005631446838378906,
            0.0005710124969482422,
            0.0005800724029541016,
            0.0005609989166259766,
            0.0005857944488525391,
            0.0007150173187255859,
            0.0006999969482421875,
            0.0007441043853759766,
            0.0007240772247314453,
            0.0006949901580810547
        ],
        "average": 0.0006439208984375,
        "min": 0.0005609989166259766,
        "max": 0.0007441043853759766
    },
    "p16": {
        "class": "P16",
        "include_startup": false,
        "runs": [
            0.0006148815155029297,
            0.0005707740783691406,
            0.0005898475646972656,
            0.0006060600280761719,
            0.0005788803100585938,
            0.00049591064453125,
            0.0006010532379150391,
            0.0006139278411865234,
            0.0005381107330322266,
            0.0004730224609375
        ],
        "average": 0.0005682468414306641,
        "min": 0.0004730224609375,
        "max": 0.0006148815155029297
    },
    "p16_startup": {
        "class": "P16",
        "include_startup": true,
        "runs": [
            0.0006139278411865234,
            0.0006310939788818359,
            0.0006089210510253906,
            0.0006549358367919922,
            0.0006091594696044922,
            0.0005710124969482422,
            0.0006511211395263672,
            0.0006258487701416016,
            0.0007338523864746094,
            0.0008330345153808594
        ],
        "average": 0.0006532907485961914,
        "min": 0.0005710124969482422,
        "max": 0.0008330345153808594
    }
}