{
    "f06": {
        "class": "F06",
        "include_startup": false,
        "runs": [
            0.001194000244140625,
            0.0012891292572021484,
            0.0012149810791015625,
            0.0012309551239013672,
            0.001219034194946289,
            0.0012362003326416016,
            0.001207113265991211,
            0.001203775405883789,
            0.0012290477752685547,
            0.0012009143829345703
        ],
        "average": 0.001222515106201172,
        "min": 0.001194000244140625,
        "max": 0.0012891292572021484
    },
    "f06_startup": {
        "class": "F06",
        "include_startup": true,
        "runs": [
            0.001322031021118164,
            0.0011050701141357422,
            0.0011150836944580078,
            0.0011091232299804688,
            0.002407073974609375,
            0.001085042953491211,
            0.0010929107666015625,
            0.00109100341796875,
            0.0011229515075683594,
            0.0010759830474853516
        ],
        "average": 0.0012526273727416991,
        "min": 0.0010759830474853516,
        "max": 0.002407073974609375
    },
    "fin06": {
        "class": "FIn06",
        "include_startup": false,
        "runs": [
            0.0009310245513916016,
            0.0009520053863525391,
            0.0009529590606689453,
            0.0009491443634033203,
            0.0009589195251464844,
            0.0009429454803466797,
            0.000946044921875,
            0.0009529590606689453,
            0.0009500980377197266,
            0.0009958744049072266
        ],
        "average": 0.0009531974792480469,
        "min": 0.0009310245513916016,
        "max": 0.0009958744049072266
    },
    "fin06_startup": {
        "class": "FIn06",
        "include_startup": true,
        "runs": [
            0.001605987548828125,
            0.0013470649719238281,
            0.0014219284057617188,
            0.0013349056243896484,
            0.001363992691040039,
            0.001354217529296875,
            0.0013549327850341797,
            0.0013370513916015625,
            0.0013470649719238281,
            0.0013039112091064453
        ],
        "average": 0.001377105712890625,
        "min": 0.0013039112091064453,
        "max": 0.001605987548828125
    },
    "p16": {
        "class": "P16",
        "include_startup": false,
        "runs": [
            0.0013990402221679688,
            0.0014450550079345703,
            0.0013730525970458984,
            0.001461029052734375,
            0.0013208389282226562,
            0.00138092041015625,
            0.001338958740234375,
            0.0013320446014404297,
            0.0013301372528076172,
            0.0014331340789794922
        ],
        "average": 0.0013814210891723634,
        "min": 0.0013208389282226562,
        "max": 0.001461029052734375
    },
    "p16_startup": {
        "class": "P16",
        "include_startup": true,
        "runs": [
            0.0016469955444335938,
            0.0013570785522460938,
            0.001383066177368164,
            0.001355886459350586,
            0.0013289451599121094,
            0.001344919204711914,
            0.0013380050659179688,
            0.0013659000396728516,
            0.0013370513916015625,
            0.0013170242309570312
        ],
        "average": 0.0013774871826171876,
        "min": 0.0013170242309570312,
        "max": 0.0016469955444335938
    },
    "pin16": {
        "class": "PIn16",
        "include_startup": false,
        "runs": [
            0.0012919902801513672,
            0.0011889934539794922,
            0.001194000244140625,
            0.0011801719665527344,
            0.0011780261993408203,
            0.0011799335479736328,
            0.0012018680572509766,
            0.0011751651763916016,
            0.0011830329895019531,
            0.001219034194946289
        ],
        "average": 0.0011992216110229491,
        "min": 0.0011751651763916016,
        "max": 0.0012919902801513672
    },
    "pin16_startup": {
        "class": "PIn16",
        "include_startup": true,
        "runs": [
            0.0016970634460449219,
            0.0013689994812011719,
            0.001360177993774414,
            0.0013270378112792969,
            0.0014410018920898438,
            0.0013620853424072266,
            0.0013561248779296875,
            0.0013620853424072266,
            0.0013580322265625,
            0.0013229846954345703
        ],
        "average": 0.0013955593109130859,
        "min": 0.0013229846954345703,
        "max": 0.0016970634460449219
    },
    "z26": {
        "class": "Z26",
        "include_startup": false,
        "runs": [
            0.0012278556823730469,
            0.0012309551239013672,
            0.0012059211730957031,
            0.0011909008026123047,
            0.0012061595916748047,
            0.001207113265991211,
            0.0012049674987792969,
            0.0012059211730957031,
            0.0011980533599853516,
            0.0011980533599853516
        ],
        "average": 0.001207590103149414,
        "min": 0.0011909008026123047,
        "max": 0.0012309551239013672
    },
    "z26_startup": {
        "class": "Z26",
        "include_startup": true,
        "runs": [
            0.0017189979553222656,
            0.0014491081237792969,
            0.0014028549194335938,
            0.002221822738647461,
            0.0014350414276123047,
            0.001435995101928711,
            0.0014369487762451172,
            0.0014278888702392578,
            0.0013911724090576172,
            0.001397848129272461
        ],
        "average": 0.0015317678451538086,
        "min": 0.0013911724090576172,
        "max": 0.002221822738647461
    },
    "zin26": {
        "class": "ZIn26",
        "include_startup": false,
        "runs": [
            0.0011861324310302734,
            0.001238107681274414,
            0.0012428760528564453,
            0.0011990070343017578,
            0.001232147216796875,
            0.0013020038604736328,
            0.0012099742889404297,
            0.0011990070343017578,
            0.0012309551239013672,
            0.0012011528015136719
        ],
        "average": 0.0012241363525390624,
        "min": 0.0011861324310302734,
        "max": 0.0013020038604736328
    },
    "zin26_startup": {
        "class": "ZIn26",
        "include_startup": true,
        "runs": [
            0.0024089813232421875,
            0.0014331340789794922,
            0.0013828277587890625,
            0.0013761520385742188,
            0.0013401508331298828,
            0.0013360977172851562,
            0.0013720989227294922,
            0.0013267993927001953,
            0.0013120174407958984,
            0.001355886459350586
        ],
        "average": 0.0014644145965576171,
        "min": 0.0013120174407958984,
        "max": 0.0024089813232421875
    }
}