{
    "f06": {
        "class": "F06",
        "include_startup": false,
        "runs": [
            0.09897899627685547,
            0.10074400901794434,
            0.09859585762023926,
            0.09826493263244629,
            0.09841418266296387,
            0.10017609596252441,
            0.10882401466369629,
            0.10053491592407227,
            0.10023307800292969,
            0.09982490539550781
        ],
        "average": 0.10045909881591797,
        "min": 0.09826493263244629,
        "max": 0.10882401466369629
    },
    "f06_startup": {
        "class": "F06",
        "include_startup": true,
        "runs": [
            0.10051178932189941,
            0.10005807876586914,
            0.102996826171875,
            0.1007540225982666,
            0.10049200057983398,
            0.09949707984924316,
            0.10019898414611816,
            0.10147404670715332,
            0.09994792938232422,
            0.09949588775634766
        ],
        "average": 0.10054266452789307,
        "min": 0.09949588775634766,
        "max": 0.102996826171875
    },
    "fin06": {
        "class": "FIn06",
        "include_startup": false,
        "runs": [
            0.08201003074645996,
            0.07606101036071777,
            0.07558512687683105,
            0.0760500431060791,
            0.07558202743530273,
            0.09926295280456543,
            0.10306501388549805,
            0.10027003288269043,
            0.1001119613647461,
            0.10082793235778809
        ],
        "average": 0.08888261318206787,
        "min": 0.07558202743530273,
        "max": 0.10306501388549805
    },
    "fin06_startup": {
        "class": "FIn06",
        "include_startup": true,
        "runs": [
            0.07712912559509277,
            0.07691097259521484,
            0.07639908790588379,
            0.0780940055847168,
            0.07585906982421875,
            0.09782099723815918,
            0.09813499450683594,
            0.09843587875366211,
            0.0966792106628418,
            0.09775209426879883
        ],
        "average": 0.08732154369354247,
        "min": 0.07585906982421875,
        "max": 0.09843587875366211
    },
    "p16": {
        "class": "P16",
        "include_startup": false,
        "runs": [
            13.743322849273682,
            13.833025932312012,
            12.769536018371582,
            13.809325933456421,
            13.495758056640625,
            13.910035133361816,
            14.064841985702515,
            13.894506931304932,
            13.830976009368896,
            13.80589509010315
        ],
        "average": 13.715722393989562,
        "min": 12.769536018371582,
        "max": 14.064841985702515
    },
    "p16_startup": {
        "class": "P16",
        "include_startup": true,
        "runs": [
            13.835662126541138,
            13.913257122039795,
            13.611566066741943,
            13.946592092514038,
            13.572065114974976,
            13.962064981460571,
            13.844949960708618,
            13.480859994888306,
            14.02418303489685,
            13.814920902252197
        ],
        "average": 13.800612139701844,
        "min": 13.480859994888306,
        "max": 14.02418303489685
    },
    "pin16": {
        "class": "PIn16",
        "include_startup": false,
        "runs": [
            13.848339080810547,
            13.857898950576782,
            13.95482611656189,
            13.773436069488525,
            13.592578172683716,
            13.920496940612793,
            13.86025619506836,
            13.881255865097046,
            13.760787010192871,
            13.912333965301514
        ],
        "average": 13.836220836639404,
        "min": 13.592578172683716,
        "max": 13.95482611656189
    },
    "pin16_startup": {
        "class": "PIn16",
        "include_startup": true,
        "runs": [
            13.87761402130127,
            13.962217092514038,
            13.735347032546997,
            13.938906908035278,
            13.458271026611328,
            13.470600128173828,
            13.868616104125977,
            13.923711061477661,
            13.753180027008057,
            13.801813125610352
        ],
        "average": 13.779027652740478,
        "min": 13.458271026611328,
        "max": 13.962217092514038
    }
}