{
    "f06": {
        "class": "F06",
        "include_startup": false,
        "runs": [
            0.0011780261993408203,
            0.0012090206146240234,
            0.0011951923370361328,
            0.001210927963256836,
            0.0011980533599853516,
            0.0012180805206298828,
            0.0012090206146240234,
            0.0012199878692626953,
            0.001216888427734375,
            0.0012102127075195312
        ],
        "average": 0.0012065410614013673,
        "min": 0.0011780261993408203,
        "max": 0.0012199878692626953
    },
    "f06_startup": {
        "class": "F06",
        "include_startup": true,
        "runs": [
            0.0016319751739501953,
            0.001383066177368164,
            0.0013689994812011719,
            0.0013909339904785156,
            0.0013880729675292969,
            0.0013751983642578125,
            0.0013890266418457031,
            0.0013549327850341797,
            0.0013728141784667969,
            0.0013899803161621094
        ],
        "average": 0.0014045000076293944,
        "min": 0.0013549327850341797,
        "max": 0.0016319751739501953
    },
    "fin06": {
        "class": "FIn06",
        "include_startup": false,
        "runs": [
            0.0011949539184570312,
            0.0012278556823730469,
            0.0012249946594238281,
            0.0012481212615966797,
            0.0012140274047851562,
            0.0012159347534179688,
            0.0012581348419189453,
            0.0012249946594238281,
            0.0012328624725341797,
            0.0012230873107910156
        ],
        "average": 0.001226496696472168,
        "min": 0.0011949539184570312,
        "max": 0.0012581348419189453
    },
    "fin06_startup": {
        "class": "FIn06",
        "include_startup": true,
        "runs": [
            0.0015518665313720703,
            0.001341104507446289,
            0.0013129711151123047,
            0.0013039112091064453,
            0.0013091564178466797,
            0.001283884048461914,
            0.0012960433959960938,
            0.0013039112091064453,
            0.0012860298156738281,
            0.0012929439544677734
        ],
        "average": 0.0013281822204589844,
        "min": 0.001283884048461914,
        "max": 0.0015518665313720703
    },
    "p16": {
        "class": "P16",
        "include_startup": false,
        "runs": [
            0.0014340877532958984,
            0.0014369487762451172,
            0.0014531612396240234,
            0.001397848129272461,
            0.0014319419860839844,
            0.0014679431915283203,
            0.0013239383697509766,
            0.0013210773468017578,
            0.0013461112976074219,
            0.0013079643249511719
        ],
        "average": 0.0013921022415161132,
        "min": 0.0013079643249511719,
        "max": 0.0014679431915283203
    },
    "p16_startup": {
        "class": "P16",
        "include_startup": true,
        "runs": [
            0.001650094985961914,
            0.0013699531555175781,
            0.0014140605926513672,
            0.0013861656188964844,
            0.0013611316680908203,
            0.0013511180877685547,
            0.0013909339904785156,
            0.0013680458068847656,
            0.001399993896484375,
            0.0013859272003173828
        ],
        "average": 0.0014077425003051758,
        "min": 0.0013511180877685547,
        "max": 0.001650094985961914
    },
    "pin16": {
        "class": "PIn16",
        "include_startup": false,
        "runs": [
            0.0010311603546142578,
            0.001065969467163086,
            0.0010619163513183594,
            0.0010609626770019531,
            0.0010619163513183594,
            0.0010590553283691406,
            0.0010521411895751953,
            0.0010559558868408203,
            0.001049041748046875,
            0.0010581016540527344
        ],
        "average": 0.0010556221008300782,
        "min": 0.0010311603546142578,
        "max": 0.001065969467163086
    },
    "pin16_startup": {
        "class": "PIn16",
        "include_startup": true,
        "runs": [
            0.0016028881072998047,
            0.0013380050659179688,
            0.001316070556640625,
            0.0013458728790283203,
            0.0013170242309570312,
            0.0013079643249511719,
            0.0013191699981689453,
            0.0013217926025390625,
            0.0013110637664794922,
            0.0013089179992675781
        ],
        "average": 0.001348876953125,
        "min": 0.0013079643249511719,
        "max": 0.0016028881072998047
    },
    "z26": {
        "class": "Z26",
        "include_startup": false,
        "runs": [
            0.0012240409851074219,
            0.0012450218200683594,
            0.0013048648834228516,
            0.0013470649719238281,
            0.0012919902801513672,
            0.0012781620025634766,
            0.00131988525390625,
            0.0012791156768798828,
            0.0012679100036621094,
            0.0012710094451904297
        ],
        "average": 0.0012829065322875976,
        "min": 0.0012240409851074219,
        "max": 0.0013470649719238281
    },
    "z26_startup": {
        "class": "Z26",
        "include_startup": true,
        "runs": [
            0.0016109943389892578,
            0.0013468265533447266,
            0.0013799667358398438,
            0.00133514404296875,
            0.0013620853424072266,
            0.0013408660888671875,
            0.0013408660888671875,
            0.0013689994812011719,
            0.0018999576568603516,
            0.0013539791107177734
        ],
        "average": 0.0014339685440063477,
        "min": 0.00133514404296875,
        "max": 0.0018999576568603516
    },
    "zin26": {
        "class": "ZIn26",
        "include_startup": false,
        "runs": [
            0.0012309551239013672,
            0.0012249946594238281,
            0.0012350082397460938,
            0.0012278556823730469,
            0.001216888427734375,
            0.0012340545654296875,
            0.0012409687042236328,
            0.0013148784637451172,
            0.0014111995697021484,
            0.0012660026550292969
        ],
        "average": 0.0012602806091308594,
        "min": 0.001216888427734375,
        "max": 0.0014111995697021484
    },
    "zin26_startup": {
        "class": "ZIn26",
        "include_startup": true,
        "runs": [
            0.0015528202056884766,
            0.0012869834899902344,
            0.0013439655303955078,
            0.0013039112091064453,
            0.001283884048461914,
            0.0012791156768798828,
            0.0012810230255126953,
            0.001302957534790039,
            0.001277923583984375,
            0.0012831687927246094
        ],
        "average": 0.001319575309753418,
        "min": 0.001277923583984375,
        "max": 0.0015528202056884766
    }
}