{
    "f06": {
        "class": "F06",
        "include_startup": false,
        "runs": [
            0.09803414344787598,
            0.0984950065612793,
            0.10090184211730957,
            0.09901094436645508,
            0.09918498992919922,
            0.09850001335144043,
            0.09845209121704102,
            0.10114598274230957,
            0.09900188446044922,
            0.09987497329711914
        ],
        "average": 0.09926018714904786,
        "min": 0.09803414344787598,
        "max": 0.10114598274230957
    },
    "f06_startup": {
        "class": "F06",
        "include_startup": true,
        "runs": [
            0.09775805473327637,
            0.09603285789489746,
            0.09837889671325684,
            0.09598302841186523,
            0.09588789939880371,
            0.10137581825256348,
            0.10295796394348145,
            0.09952712059020996,
            0.10075807571411133,
            0.10121488571166992
        ],
        "average": 0.09898746013641357,
        "min": 0.09588789939880371,
        "max": 0.10295796394348145
    },
    "fin06": {
        "class": "FIn06",
        "include_startup": false,
        "runs": [
            0.0999901294708252,
            0.10144901275634766,
            0.10395693778991699,
            0.1002340316772461,
            0.10020780563354492,
            0.10038113594055176,
            0.1026301383972168,
            0.10181307792663574,
            0.10169696807861328,
            0.1015620231628418
        ],
        "average": 0.10139212608337403,
        "min": 0.0999901294708252,
        "max": 0.10395693778991699
    },
    "fin06_startup": {
        "class": "FIn06",
        "include_startup": true,
        "runs": [
            0.09896993637084961,
            0.10042500495910645,
            0.10612797737121582,
            0.0986180305480957,
            0.09894800186157227,
            0.09865188598632812,
            0.10153985023498535,
            0.09954690933227539,
            0.09925699234008789,
            0.09961199760437012
        ],
        "average": 0.10016965866088867,
        "min": 0.0986180305480957,
        "max": 0.10612797737121582
    },
    "p16": {
        "class": "P16",
        "include_startup": false,
        "runs": [
            13.801599979400635,
            13.786631107330322,
            13.949872016906738,
            13.955962181091309,
            13.93514108657837,
            13.751724004745483,
            12.811877965927124,
            13.883504152297974,
            13.385503053665161,
            13.422022819519043
        ],
        "average": 13.668383836746216,
        "min": 12.811877965927124,
        "max": 13.955962181091309
    },
    "p16_startup": {
        "class": "P16",
        "include_startup": true,
        "runs": [
            13.725596904754639,
            12.732525825500488,
            13.801629066467285,
            13.807065963745117,
            13.754823923110962,
            13.649911880493164,
            13.393762826919556,
            7.470573902130127,
            13.505295038223267,
            13.289600849151611
        ],
        "average": 12.91307861804962,
        "min": 7.470573902130127,
        "max": 13.807065963745117
    },
    "pin16": {
        "class": "PIn16",
        "include_startup": false,
        "runs": [
            13.875514030456543,
            13.531245946884155,
            14.211750984191895,
            13.796824932098389,
            13.653805017471313,
            12.765626907348633,
            13.839579105377197,
            13.999927997589111,
            14.038930892944336,
            14.151662111282349
        ],
        "average": 13.786486792564393,
        "min": 12.765626907348633,
        "max": 14.211750984191895
    },
    "pin16_startup": {
        "class": "PIn16",
        "include_startup": true,
        "runs": [
            13.968712091445923,
            13.939943790435791,
            12.817003011703491,
            13.879237174987793,
            13.6893310546875,
            10.552469968795776,
            13.72706389427185,
            13.829351902008057,
            13.8231041431427,
            13.92609190940857
        ],
        "average": 13.415230894088745,
        "min": 10.552469968795776,
        "max": 13.968712091445923
    }
}