{
    "f06": {
        "class": "F06",
        "include_startup": false,
        "runs": [
            0.0015208721160888672,
            0.0014162063598632812,
            0.0013890266418457031,
            0.0014390945434570312,
            0.0013740062713623047,
            0.0013890266418457031,
            0.0013799667358398438,
            0.0013608932495117188,
            0.001394033432006836,
            0.001383066177368164
        ],
        "average": 0.0014046192169189452,
        "min": 0.0013608932495117188,
        "max": 0.0015208721160888672
    },
    "f06_startup": {
        "class": "F06",
        "include_startup": true,
        "runs": [
            0.002424001693725586,
            0.0014750957489013672,
            0.0014739036560058594,
            0.0014200210571289062,
            0.0014491081237792969,
            0.0014328956604003906,
            0.001422882080078125,
            0.0013899803161621094,
            0.0013799667358398438,
            0.00138092041015625
        ],
        "average": 0.0015248775482177735,
        "min": 0.0013799667358398438,
        "max": 0.002424001693725586
    },
    "p16": {
        "class": "P16",
        "include_startup": false,
        "runs": [
            0.0015170574188232422,
            0.0013918876647949219,
            0.0014100074768066406,
            0.0014088153839111328,
            0.0014221668243408203,
            0.001416921615600586,
            0.0014019012451171875,
            0.0014269351959228516,
            0.0014081001281738281,
            0.001386880874633789
        ],
        "average": 0.0014190673828125,
        "min": 0.001386880874633789,
        "max": 0.0015170574188232422
    },
    "p16_startup": {
        "class": "P16",
        "include_startup": true,
        "runs": [
            0.0017998218536376953,
            0.0011138916015625,
            0.0011200904846191406,
            0.0011081695556640625,
            0.0011022090911865234,
            0.0011010169982910156,
            0.0011191368103027344,
            0.0011060237884521484,
            0.0011010169982910156,
            0.0011038780212402344
        ],
        "average": 0.001177525520324707,
        "min": 0.0011010169982910156,
        "max": 0.0017998218536376953
    },
    "z26": {
        "class": "Z26",
        "include_startup": false,
        "runs": [
            0.0016541481018066406,
            0.00144195556640625,
            0.0013508796691894531,
            0.0014040470123291016,
            0.0013811588287353516,
            0.0014591217041015625,
            0.0013611316680908203,
            0.0013790130615234375,
            0.0013761520385742188,
            0.0013871192932128906
        ],
        "average": 0.0014194726943969726,
        "min": 0.0013508796691894531,
        "max": 0.0016541481018066406
    },
    "z26_startup": {
        "class": "Z26",
        "include_startup": true,
        "runs": [
            0.0024459362030029297,
            0.0015480518341064453,
            0.0016012191772460938,
            0.0015871524810791016,
            0.0015921592712402344,
            0.0015659332275390625,
            0.0015769004821777344,
            0.0015718936920166016,
            0.0015709400177001953,
            0.0015518665313720703
        ],
        "average": 0.001661205291748047,
        "min": 0.0015480518341064453,
        "max": 0.0024459362030029297
    }
}