{
    "f06": {
        "class": "F06",
        "include_startup": false,
        "runs": [
            0.0014109611511230469,
            0.001360177993774414,
            0.0013370513916015625,
            0.0013499259948730469,
            0.0013339519500732422,
            0.0013401508331298828,
            0.0013420581817626953,
            0.0013289451599121094,
            0.0013439655303955078,
            0.001338958740234375
        ],
        "average": 0.0013486146926879883,
        "min": 0.0013289451599121094,
        "max": 0.0014109611511230469
    },
    "f06_startup": {
        "class": "F06",
        "include_startup": true,
        "runs": [
            0.0028848648071289062,
            0.0021080970764160156,
            0.002050161361694336,
            0.0020551681518554688,
            0.0020279884338378906,
            0.002146005630493164,
            0.0020630359649658203,
            0.002048015594482422,
            0.002070188522338867,
            0.002042055130004883
        ],
        "average": 0.0021495580673217773,
        "min": 0.0020279884338378906,
        "max": 0.0028848648071289062
    },
    "fin06": {
        "class": "FIn06",
        "include_startup": false,
        "runs": [
            0.003389120101928711,
            0.0033631324768066406,
            0.003475189208984375,
            0.0033380985260009766,
            0.003350973129272461,
            0.0033600330352783203,
            0.0033528804779052734,
            0.0033309459686279297,
            0.0033631324768066406,
            0.0033380985260009766
        ],
        "average": 0.0033661603927612306,
        "min": 0.0033309459686279297,
        "max": 0.003475189208984375
    },
    "fin06_startup": {
        "class": "FIn06",
        "include_startup": true,
        "runs": [
            0.005486965179443359,
            0.004611968994140625,
            0.0046961307525634766,
            0.004656076431274414,
            0.004921913146972656,
            0.004670143127441406,
            0.004636049270629883,
            0.0047190189361572266,
            0.004786014556884766,
            0.0046350955963134766
        ],
        "average": 0.004781937599182129,
        "min": 0.004611968994140625,
        "max": 0.005486965179443359
    },
    "p16": {
        "class": "P16",
        "include_startup": false,
        "runs": [
            0.0011680126190185547,
            0.0011339187622070312,
            0.0011210441589355469,
            0.0011250972747802734,
            0.0011169910430908203,
            0.0011229515075683594,
            0.001127004623413086,
            0.0011410713195800781,
            0.0011241436004638672,
            0.001127004623413086
        ],
        "average": 0.0011307239532470704,
        "min": 0.0011169910430908203,
        "max": 0.0011680126190185547
    },
    "p16_startup": {
        "class": "P16",
        "include_startup": true,
        "runs": [
            0.002496957778930664,
            0.002148866653442383,
            0.0032029151916503906,
            0.0030431747436523438,
            0.0030829906463623047,
            0.003175973892211914,
            0.003153085708618164,
            0.0031790733337402344,
            0.003094911575317383,
            0.0020210742950439453
        ],
        "average": 0.0028599023818969725,
        "min": 0.0020210742950439453,
        "max": 0.0032029151916503906
    },
    "pin16": {
        "class": "PIn16",
        "include_startup": false,
        "runs": [
            0.004060983657836914,
            0.00399017333984375,
            0.004001140594482422,
            0.003980875015258789,
            0.003982067108154297,
            0.004049062728881836,
            0.003988027572631836,
            0.004004955291748047,
            0.004013776779174805,
            0.004049062728881836
        ],
        "average": 0.004012012481689453,
        "min": 0.003980875015258789,
        "max": 0.004060983657836914
    },
    "pin16_startup": {
        "class": "PIn16",
        "include_startup": true,
        "runs": [
            0.007915019989013672,
            0.006928205490112305,
            0.007077932357788086,
            0.007035970687866211,
            0.006891012191772461,
            0.0046520233154296875,
            0.003777027130126953,
            0.003696918487548828,
            0.003726959228515625,
            0.0036530494689941406
        ],
        "average": 0.005535411834716797,
        "min": 0.0036530494689941406,
        "max": 0.007915019989013672
    },
    "z26": {
        "class": "Z26",
        "include_startup": false,
        "runs": [
            0.001032114028930664,
            0.0009779930114746094,
            0.0009670257568359375,
            0.0009539127349853516,
            0.0009341239929199219,
            0.0009419918060302734,
            0.0009481906890869141,
            0.0009281635284423828,
            0.0009610652923583984,
            0.0008831024169921875
        ],
        "average": 0.000952768325805664,
        "min": 0.0008831024169921875,
        "max": 0.001032114028930664
    },
    "z26_startup": {
        "class": "Z26",
        "include_startup": true,
        "runs": [
            0.003261089324951172,
            0.0022089481353759766,
            0.002196073532104492,
            0.0021691322326660156,
            0.0021889209747314453,
            0.0021631717681884766,
            0.002187967300415039,
            0.0021729469299316406,
            0.0021839141845703125,
            0.002177000045776367
        ],
        "average": 0.0022909164428710936,
        "min": 0.0021631717681884766,
        "max": 0.003261089324951172
    },
    "zin26": {
        "class": "ZIn26",
        "include_startup": false,
        "runs": [
            0.003963947296142578,
            0.0038750171661376953,
            0.003854036331176758,
            0.004151105880737305,
            0.003908872604370117,
            0.003902912139892578,
            0.0038890838623046875,
            0.003931999206542969,
            0.005072116851806641,
            0.003880023956298828
        ],
        "average": 0.004042911529541016,
        "min": 0.003854036331176758,
        "max": 0.005072116851806641
    },
    "zin26_startup": {
        "class": "ZIn26",
        "include_startup": true,
        "runs": [
            0.005493879318237305,
            0.004704952239990234,
            0.004626035690307617,
            0.00487208366394043,
            0.0046389102935791016,
            0.004853963851928711,
            0.0047359466552734375,
            0.004660129547119141,
            0.0048370361328125,
            0.00461888313293457
        ],
        "average": 0.004804182052612305,
        "min": 0.00461888313293457,
        "max": 0.005493879318237305
    }
}