{
    "f06": {
        "class": "F06",
        "include_startup": false,
        "runs": [
            0.0014281272888183594,
            0.0014100074768066406,
            0.0013840198516845703,
            0.001374959945678711,
            0.0013670921325683594,
            0.0013709068298339844,
            0.0013751983642578125,
            0.0013608932495117188,
            0.0013461112976074219,
            0.0013768672943115234
        ],
        "average": 0.0013794183731079101,
        "min": 0.0013461112976074219,
        "max": 0.0014281272888183594
    },
    "f06_startup": {
        "class": "F06",
        "include_startup": true,
        "runs": [
            0.004934072494506836,
            0.003651857376098633,
            0.0035560131072998047,
            0.003626108169555664,
            0.002599000930786133,
            0.0020818710327148438,
            0.0020630359649658203,
            0.002125978469848633,
            0.0020809173583984375,
            0.0021049976348876953
        ],
        "average": 0.00288238525390625,
        "min": 0.0020630359649658203,
        "max": 0.004934072494506836
    },
    "fin06": {
        "class": "FIn06",
        "include_startup": false,
        "runs": [
            0.0039520263671875,
            0.0039980411529541016,
            0.0039789676666259766,
            0.003980875015258789,
            0.00398707389831543,
            0.003954887390136719,
            0.0039310455322265625,
            0.003968954086303711,
            0.003911018371582031,
            0.00391697883605957
        ],
        "average": 0.003957986831665039,
        "min": 0.003911018371582031,
        "max": 0.0039980411529541016
    },
    "fin06_startup": {
        "class": "FIn06",
        "include_startup": true,
        "runs": [
            0.005407094955444336,
            0.004626035690307617,
            0.0046138763427734375,
            0.004693031311035156,
            0.004540920257568359,
            0.004541158676147461,
            0.004559040069580078,
            0.004758119583129883,
            0.004731893539428711,
            0.0046041011810302734
        ],
        "average": 0.004707527160644531,
        "min": 0.004540920257568359,
        "max": 0.005407094955444336
    },
    "p16": {
        "class": "P16",
        "include_startup": false,
        "runs": [
            0.0014450550079345703,
            0.0014400482177734375,
            0.0014078617095947266,
            0.0014410018920898438,
            0.0014081001281738281,
            0.0014121532440185547,
            0.0013930797576904297,
            0.00138092041015625,
            0.0014050006866455078,
            0.0013740062713623047
        ],
        "average": 0.0014107227325439453,
        "min": 0.0013740062713623047,
        "max": 0.0014450550079345703
    },
    "p16_startup": {
        "class": "P16",
        "include_startup": true,
        "runs": [
            0.003053903579711914,
            0.0022029876708984375,
            0.0021820068359375,
            0.0021369457244873047,
            0.0021209716796875,
            0.0021409988403320312,
            0.0021011829376220703,
            0.0021059513092041016,
            0.002173900604248047,
            0.002117156982421875
        ],
        "average": 0.002233600616455078,
        "min": 0.0021011829376220703,
        "max": 0.003053903579711914
    },
    "pin16": {
        "class": "PIn16",
        "include_startup": false,
        "runs": [
            0.003895998001098633,
            0.0038750171661376953,
            0.0038671493530273438,
            0.0038259029388427734,
            0.0038721561431884766,
            0.003988981246948242,
            0.00391387939453125,
            0.003882169723510742,
            0.004302024841308594,
            0.0038700103759765625
        ],
        "average": 0.003929328918457031,
        "min": 0.0038259029388427734,
        "max": 0.004302024841308594
    },
    "pin16_startup": {
        "class": "PIn16",
        "include_startup": true,
        "runs": [
            0.004626035690307617,
            0.004024982452392578,
            0.0039920806884765625,
            0.0040130615234375,
            0.004168987274169922,
            0.0039789676666259766,
            0.003926992416381836,
            0.003938913345336914,
            0.003935813903808594,
            0.0039479732513427734
        ],
        "average": 0.004055380821228027,
        "min": 0.003926992416381836,
        "max": 0.004626035690307617
    },
    "z26": {
        "class": "Z26",
        "include_startup": false,
        "runs": [
            0.0014519691467285156,
            0.0013971328735351562,
            0.0014069080352783203,
            0.0013990402221679688,
            0.0013649463653564453,
            0.0013899803161621094,
            0.001383066177368164,
            0.0014309883117675781,
            0.0014178752899169922,
            0.0013899803161621094
        ],
        "average": 0.0014031887054443359,
        "min": 0.0013649463653564453,
        "max": 0.0014519691467285156
    },
    "z26_startup": {
        "class": "Z26",
        "include_startup": true,
        "runs": [
            0.002643108367919922,
            0.0019249916076660156,
            0.00191497802734375,
            0.0018639564514160156,
            0.0018720626831054688,
            0.0018780231475830078,
            0.0018579959869384766,
            0.0018401145935058594,
            0.001856088638305664,
            0.0018498897552490234
        ],
        "average": 0.0019501209259033202,
        "min": 0.0018401145935058594,
        "max": 0.002643108367919922
    },
    "zin26": {
        "class": "ZIn26",
        "include_startup": false,
        "runs": [
            0.004034996032714844,
            0.004374027252197266,
            0.003963947296142578,
            0.003975868225097656,
            0.003954172134399414,
            0.003977060317993164,
            0.003976106643676758,
            0.003977060317993164,
            0.003981828689575195,
            0.0039348602294921875
        ],
        "average": 0.004014992713928222,
        "min": 0.0039348602294921875,
        "max": 0.004374027252197266
    },
    "zin26_startup": {
        "class": "ZIn26",
        "include_startup": true,
        "runs": [
            0.005424976348876953,
            0.004673004150390625,
            0.0045909881591796875,
            0.0048809051513671875,
            0.00469207763671875,
            0.004606008529663086,
            0.004637002944946289,
            0.004614114761352539,
            0.004832029342651367,
            0.004591941833496094
        ],
        "average": 0.004754304885864258,
        "min": 0.0045909881591796875,
        "max": 0.005424976348876953
    }
}