{
    "f06": {
        "class": "F06",
        "include_startup": false,
        "runs": [
            0.0011930465698242188,
            0.0011568069458007812,
            0.001104116439819336,
            0.0011131763458251953,
            0.0011029243469238281,
            0.0011050701141357422,
            0.0011107921600341797,
            0.0011088848114013672,
            0.0011019706726074219,
            0.0011138916015625
        ],
        "average": 0.0011210680007934571,
        "min": 0.0011019706726074219,
        "max": 0.0011930465698242188
    },
    "f06_startup": {
        "class": "F06",
        "include_startup": true,
        "runs": [
            0.002231121063232422,
            0.0014209747314453125,
            0.0014350414276123047,
            0.001425027847290039,
            0.0014178752899169922,
            0.0014197826385498047,
            0.0014071464538574219,
            0.001416921615600586,
            0.0014259815216064453,
            0.0014069080352783203
        ],
        "average": 0.0015006780624389649,
        "min": 0.0014069080352783203,
        "max": 0.002231121063232422
    },
    "p16": {
        "class": "P16",
        "include_startup": false,
        "runs": [
            0.0015339851379394531,
            0.0013661384582519531,
            0.001361846923828125,
            0.0013530254364013672,
            0.0013592243194580078,
            0.0013730525970458984,
            0.0013630390167236328,
            0.0013659000396728516,
            0.0013780593872070312,
            0.0013518333435058594
        ],
        "average": 0.001380610466003418,
        "min": 0.0013518333435058594,
        "max": 0.0015339851379394531
    },
    "p16_startup": {
        "class": "P16",
        "include_startup": true,
        "runs": [
            0.0017359256744384766,
            0.001127004623413086,
            0.0010800361633300781,
            0.0010900497436523438,
            0.0010759830474853516,
            0.001085042953491211,
            0.0010838508605957031,
            0.0010890960693359375,
            0.001077890396118164,
            0.0010859966278076172
        ],
        "average": 0.0011530876159667968,
        "min": 0.0010759830474853516,
        "max": 0.0017359256744384766
    },
    "z26": {
        "class": "Z26",
        "include_startup": false,
        "runs": [
            0.001631021499633789,
            0.0013859272003173828,
            0.0013630390167236328,
            0.0013401508331298828,
            0.0013320446014404297,
            0.0013239383697509766,
            0.0013210773468017578,
            0.001338958740234375,
            0.0013110637664794922,
            0.001322031021118164
        ],
        "average": 0.0013669252395629883,
        "min": 0.0013110637664794922,
        "max": 0.001631021499633789
    },
    "z26_startup": {
        "class": "Z26",
        "include_startup": true,
        "runs": [
            0.0018010139465332031,
            0.001196146011352539,
            0.0011720657348632812,
            0.0011489391326904297,
            0.0011730194091796875,
            0.0011560916900634766,
            0.0011589527130126953,
            0.0011489391326904297,
            0.0011658668518066406,
            0.0011439323425292969
        ],
        "average": 0.001226496696472168,
        "min": 0.0011439323425292969,
        "max": 0.0018010139465332031
    }
}