{
    "f06": {
        "class": "F06",
        "include_startup": false,
        "runs": [
            0.0008461475372314453,
            0.0008130073547363281,
            0.0008299350738525391,
            0.0008208751678466797,
            0.0008111000061035156,
            0.0008251667022705078,
            0.0008151531219482422,
            0.0008130073547363281,
            0.0008039474487304688,
            0.0008218288421630859
        ],
        "average": 0.0008200168609619141,
        "min": 0.0008039474487304688,
        "max": 0.0008461475372314453
    },
    "f06_startup": {
        "class": "F06",
        "include_startup": true,
        "runs": [
            0.0008242130279541016,
            0.0007939338684082031,
            0.0007750988006591797,
            0.0007870197296142578,
            0.0008609294891357422,
            0.0007910728454589844,
            0.0007848739624023438,
            0.0007679462432861328,
            0.0007951259613037109,
            0.0007870197296142578
        ],
        "average": 0.0007967233657836914,
        "min": 0.0007679462432861328,
        "max": 0.0008609294891357422
    },
    "fin06": {
        "class": "FIn06",
        "include_startup": false,
        "runs": [
            0.0008001327514648438,
            0.0008080005645751953,
            0.0008089542388916016,
            0.0008089542388916016,
            0.0007948875427246094,
            0.0007998943328857422,
            0.0008029937744140625,
            0.0008099079132080078,
            0.0008089542388916016,
            0.0008130073547363281
        ],
        "average": 0.0008055686950683594,
        "min": 0.0007948875427246094,
        "max": 0.0008130073547363281
    },
    "fin06_startup": {
        "class": "FIn06",
        "include_startup": true,
        "runs": [
            0.0008080005645751953,
            0.0007882118225097656,
            0.0007879734039306641,
            0.0007958412170410156,
            0.0007929801940917969,
            0.000782012939453125,
            0.0007710456848144531,
            0.0007810592651367188,
            0.0007851123809814453,
            0.0007798671722412109
        ],
        "average": 0.0007872104644775391,
        "min": 0.0007710456848144531,
        "max": 0.0008080005645751953
    },
    "p16": {
        "class": "P16",
        "include_startup": false,
        "runs": [
            0.0010471343994140625,
            0.00102996826171875,
            0.0008838176727294922,
            0.0007510185241699219,
            0.0007441043853759766,
            0.0007419586181640625,
            0.0008120536804199219,
            0.0007901191711425781,
            0.0007741451263427734,
            0.0007910728454589844
        ],
        "average": 0.0008365392684936523,
        "min": 0.0007419586181640625,
        "max": 0.0010471343994140625
    },
    "p16_startup": {
        "class": "P16",
        "include_startup": true,
        "runs": [
            0.0006139278411865234,
            0.0006148815155029297,
            0.000614166259765625,
            0.0005960464477539062,
            0.0006110668182373047,
            0.0006399154663085938,
            0.0006601810455322266,
            0.0006270408630371094,
            0.0005991458892822266,
            0.0006091594696044922
        ],
        "average": 0.0006185531616210938,
        "min": 0.0005960464477539062,
        "max": 0.0006601810455322266
    },
    "pin16": {
        "class": "PIn16",
        "include_startup": false,
        "runs": [
            0.0007021427154541016,
            0.0006771087646484375,
            0.0006589889526367188,
            0.0006551742553710938,
            0.0006668567657470703,
            0.0006570816040039062,
            0.0006439685821533203,
            0.0006721019744873047,
            0.000640869140625,
            0.0006771087646484375
        ],
        "average": 0.0006651401519775391,
        "min": 0.000640869140625,
        "max": 0.0007021427154541016
    },
    "pin16_startup": {
        "class": "PIn16",
        "include_startup": true,
        "runs": [
            0.0008730888366699219,
            0.0008440017700195312,
            0.0008220672607421875,
            0.0008189678192138672,
            0.0008220672607421875,
            0.0008161067962646484,
            0.0008149147033691406,
            0.00080108642578125,
            0.0008089542388916016,
            0.0008189678192138672
        ],
        "average": 0.0008240222930908203,
        "min": 0.00080108642578125,
        "max": 0.0008730888366699219
    },
    "z26": {
        "class": "Z26",
        "include_startup": false,
        "runs": [
            0.0008399486541748047,
            0.0008080005645751953,
            0.0008308887481689453,
            0.0008280277252197266,
            0.0008289813995361328,
            0.0008280277252197266,
            0.0008161067962646484,
            0.0008327960968017578,
            0.0008170604705810547,
            0.0008220672607421875
        ],
        "average": 0.000825190544128418,
        "min": 0.0008080005645751953,
        "max": 0.0008399486541748047
    },
    "z26_startup": {
        "class": "Z26",
        "include_startup": true,
        "runs": [
            0.0008821487426757812,
            0.0008270740509033203,
            0.0008280277252197266,
            0.0008199214935302734,
            0.0008370876312255859,
            0.0008120536804199219,
            0.0008261203765869141,
            0.0008327960968017578,
            0.0008189678192138672,
            0.0008139610290527344
        ],
        "average": 0.0008298158645629883,
        "min": 0.0008120536804199219,
        "max": 0.0008821487426757812
    },
    "zin26": {
        "class": "ZIn26",
        "include_startup": false,
        "runs": [
            0.0009210109710693359,
            0.0008602142333984375,
            0.0008609294891357422,
            0.0008649826049804688,
            0.0008549690246582031,
            0.00086212158203125,
            0.0008358955383300781,
            0.0008640289306640625,
            0.0008540153503417969,
            0.0008499622344970703
        ],
        "average": 0.0008628129959106446,
        "min": 0.0008358955383300781,
        "max": 0.0009210109710693359
    },
    "zin26_startup": {
        "class": "ZIn26",
        "include_startup": true,
        "runs": [
            0.0007429122924804688,
            0.0006690025329589844,
            0.000659942626953125,
            0.0006630420684814453,
            0.0006561279296875,
            0.0006761550903320312,
            0.0006699562072753906,
            0.0006558895111083984,
            0.0006668567657470703,
            0.0006680488586425781
        ],
        "average": 0.0006727933883666992,
        "min": 0.0006558895111083984,
        "max": 0.0007429122924804688
    }
}