{
    "f06": {
        "class": "F06",
        "include_startup": false,
        "runs": [
            0.0008490085601806641,
            0.0008161067962646484,
            0.0008330345153808594,
            0.0008108615875244141,
            0.0008111000061035156,
            0.0008180141448974609,
            0.0008130073547363281,
            0.0008120536804199219,
            0.0008189678192138672,
            0.0007998943328857422
        ],
        "average": 0.0008182048797607422,
        "min": 0.0007998943328857422,
        "max": 0.0008490085601806641
    },
    "f06_startup": {
        "class": "F06",
        "include_startup": true,
        "runs": [
            0.0008380413055419922,
            0.0008008480072021484,
            0.0008080005645751953,
            0.0007898807525634766,
            0.0007870197296142578,
            0.0007970333099365234,
            0.0007998943328857422,
            0.0007970333099365234,
            0.0007839202880859375,
            0.0007929801940917969
        ],
        "average": 0.0007994651794433593,
        "min": 0.0007839202880859375,
        "max": 0.0008380413055419922
    },
    "fin06": {
        "class": "FIn06",
        "include_startup": false,
        "runs": [
            0.0006661415100097656,
            0.0006468296051025391,
            0.0006589889526367188,
            0.0006499290466308594,
            0.0006430149078369141,
            0.0006518363952636719,
            0.0006449222564697266,
            0.0006358623504638672,
            0.0006480216979980469,
            0.0006480216979980469
        ],
        "average": 0.0006493568420410156,
        "min": 0.0006358623504638672,
        "max": 0.0006661415100097656
    },
    "fin06_startup": {
        "class": "FIn06",
        "include_startup": true,
        "runs": [
            0.0008630752563476562,
            0.000823974609375,
            0.0008208751678466797,
            0.0008161067962646484,
            0.0007901191711425781,
            0.0008208751678466797,
            0.0008161067962646484,
            0.0008060932159423828,
            0.0008478164672851562,
            0.0008211135864257812
        ],
        "average": 0.0008226156234741211,
        "min": 0.0007901191711425781,
        "max": 0.0008630752563476562
    },
    "p16": {
        "class": "P16",
        "include_startup": false,
        "runs": [
            0.0011692047119140625,
            0.0007951259613037109,
            0.0008170604705810547,
            0.0008141994476318359,
            0.0008389949798583984,
            0.0008361339569091797,
            0.0008418560028076172,
            0.0008130073547363281,
            0.0008370876312255859,
            0.0008649826049804688
        ],
        "average": 0.0008627653121948242,
        "min": 0.0007951259613037109,
        "max": 0.0011692047119140625
    },
    "p16_startup": {
        "class": "P16",
        "include_startup": true,
        "runs": [
            0.0007960796356201172,
            0.0007760524749755859,
            0.0007939338684082031,
            0.0007779598236083984,
            0.0007619857788085938,
            0.0007748603820800781,
            0.0007700920104980469,
            0.0007760524749755859,
            0.0007579326629638672,
            0.0007829666137695312
        ],
        "average": 0.0007767915725708008,
        "min": 0.0007579326629638672,
        "max": 0.0007960796356201172
    },
    "pin16": {
        "class": "PIn16",
        "include_startup": false,
        "runs": [
            0.0008690357208251953,
            0.0007920265197753906,
            0.0007891654968261719,
            0.0007901191711425781,
            0.0007841587066650391,
            0.0008108615875244141,
            0.0008149147033691406,
            0.000885009765625,
            0.00080108642578125,
            0.0007851123809814453
        ],
        "average": 0.0008121490478515625,
        "min": 0.0007841587066650391,
        "max": 0.000885009765625
    },
    "pin16_startup": {
        "class": "PIn16",
        "include_startup": true,
        "runs": [
            0.0008599758148193359,
            0.0008440017700195312,
            0.0008230209350585938,
            0.0008251667022705078,
            0.0007979869842529297,
            0.0008149147033691406,
            0.0008208751678466797,
            0.0008111000061035156,
            0.0008099079132080078,
            0.0008280277252197266
        ],
        "average": 0.0008234977722167969,
        "min": 0.0007979869842529297,
        "max": 0.0008599758148193359
    },
    "z26": {
        "class": "Z26",
        "include_startup": false,
        "runs": [
            0.0008139610290527344,
            0.0008089542388916016,
            0.0007660388946533203,
            0.0007939338684082031,
            0.0008039474487304688,
            0.0008480548858642578,
            0.000804901123046875,
            0.0007829666137695312,
            0.0007951259613037109,
            0.0007910728454589844
        ],
        "average": 0.0008008956909179687,
        "min": 0.0007660388946533203,
        "max": 0.0008480548858642578
    },
    "z26_startup": {
        "class": "Z26",
        "include_startup": true,
        "runs": [
            0.0009119510650634766,
            0.0008039474487304688,
            0.0008289813995361328,
            0.0008349418640136719,
            0.0008199214935302734,
            0.0008349418640136719,
            0.0008130073547363281,
            0.0008108615875244141,
            0.0008199214935302734,
            0.000827789306640625
        ],
        "average": 0.0008306264877319336,
        "min": 0.0008039474487304688,
        "max": 0.0009119510650634766
    },
    "zin26": {
        "class": "ZIn26",
        "include_startup": false,
        "runs": [
            0.0008351802825927734,
            0.0008039474487304688,
            0.0007979869842529297,
            0.0010149478912353516,
            0.0010259151458740234,
            0.0009047985076904297,
            0.0007860660552978516,
            0.0007719993591308594,
            0.0007891654968261719,
            0.0008029937744140625
        ],
        "average": 0.0008533000946044922,
        "min": 0.0007719993591308594,
        "max": 0.0010259151458740234
    },
    "zin26_startup": {
        "class": "ZIn26",
        "include_startup": true,
        "runs": [
            0.0009019374847412109,
            0.0008218288421630859,
            0.0008370876312255859,
            0.000804901123046875,
            0.0008211135864257812,
            0.0008080005645751953,
            0.0008258819580078125,
            0.0008199214935302734,
            0.0008161067962646484,
            0.0007958412170410156
        ],
        "average": 0.0008252620697021485,
        "min": 0.0007958412170410156,
        "max": 0.0009019374847412109
    }
}