{
    "f06": {
        "class": "F06",
        "include_startup": false,
        "runs": [
            3.9094269275665283,
            3.88093900680542,
            3.6899938583374023,
            3.637315034866333,
            1.7760798931121826,
            3.6133840084075928,
            3.575899839401245,
            3.6942429542541504,
            3.524752140045166,
            3.0325801372528076
        ],
        "average": 3.433461380004883,
        "min": 1.7760798931121826,
        "max": 3.9094269275665283
    },
    "f06_startup": {
        "class": "F06",
        "include_startup": true,
        "runs": [
            3.9098079204559326,
            1.9848589897155762,
            3.582151174545288,
            3.9174811840057373,
            3.597003936767578,
            3.5927088260650635,
            2.025244951248169,
            3.726896047592163,
            3.6596550941467285,
            3.8513989448547363
        ],
        "average": 3.384720706939697,
        "min": 1.9848589897155762,
        "max": 3.9174811840057373
    },
    "fin06": {
        "class": "FIn06",
        "include_startup": false,
        "runs": [
            3.9140830039978027,
            3.9446170330047607,
            2.028243064880371,
            3.8998520374298096,
            3.6946921348571777,
            3.694240093231201,
            2.989596128463745,
            3.6000449657440186,
            3.73390793800354,
            3.9108009338378906
        ],
        "average": 3.541007733345032,
        "min": 2.028243064880371,
        "max": 3.9446170330047607
    },
    "fin06_startup": {
        "class": "FIn06",
        "include_startup": true,
        "runs": [
            3.9114880561828613,
            3.9183599948883057,
            3.906308889389038,
            3.551710844039917,
            3.906798839569092,
            3.6780810356140137,
            3.6063621044158936,
            3.639488935470581,
            3.700428009033203,
            3.9355921745300293
        ],
        "average": 3.7754618883132935,
        "min": 3.551710844039917,
        "max": 3.9355921745300293
    }
}