{
    "f06": {
        "class": "F06",
        "include_startup": false,
        "runs": [
            0.4117310047149658,
            0.4028198719024658,
            0.4061160087585449,
            0.3113291263580322,
            0.3944370746612549,
            0.402069091796875,
            0.41344714164733887,
            0.37331485748291016,
            0.4009239673614502,
            0.3171398639678955
        ],
        "average": 0.38333280086517335,
        "min": 0.3113291263580322,
        "max": 0.41344714164733887
    },
    "f06_startup": {
        "class": "F06",
        "include_startup": true,
        "runs": [
            0.40880608558654785,
            0.4081380367279053,
            0.4124729633331299,
            0.41979289054870605,
            0.40340685844421387,
            0.4027109146118164,
            0.4018690586090088,
            0.4203619956970215,
            0.40334391593933105,
            0.40683794021606445
        ],
        "average": 0.4087740659713745,
        "min": 0.4018690586090088,
        "max": 0.4203619956970215
    }
}