{
    "f06": {
        "class": "F06",
        "include_startup": false,
        "runs": [
            0.4034700393676758,
            0.40311479568481445,
            0.40677595138549805,
            0.40317511558532715,
            0.39622998237609863,
            0.3930017948150635,
            0.3820209503173828,
            0.4053020477294922,
            0.40152907371520996,
            0.40181779861450195
        ],
        "average": 0.3996437549591064,
        "min": 0.3820209503173828,
        "max": 0.40677595138549805
    },
    "f06_startup": {
        "class": "F06",
        "include_startup": true,
        "runs": [
            0.4038090705871582,
            0.40751099586486816,
            0.417421817779541,
            0.3972339630126953,
            0.4077880382537842,
            0.41306304931640625,
            0.40645313262939453,
            0.4068279266357422,
            0.4206058979034424,
            0.4215381145477295
        ],
        "average": 0.41022520065307616,
        "min": 0.3972339630126953,
        "max": 0.4215381145477295
    }
}