{
    "f06": {
        "class": "F06",
        "include_startup": false,
        "runs": [
            3.8929531574249268,
            3.6505560874938965,
            3.637619972229004,
            3.8756821155548096,
            3.720905065536499,
            3.631472110748291,
            3.6057751178741455,
            3.707034111022949,
            3.786659002304077,
            3.8786139488220215
        ],
        "average": 3.738727068901062,
        "min": 3.6057751178741455,
        "max": 3.8929531574249268
    },
    "f06_startup": {
        "class": "F06",
        "include_startup": true,
        "runs": [
            2.029798984527588,
            3.472486972808838,
            3.7095768451690674,
            3.6305930614471436,
            3.642651081085205,
            3.6240179538726807,
            3.6642959117889404,
            3.8996100425720215,
            3.634012222290039,
            3.875478982925415
        ],
        "average": 3.518252205848694,
        "min": 2.029798984527588,
        "max": 3.8996100425720215
    },
    "fin06": {
        "class": "FIn06",
        "include_startup": false,
        "runs": [
            3.9186627864837646,
            3.6695590019226074,
            3.8852410316467285,
            3.67739200592041,
            3.9142470359802246,
            3.711174964904785,
            3.6266748905181885,
            3.916533946990967,
            3.7311668395996094,
            3.6166040897369385
        ],
        "average": 3.7667256593704224,
        "min": 3.6166040897369385,
        "max": 3.9186627864837646
    },
    "fin06_startup": {
        "class": "FIn06",
        "include_startup": true,
        "runs": [
            3.5401129722595215,
            3.682260036468506,
            3.6323459148406982,
            3.7742929458618164,
            3.666841983795166,
            3.5452189445495605,
            3.7892541885375977,
            3.669100046157837,
            3.723506212234497,
            3.913977861404419
        ],
        "average": 3.693691110610962,
        "min": 3.5401129722595215,
        "max": 3.913977861404419
    }
}