{
    "f06": {
        "class": "F06",
        "include_startup": false,
        "runs": [
            0.0008080005645751953,
            0.0007808208465576172,
            0.0008041858673095703,
            0.0007889270782470703,
            0.0007870197296142578,
            0.0007710456848144531,
            0.0007829666137695312,
            0.0007901191711425781,
            0.0008101463317871094,
            0.0007779598236083984
        ],
        "average": 0.0007901191711425781,
        "min": 0.0007710456848144531,
        "max": 0.0008101463317871094
    },
    "f06_startup": {
        "class": "F06",
        "include_startup": true,
        "runs": [
            0.0007851123809814453,
            0.0007460117340087891,
            0.0007519721984863281,
            0.0007569789886474609,
            0.0007250308990478516,
            0.0007529258728027344,
            0.0007410049438476562,
            0.0007460117340087891,
            0.0007300376892089844,
            0.0007350444793701172
        ],
        "average": 0.0007470130920410156,
        "min": 0.0007250308990478516,
        "max": 0.0007851123809814453
    },
    "fin06": {
        "class": "FIn06",
        "include_startup": false,
        "runs": [
            0.0007991790771484375,
            0.0007619857788085938,
            0.0007500648498535156,
            0.0007190704345703125,
            0.0007350444793701172,
            0.0007410049438476562,
            0.0007460117340087891,
            0.0007128715515136719,
            0.0007441043853759766,
            0.0007519721984863281
        ],
        "average": 0.0007461309432983398,
        "min": 0.0007128715515136719,
        "max": 0.0007991790771484375
    },
    "fin06_startup": {
        "class": "FIn06",
        "include_startup": true,
        "runs": [
            0.0007359981536865234,
            0.0008490085601806641,
            0.0007889270782470703,
            0.0007929801940917969,
            0.0007929801940917969,
            0.0007560253143310547,
            0.0007760524749755859,
            0.0007710456848144531,
            0.0007779598236083984,
            0.0007750988006591797
        ],
        "average": 0.0007816076278686524,
        "min": 0.0007359981536865234,
        "max": 0.0008490085601806641
    },
    "p16": {
        "class": "P16",
        "include_startup": false,
        "runs": [
            0.0012509822845458984,
            0.0012259483337402344,
            0.0012538433074951172,
            0.001127004623413086,
            0.0007891654968261719,
            0.0008029937744140625,
            0.0007917881011962891,
            0.0007910728454589844,
            0.000762939453125,
            0.0007879734039306641
        ],
        "average": 0.0009583711624145507,
        "min": 0.000762939453125,
        "max": 0.0012538433074951172
    },
    "p16_startup": {
        "class": "P16",
        "include_startup": true,
        "runs": [
            0.0008709430694580078,
            0.0007679462432861328,
            0.0008029937744140625,
            0.0008108615875244141,
            0.0007901191711425781,
            0.0008139610290527344,
            0.0007810592651367188,
            0.0007970333099365234,
            0.0007989406585693359,
            0.0007991790771484375
        ],
        "average": 0.0008033037185668946,
        "min": 0.0007679462432861328,
        "max": 0.0008709430694580078
    },
    "pin16": {
        "class": "PIn16",
        "include_startup": false,
        "runs": [
            0.0008759498596191406,
            0.0007929801940917969,
            0.0007970333099365234,
            0.0007491111755371094,
            0.0007708072662353516,
            0.0007901191711425781,
            0.0007810592651367188,
            0.0007641315460205078,
            0.0008127689361572266,
            0.0007910728454589844
        ],
        "average": 0.0007925033569335938,
        "min": 0.0007491111755371094,
        "max": 0.0008759498596191406
    },
    "pin16_startup": {
        "class": "PIn16",
        "include_startup": true,
        "runs": [
            0.0008149147033691406,
            0.00074005126953125,
            0.0007791519165039062,
            0.0007991790771484375,
            0.0007910728454589844,
            0.0007801055908203125,
            0.0007719993591308594,
            0.0007648468017578125,
            0.0007970333099365234,
            0.0008060932159423828
        ],
        "average": 0.0007844448089599609,
        "min": 0.00074005126953125,
        "max": 0.0008149147033691406
    },
    "z26": {
        "class": "Z26",
        "include_startup": false,
        "runs": [
            0.0006940364837646484,
            0.0006549358367919922,
            0.0006639957427978516,
            0.0006608963012695312,
            0.0006389617919921875,
            0.0006549358367919922,
            0.0006620883941650391,
            0.000640869140625,
            0.0006470680236816406,
            0.0006639957427978516
        ],
        "average": 0.0006581783294677734,
        "min": 0.0006389617919921875,
        "max": 0.0006940364837646484
    },
    "z26_startup": {
        "class": "Z26",
        "include_startup": true,
        "runs": [
            0.001268148422241211,
            0.0012731552124023438,
            0.0012500286102294922,
            0.0012679100036621094,
            0.0012629032135009766,
            0.0012769699096679688,
            0.0012791156768798828,
            0.0008809566497802734,
            0.0008549690246582031,
            0.0008590221405029297
        ],
        "average": 0.001147317886352539,
        "min": 0.0008549690246582031,
        "max": 0.0012791156768798828
    },
    "zin26": {
        "class": "ZIn26",
        "include_startup": false,
        "runs": [
            0.000804901123046875,
            0.0007870197296142578,
            0.0007679462432861328,
            0.0007731914520263672,
            0.0007457733154296875,
            0.0007660388946533203,
            0.0007569789886474609,
            0.0007641315460205078,
            0.0007300376892089844,
            0.0007350444793701172
        ],
        "average": 0.000763106346130371,
        "min": 0.0007300376892089844,
        "max": 0.000804901123046875
    },
    "zin26_startup": {
        "class": "ZIn26",
        "include_startup": true,
        "runs": [
            0.00080108642578125,
            0.0008001327514648438,
            0.0007338523864746094,
            0.0007600784301757812,
            0.0007560253143310547,
            0.0007710456848144531,
            0.0007798671722412109,
            0.00074005126953125,
            0.0007600784301757812,
            0.00078582763671875
        ],
        "average": 0.0007688045501708984,
        "min": 0.0007338523864746094,
        "max": 0.00080108642578125
    }
}