{
    "f06": {
        "class": "F06",
        "include_startup": false,
        "runs": [
            0.0008051395416259766,
            0.0007960796356201172,
            0.0007939338684082031,
            0.0008051395416259766,
            0.0009579658508300781,
            0.001013040542602539,
            0.0007879734039306641,
            0.000782012939453125,
            0.0007810592651367188,
            0.000759124755859375
        ],
        "average": 0.0008281469345092773,
        "min": 0.000759124755859375,
        "max": 0.001013040542602539
    },
    "f06_startup": {
        "class": "F06",
        "include_startup": true,
        "runs": [
            0.0007030963897705078,
            0.000659942626953125,
            0.0006430149078369141,
            0.0006520748138427734,
            0.0006611347198486328,
            0.0006449222564697266,
            0.000659942626953125,
            0.0006499290466308594,
            0.0006399154663085938,
            0.0006480216979980469
        ],
        "average": 0.0006561994552612305,
        "min": 0.0006399154663085938,
        "max": 0.0007030963897705078
    },
    "fin06": {
        "class": "FIn06",
        "include_startup": false,
        "runs": [
            0.0007879734039306641,
            0.0007321834564208984,
            0.0007228851318359375,
            0.0007579326629638672,
            0.0007369518280029297,
            0.0007469654083251953,
            0.0007328987121582031,
            0.0007529258728027344,
            0.0007500648498535156,
            0.0007381439208984375
        ],
        "average": 0.0007458925247192383,
        "min": 0.0007228851318359375,
        "max": 0.0007879734039306641
    },
    "fin06_startup": {
        "class": "FIn06",
        "include_startup": true,
        "runs": [
            0.0006811618804931641,
            0.0006699562072753906,
            0.0006611347198486328,
            0.0006480216979980469,
            0.0006630420684814453,
            0.0006389617919921875,
            0.0006489753723144531,
            0.0006630420684814453,
            0.0006449222564697266,
            0.0006389617919921875
        ],
        "average": 0.0006558179855346679,
        "min": 0.0006389617919921875,
        "max": 0.0006811618804931641
    },
    "p16": {
        "class": "P16",
        "include_startup": false,
        "runs": [
            0.0008721351623535156,
            0.0007719993591308594,
            0.0007729530334472656,
            0.0007789134979248047,
            0.0007460117340087891,
            0.0007379055023193359,
            0.0007340908050537109,
            0.0007460117340087891,
            0.0007560253143310547,
            0.0007419586181640625
        ],
        "average": 0.0007658004760742188,
        "min": 0.0007340908050537109,
        "max": 0.0008721351623535156
    },
    "p16_startup": {
        "class": "P16",
        "include_startup": true,
        "runs": [
            0.0012631416320800781,
            0.0012879371643066406,
            0.0012388229370117188,
            0.001255035400390625,
            0.001257181167602539,
            0.001280069351196289,
            0.0012729167938232422,
            0.0012488365173339844,
            0.0012629032135009766,
            0.0007641315460205078
        ],
        "average": 0.0012130975723266602,
        "min": 0.0007641315460205078,
        "max": 0.0012879371643066406
    },
    "pin16": {
        "class": "PIn16",
        "include_startup": false,
        "runs": [
            0.0008170604705810547,
            0.0008039474487304688,
            0.0007870197296142578,
            0.0008130073547363281,
            0.0008070468902587891,
            0.0007929801940917969,
            0.0008080005645751953,
            0.0008060932159423828,
            0.0008149147033691406,
            0.0007960796356201172
        ],
        "average": 0.0008046150207519532,
        "min": 0.0007870197296142578,
        "max": 0.0008170604705810547
    },
    "pin16_startup": {
        "class": "PIn16",
        "include_startup": true,
        "runs": [
            0.0008320808410644531,
            0.0007719993591308594,
            0.0007841587066650391,
            0.0007779598236083984,
            0.0007650852203369141,
            0.0007700920104980469,
            0.0007941722869873047,
            0.0007798671722412109,
            0.0007660388946533203,
            0.0007529258728027344
        ],
        "average": 0.0007794380187988281,
        "min": 0.0007529258728027344,
        "max": 0.0008320808410644531
    },
    "z26": {
        "class": "Z26",
        "include_startup": false,
        "runs": [
            0.0008342266082763672,
            0.0007908344268798828,
            0.0008099079132080078,
            0.0007979869842529297,
            0.0007739067077636719,
            0.0007741451263427734,
            0.0008070468902587891,
            0.0007879734039306641,
            0.0007708072662353516,
            0.0007719993591308594
        ],
        "average": 0.0007918834686279297,
        "min": 0.0007708072662353516,
        "max": 0.0008342266082763672
    },
    "z26_startup": {
        "class": "Z26",
        "include_startup": true,
        "runs": [
            0.0005700588226318359,
            0.0006780624389648438,
            0.0006449222564697266,
            0.0006139278411865234,
            0.0006310939788818359,
            0.0006270408630371094,
            0.0006427764892578125,
            0.0006361007690429688,
            0.0006518363952636719,
            0.0006411075592041016
        ],
        "average": 0.000633692741394043,
        "min": 0.0005700588226318359,
        "max": 0.0006780624389648438
    },
    "zin26": {
        "class": "ZIn26",
        "include_startup": false,
        "runs": [
            0.0012400150299072266,
            0.001230001449584961,
            0.0012140274047851562,
            0.0012509822845458984,
            0.001230001449584961,
            0.0012340545654296875,
            0.0012309551239013672,
            0.0012559890747070312,
            0.0012328624725341797,
            0.0012400150299072266
        ],
        "average": 0.0012358903884887695,
        "min": 0.0012140274047851562,
        "max": 0.0012559890747070312
    },
    "zin26_startup": {
        "class": "ZIn26",
        "include_startup": true,
        "runs": [
            0.0007750988006591797,
            0.0007381439208984375,
            0.0008001327514648438,
            0.00078582763671875,
            0.0007970333099365234,
            0.0008001327514648438,
            0.000782012939453125,
            0.0007729530334472656,
            0.0007970333099365234,
            0.0007750988006591797
        ],
        "average": 0.0007823467254638672,
        "min": 0.0007381439208984375,
        "max": 0.0008001327514648438
    }
}