{
    "f06": {
        "class": "F06",
        "include_startup": false,
        "runs": [
            0.0013740062713623047,
            0.0008389949798583984,
            0.0008330345153808594,
            0.0007948875427246094,
            0.0008070468902587891,
            0.0008158683776855469,
            0.0008149147033691406,
            0.0008139610290527344,
            0.0007960796356201172,
            0.0008089542388916016
        ],
        "average": 0.0008697748184204101,
        "min": 0.0007948875427246094,
        "max": 0.0013740062713623047
    },
    "f06_startup": {
        "class": "F06",
        "include_startup": true,
        "runs": [
            0.0022330284118652344,
            0.0007190704345703125,
            0.0006680488586425781,
            0.0007071495056152344,
            0.0007128715515136719,
            0.0006949901580810547,
            0.0006949901580810547,
            0.0007030963897705078,
            0.000682830810546875,
            0.0006918907165527344
        ],
        "average": 0.0008507966995239258,
        "min": 0.0006680488586425781,
        "max": 0.0022330284118652344
    },
    "fin06": {
        "class": "FIn06",
        "include_startup": false,
        "runs": [
            0.0014688968658447266,
            0.0007710456848144531,
            0.0007798671722412109,
            0.0007750988006591797,
            0.0008361339569091797,
            0.0007569789886474609,
            0.0010979175567626953,
            0.0011639595031738281,
            0.0007910728454589844,
            0.0007770061492919922
        ],
        "average": 0.0009217977523803711,
        "min": 0.0007569789886474609,
        "max": 0.0014688968658447266
    },
    "fin06_startup": {
        "class": "FIn06",
        "include_startup": true,
        "runs": [
            0.0030181407928466797,
            0.0009019374847412109,
            0.0009031295776367188,
            0.0008862018585205078,
            0.0008859634399414062,
            0.0009000301361083984,
            0.0008790493011474609,
            0.0008749961853027344,
            0.0008730888366699219,
            0.0008709430694580078
        ],
        "average": 0.0010993480682373047,
        "min": 0.0008709430694580078,
        "max": 0.0030181407928466797
    },
    "p16": {
        "class": "P16",
        "include_startup": false,
        "runs": [
            0.0014660358428955078,
            0.0008299350738525391,
            0.0008380413055419922,
            0.0008249282836914062,
            0.0008139610290527344,
            0.0008571147918701172,
            0.0008089542388916016,
            0.0008261203765869141,
            0.0008230209350585938,
            0.0008261203765869141
        ],
        "average": 0.000891423225402832,
        "min": 0.0008089542388916016,
        "max": 0.0014660358428955078
    },
    "p16_startup": {
        "class": "P16",
        "include_startup": true,
        "runs": [
            0.0029850006103515625,
            0.0008449554443359375,
            0.0008089542388916016,
            0.0008289813995361328,
            0.0008170604705810547,
            0.0009050369262695312,
            0.0013568401336669922,
            0.0015039443969726562,
            0.0014269351959228516,
            0.0014960765838623047
        ],
        "average": 0.0012973785400390626,
        "min": 0.0008089542388916016,
        "max": 0.0029850006103515625
    },
    "pin16": {
        "class": "PIn16",
        "include_startup": false,
        "runs": [
            0.0015659332275390625,
            0.0008230209350585938,
            0.0008218288421630859,
            0.000820159912109375,
            0.0007967948913574219,
            0.0008101463317871094,
            0.0008199214935302734,
            0.0008120536804199219,
            0.0008089542388916016,
            0.0008001327514648438
        ],
        "average": 0.0008878946304321289,
        "min": 0.0007967948913574219,
        "max": 0.0015659332275390625
    },
    "pin16_startup": {
        "class": "PIn16",
        "include_startup": true,
        "runs": [
            0.00308990478515625,
            0.0009329319000244141,
            0.0009429454803466797,
            0.0009319782257080078,
            0.0009272098541259766,
            0.0009410381317138672,
            0.0009448528289794922,
            0.0009438991546630859,
            0.0009410381317138672,
            0.0009260177612304688
        ],
        "average": 0.001152181625366211,
        "min": 0.0009260177612304688,
        "max": 0.00308990478515625
    },
    "z26": {
        "class": "Z26",
        "include_startup": false,
        "runs": [
            0.001486063003540039,
            0.0008130073547363281,
            0.0008008480072021484,
            0.0008699893951416016,
            0.0008168220520019531,
            0.0008211135864257812,
            0.000823974609375,
            0.0008258819580078125,
            0.0007991790771484375,
            0.0008189678192138672
        ],
        "average": 0.0008875846862792969,
        "min": 0.0007991790771484375,
        "max": 0.001486063003540039
    },
    "z26_startup": {
        "class": "Z26",
        "include_startup": true,
        "runs": [
            0.002947092056274414,
            0.0009701251983642578,
            0.0009589195251464844,
            0.0009591579437255859,
            0.0009629726409912109,
            0.0009601116180419922,
            0.0009701251983642578,
            0.0009648799896240234,
            0.0009582042694091797,
            0.0009508132934570312
        ],
        "average": 0.0011602401733398437,
        "min": 0.0009508132934570312,
        "max": 0.002947092056274414
    },
    "zin26": {
        "class": "ZIn26",
        "include_startup": false,
        "runs": [
            0.0016870498657226562,
            0.0008149147033691406,
            0.0008220672607421875,
            0.000804901123046875,
            0.0008230209350585938,
            0.0008161067962646484,
            0.0008108615875244141,
            0.0008180141448974609,
            0.0008180141448974609,
            0.0008020401000976562
        ],
        "average": 0.0009016990661621094,
        "min": 0.0008020401000976562,
        "max": 0.0016870498657226562
    },
    "zin26_startup": {
        "class": "ZIn26",
        "include_startup": true,
        "runs": [
            0.0034868717193603516,
            0.0010120868682861328,
            0.0009949207305908203,
            0.0009860992431640625,
            0.0009851455688476562,
            0.0009839534759521484,
            0.0009851455688476562,
            0.0009789466857910156,
            0.0010030269622802734,
            0.000988006591796875
        ],
        "average": 0.0012404203414916992,
        "min": 0.0009789466857910156,
        "max": 0.0034868717193603516
    }
}