{
    "f06": {
        "class": "F06",
        "include_startup": false,
        "runs": [
            0.0011110305786132812,
            0.0008220672607421875,
            0.0008108615875244141,
            0.0007960796356201172,
            0.0008149147033691406,
            0.0008130073547363281,
            0.0008220672607421875,
            0.0008089542388916016,
            0.0008139610290527344,
            0.0008099079132080078
        ],
        "average": 0.00084228515625,
        "min": 0.0007960796356201172,
        "max": 0.0011110305786132812
    },
    "f06_startup": {
        "class": "F06",
        "include_startup": true,
        "runs": [
            0.0045969486236572266,
            0.001299142837524414,
            0.00102996826171875,
            0.0010519027709960938,
            0.0009980201721191406,
            0.0009491443634033203,
            0.0009610652923583984,
            0.0009629726409912109,
            0.0009539127349853516,
            0.0009539127349853516
        ],
        "average": 0.0013756990432739259,
        "min": 0.0009491443634033203,
        "max": 0.0045969486236572266
    },
    "fin06": {
        "class": "FIn06",
        "include_startup": false,
        "runs": [
            0.0011382102966308594,
            0.0008230209350585938,
            0.0008220672607421875,
            0.0008199214935302734,
            0.0008070468902587891,
            0.000823974609375,
            0.0008289813995361328,
            0.0008380413055419922,
            0.0008180141448974609,
            0.0008270740509033203
        ],
        "average": 0.0008546352386474609,
        "min": 0.0008070468902587891,
        "max": 0.0011382102966308594
    },
    "fin06_startup": {
        "class": "FIn06",
        "include_startup": true,
        "runs": [
            0.0029020309448242188,
            0.0009779930114746094,
            0.0008971691131591797,
            0.0008869171142578125,
            0.0008921623229980469,
            0.0009098052978515625,
            0.0008940696716308594,
            0.0008869171142578125,
            0.0008690357208251953,
            0.0009100437164306641
        ],
        "average": 0.001102614402770996,
        "min": 0.0008690357208251953,
        "max": 0.0029020309448242188
    },
    "p16": {
        "class": "P16",
        "include_startup": false,
        "runs": [
            0.0009031295776367188,
            0.0006442070007324219,
            0.0006208419799804688,
            0.0006480216979980469,
            0.0006430149078369141,
            0.0006351470947265625,
            0.0006380081176757812,
            0.000637054443359375,
            0.0006279945373535156,
            0.0006361007690429688
        ],
        "average": 0.0006633520126342774,
        "min": 0.0006208419799804688,
        "max": 0.0009031295776367188
    },
    "p16_startup": {
        "class": "P16",
        "include_startup": true,
        "runs": [
            0.0030548572540283203,
            0.000988006591796875,
            0.00098419189453125,
            0.0009710788726806641,
            0.0009708404541015625,
            0.0009920597076416016,
            0.00096893310546875,
            0.0009617805480957031,
            0.0009551048278808594,
            0.000965118408203125
        ],
        "average": 0.0011811971664428711,
        "min": 0.0009551048278808594,
        "max": 0.0030548572540283203
    },
    "pin16": {
        "class": "PIn16",
        "include_startup": false,
        "runs": [
            0.0019030570983886719,
            0.0012919902801513672,
            0.0013461112976074219,
            0.0013232231140136719,
            0.0013070106506347656,
            0.0013110637664794922,
            0.0012850761413574219,
            0.0013041496276855469,
            0.001332998275756836,
            0.0013091564178466797
        ],
        "average": 0.0013713836669921875,
        "min": 0.0012850761413574219,
        "max": 0.0019030570983886719
    },
    "pin16_startup": {
        "class": "PIn16",
        "include_startup": true,
        "runs": [
            0.004321098327636719,
            0.0013620853424072266,
            0.0014150142669677734,
            0.0014009475708007812,
            0.0014150142669677734,
            0.0013818740844726562,
            0.0014190673828125,
            0.0014538764953613281,
            0.0011491775512695312,
            0.0011188983917236328
        ],
        "average": 0.0016437053680419921,
        "min": 0.0011188983917236328,
        "max": 0.004321098327636719
    },
    "z26": {
        "class": "Z26",
        "include_startup": false,
        "runs": [
            0.0012691020965576172,
            0.0008640289306640625,
            0.0008480548858642578,
            0.0008358955383300781,
            0.00086212158203125,
            0.0008351802825927734,
            0.0008440017700195312,
            0.0008401870727539062,
            0.0008440017700195312,
            0.0008528232574462891
        ],
        "average": 0.0008895397186279297,
        "min": 0.0008351802825927734,
        "max": 0.0012691020965576172
    },
    "z26_startup": {
        "class": "Z26",
        "include_startup": true,
        "runs": [
            0.003039836883544922,
            0.0010309219360351562,
            0.0010111331939697266,
            0.0012090206146240234,
            0.0010120868682861328,
            0.0010409355163574219,
            0.0009748935699462891,
            0.000988006591796875,
            0.0009710788726806641,
            0.0009949207305908203
        ],
        "average": 0.0012272834777832032,
        "min": 0.0009710788726806641,
        "max": 0.003039836883544922
    },
    "zin26": {
        "class": "ZIn26",
        "include_startup": false,
        "runs": [
            0.0012202262878417969,
            0.0007948875427246094,
            0.00080108642578125,
            0.0007960796356201172,
            0.0008099079132080078,
            0.0008020401000976562,
            0.0007798671722412109,
            0.0007991790771484375,
            0.0008008480072021484,
            0.0008029937744140625
        ],
        "average": 0.0008407115936279296,
        "min": 0.0007798671722412109,
        "max": 0.0012202262878417969
    },
    "zin26_startup": {
        "class": "ZIn26",
        "include_startup": true,
        "runs": [
            0.004199981689453125,
            0.0009918212890625,
            0.0009851455688476562,
            0.0009920597076416016,
            0.000982046127319336,
            0.0009799003601074219,
            0.0009829998016357422,
            0.0009860992431640625,
            0.0009779930114746094,
            0.0009851455688476562
        ],
        "average": 0.0013063192367553712,
        "min": 0.0009779930114746094,
        "max": 0.004199981689453125
    }
}