{
    "f06": {
        "class": "F06",
        "include_startup": false,
        "runs": [
            0.0014011859893798828,
            0.0007297992706298828,
            0.0007369518280029297,
            0.0007939338684082031,
            0.0007371902465820312,
            0.0007181167602539062,
            0.0007450580596923828,
            0.0007431507110595703,
            0.0007390975952148438,
            0.0007171630859375
        ],
        "average": 0.0008061647415161133,
        "min": 0.0007171630859375,
        "max": 0.0014011859893798828
    },
    "f06_startup": {
        "class": "F06",
        "include_startup": true,
        "runs": [
            0.0026700496673583984,
            0.0008368492126464844,
            0.0007679462432861328,
            0.0007610321044921875,
            0.0007429122924804688,
            0.0007450580596923828,
            0.0007669925689697266,
            0.0007569789886474609,
            0.000743865966796875,
            0.0007491111755371094
        ],
        "average": 0.0009540796279907226,
        "min": 0.0007429122924804688,
        "max": 0.0026700496673583984
    },
    "fin06": {
        "class": "FIn06",
        "include_startup": false,
        "runs": [
            0.0014431476593017578,
            0.0007181167602539062,
            0.00072479248046875,
            0.0007309913635253906,
            0.0007328987121582031,
            0.0007140636444091797,
            0.0007350444793701172,
            0.0007300376892089844,
            0.0007350444793701172,
            0.0007150173187255859
        ],
        "average": 0.0007979154586791992,
        "min": 0.0007140636444091797,
        "max": 0.0014431476593017578
    },
    "fin06_startup": {
        "class": "FIn06",
        "include_startup": true,
        "runs": [
            0.002863168716430664,
            0.0008690357208251953,
            0.0008580684661865234,
            0.0008459091186523438,
            0.0008552074432373047,
            0.0008549690246582031,
            0.0008549690246582031,
            0.0008349418640136719,
            0.0010409355163574219,
            0.0012030601501464844
        ],
        "average": 0.0011080265045166015,
        "min": 0.0008349418640136719,
        "max": 0.002863168716430664
    },
    "p16": {
        "class": "P16",
        "include_startup": false,
        "runs": [
            0.0015208721160888672,
            0.0007958412170410156,
            0.0007979869842529297,
            0.0008139610290527344,
            0.00080108642578125,
            0.0007970333099365234,
            0.0008008480072021484,
            0.0007970333099365234,
            0.0007941722869873047,
            0.0007910728454589844
        ],
        "average": 0.0008709907531738281,
        "min": 0.0007910728454589844,
        "max": 0.0015208721160888672
    },
    "p16_startup": {
        "class": "P16",
        "include_startup": true,
        "runs": [
            0.0029299259185791016,
            0.0008981227874755859,
            0.0008800029754638672,
            0.000865936279296875,
            0.0008599758148193359,
            0.0008728504180908203,
            0.0008401870727539062,
            0.0008518695831298828,
            0.0008509159088134766,
            0.0008480548858642578
        ],
        "average": 0.001069784164428711,
        "min": 0.0008401870727539062,
        "max": 0.0029299259185791016
    },
    "pin16": {
        "class": "PIn16",
        "include_startup": false,
        "runs": [
            0.0014719963073730469,
            0.0007169246673583984,
            0.0007450580596923828,
            0.0007710456848144531,
            0.0007479190826416016,
            0.0007519721984863281,
            0.0007238388061523438,
            0.0007450580596923828,
            0.0007419586181640625,
            0.000759124755859375
        ],
        "average": 0.0008174896240234375,
        "min": 0.0007169246673583984,
        "max": 0.0014719963073730469
    },
    "pin16_startup": {
        "class": "PIn16",
        "include_startup": true,
        "runs": [
            0.0029261112213134766,
            0.0009119510650634766,
            0.0008840560913085938,
            0.0009500980377197266,
            0.000885009765625,
            0.0008711814880371094,
            0.000885009765625,
            0.0008909702301025391,
            0.0008900165557861328,
            0.0008869171142578125
        ],
        "average": 0.0010981321334838866,
        "min": 0.0008711814880371094,
        "max": 0.0029261112213134766
    },
    "z26": {
        "class": "Z26",
        "include_startup": false,
        "runs": [
            0.0011529922485351562,
            0.0005807876586914062,
            0.0005779266357421875,
            0.0005650520324707031,
            0.0005779266357421875,
            0.0005679130554199219,
            0.0005810260772705078,
            0.0005757808685302734,
            0.0005888938903808594,
            0.0005910396575927734
        ],
        "average": 0.0006359338760375977,
        "min": 0.0005650520324707031,
        "max": 0.0011529922485351562
    },
    "z26_startup": {
        "class": "Z26",
        "include_startup": true,
        "runs": [
            0.0029718875885009766,
            0.0010540485382080078,
            0.0008871555328369141,
            0.0008969306945800781,
            0.0008680820465087891,
            0.0008749961853027344,
            0.0008780956268310547,
            0.0008981227874755859,
            0.0008909702301025391,
            0.0008800029754638672
        ],
        "average": 0.0011100292205810547,
        "min": 0.0008680820465087891,
        "max": 0.0029718875885009766
    },
    "zin26": {
        "class": "ZIn26",
        "include_startup": false,
        "runs": [
            0.0015380382537841797,
            0.0007758140563964844,
            0.0007641315460205078,
            0.0007770061492919922,
            0.0007538795471191406,
            0.0007688999176025391,
            0.0007610321044921875,
            0.0007650852203369141,
            0.0007510185241699219,
            0.0007700920104980469
        ],
        "average": 0.0008424997329711914,
        "min": 0.0007510185241699219,
        "max": 0.0015380382537841797
    },
    "zin26_startup": {
        "class": "ZIn26",
        "include_startup": true,
        "runs": [
            0.003014802932739258,
            0.001043081283569336,
            0.0009160041809082031,
            0.0008769035339355469,
            0.0008730888366699219,
            0.0008800029754638672,
            0.0008969306945800781,
            0.0008640289306640625,
            0.0008959770202636719,
            0.0008859634399414062
        ],
        "average": 0.0011146783828735352,
        "min": 0.0008640289306640625,
        "max": 0.003014802932739258
    }
}