{
    "f06": {
        "class": "F06",
        "include_startup": false,
        "runs": [
            0.0014400482177734375,
            0.0009129047393798828,
            0.0009920597076416016,
            0.0007588863372802734,
            0.0007541179656982422,
            0.0007588863372802734,
            0.0007600784301757812,
            0.0007488727569580078,
            0.000762939453125,
            0.0007531642913818359
        ],
        "average": 0.0008641958236694336,
        "min": 0.0007488727569580078,
        "max": 0.0014400482177734375
    },
    "f06_startup": {
        "class": "F06",
        "include_startup": true,
        "runs": [
            0.002847909927368164,
            0.0008330345153808594,
            0.0008461475372314453,
            0.0008459091186523438,
            0.0008349418640136719,
            0.0008261203765869141,
            0.0008399486541748047,
            0.0008170604705810547,
            0.0008339881896972656,
            0.0008368492126464844
        ],
        "average": 0.0010361909866333009,
        "min": 0.0008170604705810547,
        "max": 0.002847909927368164
    },
    "fin06": {
        "class": "FIn06",
        "include_startup": false,
        "runs": [
            0.0014808177947998047,
            0.0008080005645751953,
            0.0007948875427246094,
            0.0007939338684082031,
            0.0007731914520263672,
            0.0008051395416259766,
            0.0007951259613037109,
            0.0007932186126708984,
            0.0008039474487304688,
            0.0007948875427246094
        ],
        "average": 0.0008643150329589843,
        "min": 0.0007731914520263672,
        "max": 0.0014808177947998047
    },
    "fin06_startup": {
        "class": "FIn06",
        "include_startup": true,
        "runs": [
            0.002173185348510742,
            0.0006740093231201172,
            0.0006530284881591797,
            0.000640869140625,
            0.0006339550018310547,
            0.0006458759307861328,
            0.0006449222564697266,
            0.0006480216979980469,
            0.0006530284881591797,
            0.0006451606750488281
        ],
        "average": 0.0008012056350708008,
        "min": 0.0006339550018310547,
        "max": 0.002173185348510742
    },
    "p16": {
        "class": "P16",
        "include_startup": false,
        "runs": [
            0.0015079975128173828,
            0.0007638931274414062,
            0.0007750988006591797,
            0.0007998943328857422,
            0.0008001327514648438,
            0.000762939453125,
            0.0007970333099365234,
            0.0007870197296142578,
            0.0007829666137695312,
            0.0007929801940917969
        ],
        "average": 0.0008569955825805664,
        "min": 0.000762939453125,
        "max": 0.0015079975128173828
    },
    "p16_startup": {
        "class": "P16",
        "include_startup": true,
        "runs": [
            0.002949953079223633,
            0.0009381771087646484,
            0.0009241104125976562,
            0.0009329319000244141,
            0.0009250640869140625,
            0.0009279251098632812,
            0.0009109973907470703,
            0.0009291172027587891,
            0.0009360313415527344,
            0.0009238719940185547
        ],
        "average": 0.0011298179626464844,
        "min": 0.0009109973907470703,
        "max": 0.002949953079223633
    },
    "pin16": {
        "class": "PIn16",
        "include_startup": false,
        "runs": [
            0.0015950202941894531,
            0.0007910728454589844,
            0.0007729530334472656,
            0.0007770061492919922,
            0.0007870197296142578,
            0.0007770061492919922,
            0.0007901191711425781,
            0.0007688999176025391,
            0.0007910728454589844,
            0.0007719993591308594
        ],
        "average": 0.0008622169494628906,
        "min": 0.0007688999176025391,
        "max": 0.0015950202941894531
    },
    "pin16_startup": {
        "class": "PIn16",
        "include_startup": true,
        "runs": [
            0.002807140350341797,
            0.0008320808410644531,
            0.0008158683776855469,
            0.0009350776672363281,
            0.0008339881896972656,
            0.0008170604705810547,
            0.0008111000061035156,
            0.0008108615875244141,
            0.0008139610290527344,
            0.00080108642578125
        ],
        "average": 0.001027822494506836,
        "min": 0.00080108642578125,
        "max": 0.002807140350341797
    },
    "z26": {
        "class": "Z26",
        "include_startup": false,
        "runs": [
            0.0015561580657958984,
            0.0007421970367431641,
            0.0007510185241699219,
            0.0007638931274414062,
            0.0007491111755371094,
            0.0007340908050537109,
            0.0007441043853759766,
            0.0007369518280029297,
            0.0007510185241699219,
            0.000762939453125
        ],
        "average": 0.0008291482925415039,
        "min": 0.0007340908050537109,
        "max": 0.0015561580657958984
    },
    "z26_startup": {
        "class": "Z26",
        "include_startup": true,
        "runs": [
            0.0023500919342041016,
            0.0007832050323486328,
            0.0007610321044921875,
            0.0007550716400146484,
            0.0007278919219970703,
            0.0007469654083251953,
            0.0007350444793701172,
            0.0007219314575195312,
            0.0007259845733642578,
            0.0007250308990478516
        ],
        "average": 0.0009032249450683594,
        "min": 0.0007219314575195312,
        "max": 0.0023500919342041016
    },
    "zin26": {
        "class": "ZIn26",
        "include_startup": false,
        "runs": [
            0.0015609264373779297,
            0.0008099079132080078,
            0.0007770061492919922,
            0.0007839202880859375,
            0.0007631778717041016,
            0.0007760524749755859,
            0.0007879734039306641,
            0.0007801055908203125,
            0.0007891654968261719,
            0.0007710456848144531
        ],
        "average": 0.0008599281311035157,
        "min": 0.0007631778717041016,
        "max": 0.0015609264373779297
    },
    "zin26_startup": {
        "class": "ZIn26",
        "include_startup": true,
        "runs": [
            0.0029990673065185547,
            0.0010221004486083984,
            0.0009899139404296875,
            0.000993967056274414,
            0.0009610652923583984,
            0.000985860824584961,
            0.0009980201721191406,
            0.0010089874267578125,
            0.0009839534759521484,
            0.0009760856628417969
        ],
        "average": 0.0011919021606445312,
        "min": 0.0009610652923583984,
        "max": 0.0029990673065185547
    }
}